Drift (%),Base Shear (kN)
0.0005813953488372081,5.136875041396885
0.0011627906976744173,10.272940710901064
0.0017441860465116268,15.408143691650466
0.002325581395348836,20.542413322771864
0.002906976744186045,25.6756916519812
0.003488372093023254,30.80792795901127
0.004069767441860463,35.93907554061879
0.004651162790697673,41.06909012671614
0.005232558139534882,46.19795851939411
0.005813953488372091,51.32563263812354
0.0063953488372093,56.452118512987404
0.00697674418604651,61.577396172074636
0.00755813953488372,66.70146865526252
0.00813953488372093,71.82432826393743
0.00872093023255814,76.94595310048015
0.00930232558139535,82.06636973922619
0.00988372093023256,87.18554804176061
0.010465116279069769,92.30349917848827
0.01104651162790698,97.4202149301635
0.011627906976744188,102.53135643772792
0.012209302325581399,107.63369369186985
0.012790697674418608,112.7250496064456
0.013372093023255817,117.80656055947671
0.013953488372093028,122.87609754392965
0.014534883720930238,127.93288542398123
0.015116279069767449,132.97477347330616
0.015697674418604656,137.99873105924732
0.016279069767441867,143.0095177020434
0.016860465116279078,148.00989752925193
0.01744186046511629,153.0010577796758
0.018023255813953497,157.98300577315086
0.018604651162790708,162.96059865518396
0.01918604651162792,167.93044128374208
0.019767441860465126,172.8965616816036
0.020348837209302337,177.85401383096945
0.020930232558139545,182.7976202828338
0.021511627906976756,187.7246986307268
0.022093023255813964,192.6295713710818
0.022674418604651175,197.5150973195309
0.023255813953488382,202.3870514791585
0.02383720930232559,207.24057635441253
0.024418604651162797,212.07108117795212
0.025000000000000005,216.8669394618167
0.02558139534883721,221.6506886033521
0.02616279069767442,226.4276865658063
0.026744186046511624,231.18034412653185
0.027325581395348835,235.8826205888809
0.02790697674418604,240.54716487276198
0.02848837209302325,245.1858152084222
0.029069767441860454,249.80562738328746
0.029651162790697665,254.39534673235576
0.03023255813953487,258.94281827894775
0.030813953488372077,263.4697821947443
0.031395348837209285,267.9577240927127
0.03197674418604649,272.42748307280755
0.0325581395348837,276.8667924182624
0.03313953488372091,281.28028077258136
0.033720930232558115,285.67854067641105
0.03430232558139532,290.04784448385584
0.03488372093023252,294.39118793727704
0.03546511627906974,298.70431922871967
0.03604651162790694,303.0006652077593
0.03662790697674415,307.29219757135405
0.03720930232558135,311.5753137673196
0.03779069767441857,315.8431972510571
0.03837209302325577,320.099770665982
0.03895348837209298,324.3520266787207
0.03953488372093018,328.6016925116645
0.04011627906976739,332.84872264378845
0.0406976744186046,337.09014132738474
0.041279069767441806,341.31265157977435
0.041860465116279014,345.5154015950072
0.04244186046511622,349.7113439459664
0.04302325581395343,353.8965244732342
0.043604651162790636,358.04905985260814
0.044186046511627844,362.1605799985563
0.04476744186046505,366.2360846444327
0.04534883720930226,370.28253784968416
0.04593023255813947,374.3054019294264
0.046511627906976674,378.3235375065687
0.04709302325581388,382.3388754030654
0.04767441860465108,386.35221936396755
0.0482558139534883,390.3538320685496
0.048837209302325504,394.3350805590326
0.04941860465116271,398.28856460845395
0.04999999999999991,402.2278167309233
0.05058139534883712,406.157337427696
0.051162790697674335,410.0742357144384
0.05174418604651154,413.9815776701122
0.05232558139534874,417.8661859665806
0.05290697674418595,421.7405921222008
0.053488372093023165,425.6099614504281
0.054069767441860365,429.475771628778
0.05465116279069757,433.3359006532574
0.055232558139534774,437.18309871623745
0.055813953488371995,441.0255673837468
0.056395348837209196,444.8634446305281
0.0569767441860464,448.69536922298954
0.057558139534883604,452.5193137820659
0.05813953488372082,456.3346073412865
0.058720930232558026,460.13463392444936
0.05930232558139523,463.91518702004606
0.059883720930232434,467.66940554819286
0.06046511627906965,471.40375243786343
0.061046511627906856,475.12483849110527
0.06162790697674406,478.83523514572624
0.062209302325581264,482.540397113579
0.06279069767441847,486.2338002860071
0.06337209302325568,489.9109698759824
0.06395348837209289,493.57494972280057
0.0645348837209301,497.2303659691008
0.0651162790697673,500.87835707748553
0.06569767441860451,504.51787821211315
0.06627906976744172,508.15547706497836
0.06686046511627892,511.79192894499397
0.06744186046511613,515.4184654225992
0.06802325581395334,519.0297760143287
0.06860465116279055,522.6323118960761
0.06918604651162776,526.2284202149353
0.06976744186046496,529.818305502754
0.07034883720930217,533.4008684011836
0.07093023255813938,536.976391892427
0.07151162790697659,540.545203460179
0.07209302325581379,544.10917005825
0.072674418604651,547.666755256421
0.07325581395348821,551.199716618032
0.0738372093023254,554.6923650460426
0.07441860465116262,558.1654643168168
0.07499999999999983,561.6284955919664
0.07558139534883704,565.0808622380715
0.07616279069767423,568.5296851312464
0.07674418604651145,571.9640487631874
0.07732558139534866,575.3882019320624
0.07790697674418587,578.8066993981902
0.07848837209302306,582.2132461632036
0.07906976744186028,585.6127135391871
0.07965116279069749,589.0083507692448
0.08023255813953468,592.3978595214866
0.08081395348837189,595.7766384823686
0.08139534883720911,599.1381689860737
0.08197674418604632,602.4914325743234
0.08255813953488352,605.8347828509399
0.08313953488372072,609.1668208752847
0.08372093023255794,612.4894071626059
0.08430232558139514,615.807455514441
0.08488372093023235,619.1206009962048
0.08546511627906955,622.4304725069429
0.08604651162790677,625.7363639476017
0.08662790697674397,629.0290170106394
0.08720930232558118,632.3129230180253
0.08779069767441838,635.5904524743521
0.08837209302325559,638.8651630800982
0.0889534883720928,642.1351810914755
0.08953488372093,645.3898336474216
0.09011627906976721,648.6360091148329
0.09069767441860442,651.8730290361972
0.09127906976744163,655.1013145204429
0.09186046511627884,658.3272141720852
0.09244186046511604,661.5497789838474
0.09302325581395325,664.7644717359035
0.09360465116279046,667.9753745991926
0.09418604651162768,671.1827115144491
0.09476744186046489,674.3863533676653
0.09534883720930211,677.5875281555075
0.09593023255813933,680.7818955704957
0.09651162790697655,683.9739951382255
0.09709302325581376,687.1648098744473
0.097674418604651,690.3541181317925
0.0982558139534882,693.5388705156136
0.09883720930232542,696.7182835136322
0.09941860465116263,699.88913712013
0.09999999999999985,703.0570937042548
0.10058139534883706,706.2209915334148
0.10116279069767428,709.3821232838602
0.1017441860465115,712.5399455386421
0.10232558139534871,715.6839092249062
0.10290697674418595,718.8227860185831
0.10348837209302317,721.9495110110913
0.10406976744186038,725.071144978755
0.1046511627906976,728.1890609840677
0.1052325581395348,731.2951255151285
0.10581395348837203,734.3980230021168
0.10639534883720925,737.493305482489
0.10697674418604645,740.5764083847246
0.10755813953488368,743.6426887382264
0.10813953488372088,746.7016036731917
0.10872093023255812,749.7594396012789
0.10930232558139534,752.8159530463425
0.10988372093023255,755.8708613593066
0.11046511627906977,758.9240698912937
0.11104651162790699,761.9755580732588
0.1116279069767442,765.019476308783
0.11220930232558142,768.058794430108
0.11279069767441863,771.0953144230788
0.11337209302325585,774.1263482762847
0.11395348837209306,777.1531959260853
0.1145348837209303,780.1741039668669
0.11511627906976751,783.1800052478433
0.11569767441860473,786.1790797578199
0.11627906976744194,789.1750446550701
0.11686046511627916,792.1639335444828
0.11744186046511637,795.1497255303277
0.11802325581395359,798.1271441050959
0.11860465116279081,801.0977077265725
0.11918604651162802,804.064547085828
0.11976744186046524,807.0300614276338
0.12034883720930248,809.9940607296882
0.12093023255813969,812.9564810488984
0.12151162790697691,815.916265247846
0.12209302325581411,818.8699427562005
0.12267441860465134,821.812549490228
0.12325581395348856,824.7499648680371
0.12383720930232577,827.6850585649894
0.12441860465116299,830.618156638239
0.1250000000000002,833.5459956221254
0.12558139534883744,836.4603184391766
0.12616279069767464,839.3543907134358
0.12674418604651186,842.2398859931196
0.12732558139534908,845.1237658561298
0.1279069767441863,848.0049050798922
0.12848837209302352,850.8820566670524
0.12906976744186072,853.7542012802161
0.12965116279069794,856.6221416444922
0.13023255813953516,859.48049855287
0.13081395348837238,862.3350666808171
0.1313953488372096,865.1871606178911
0.13197674418604682,868.0360227434226
0.13255813953488405,870.8819634611558
0.13313953488372127,873.721356890693
0.13372093023255846,876.555591236412
0.13430232558139568,879.3878544907908
0.1348837209302329,882.2135126809665
0.13546511627907012,885.0348268776836
0.13604651162790735,887.8546510843819
0.13662790697674454,890.6680193736144
0.1372093023255818,893.4758197251532
0.137790697674419,896.2811405752188
0.1383720930232562,899.0839336335476
0.13895348837209343,901.8843293510034
0.13953488372093065,904.6777661145338
0.14011627906976787,907.458322042274
0.1406976744186051,910.2342876607725
0.14127906976744228,913.006895177843
0.1418604651162795,915.7716303735494
0.14244186046511673,918.5290780411192
0.14302325581395395,921.2815467166984
0.14360465116279117,924.0250421256688
0.1441860465116284,926.7647426690987
0.1447674418604656,929.5014963232197
0.14534883720930283,932.231834622262
0.14593023255814003,934.9588133005889
0.14651162790697725,937.6829303390253
0.14709302325581447,940.4043817253518
0.1476744186046517,943.1183404313286
0.1482558139534889,945.8283755388594
0.14883720930232613,948.5339158633841
0.14941860465116336,951.2290696859712
0.15000000000000058,953.9190321946032
0.15058139534883777,956.607033873558
0.151162790697675,959.2933245699476
0.1517441860465122,961.9764029492159
0.15232558139534944,964.656305131759
0.15290697674418666,967.3333264985688
0.15348837209302385,970.0063709402449
0.15406976744186107,972.6728257455866
0.15465116279069832,975.3359195836767
0.15523255813953551,977.9935927688313
0.15581395348837274,980.646761985889
0.15639534883720996,983.2980443586112
0.15697674418604718,985.9470817432305
0.1575581395348844,988.5937285244279
0.1581395348837216,991.2385536733541
0.15872093023255882,993.8812449572201
0.15930232558139604,996.5171622095852
0.15988372093023326,999.1477757009206
0.16046511627907048,1001.7742063057876
0.1610465116279077,1004.3952143136883
0.16162790697674492,1007.0130034750733
0.16220930232558214,1009.628871304035
0.16279069767441934,1012.2431893363371
0.16337209302325656,1014.8554679651459
0.16395348837209378,1017.4601051246009
0.164534883720931,1020.0606262711705
0.16511627906976822,1022.6573796502742
0.16569767441860545,1025.248876095645
0.16627906976744267,1027.8380381895518
0.1668604651162799,1030.4250981413873
0.16744186046511708,1033.0088340513084
0.1680232558139543,1035.5877913771194
0.16860465116279152,1038.1561504177603
0.16918604651162875,1040.7181577264892
0.16976744186046597,1043.2777338131796
0.17034883720930316,1045.834593942919
0.17093023255814038,1048.3891430337087
0.17151162790697763,1050.9407591814943
0.17209302325581483,1053.4905703263744
0.17267441860465205,1056.03793979087
0.17325581395348927,1058.5787162404126
0.1738372093023265,1061.1147737227457
0.1744186046511637,1063.6482141820427
0.1750000000000009,1066.1787119152807
0.17558139534883813,1068.7055823665378
0.17616279069767535,1071.2275844085198
0.17674418604651257,1073.7467841009316
0.1773255813953498,1076.263956876725
0.177906976744187,1078.7765534603568
0.17848837209302423,1081.284681067262
0.17906976744186145,1083.7904711591125
0.17965116279069865,1086.2940609784528
0.18023255813953587,1088.7892420913884
0.1808139534883731,1091.2791247119821
0.1813953488372103,1093.765830313548
0.18197674418604753,1096.2499317080506
0.18255813953488473,1098.730939597446
0.18313953488372198,1101.208960924359
0.1837209302325592,1103.685501806708
0.1843023255813964,1106.1597966897452
0.1848837209302336,1108.6320369172054
0.18546511627907084,1111.1010932956908
0.18604651162790806,1113.565381309975
0.18662790697674528,1116.0230124954317
0.18720930232558247,1118.4750356685638
0.1877906976744197,1120.9219195099738
0.18837209302325691,1123.3653443003282
0.18895348837209414,1125.805567292939
0.18953488372093136,1128.240258756013
0.19011627906976858,1130.6696592789665
0.1906976744186058,1133.095914962876
0.19127906976744302,1135.5191609031613
0.19186046511628022,1137.9386795082564
0.19244186046511744,1140.3532960887862
0.19302325581395466,1142.7637010520455
0.19360465116279188,1145.171730069207
0.19418604651162907,1147.5775659752805
0.19476744186046632,1149.9806968165144
0.19534883720930354,1152.3781711236454
0.19593023255814074,1154.7670867081297
0.19651162790697796,1157.1491343950204
0.19709302325581515,1159.5227758214323
0.1976744186046524,1161.8882496911608
0.19825581395348962,1164.2441536328818
0.19883720930232684,1166.5909120698504
0.19941860465116407,1168.929769079712
0.20000000000000126,1171.2595774966092
0.2005813953488385,1173.5763837596276
0.2011627906976757,1175.8795628232556
0.20174418604651292,1178.170699336611
0.20232558139535012,1180.445833786262
0.20290697674418737,1182.7006079225416
0.2034883720930246,1184.9373408193294
0.20406976744186178,1187.1553201195202
0.20465116279069903,1189.3523190756348
0.20523255813953623,1191.5334208040438
0.20581395348837345,1193.6942681147505
0.20639534883721064,1195.8336834007807
0.2069767441860479,1197.9553029328667
0.20755813953488508,1200.0630912553722
0.20813953488372233,1202.1530472836523
0.20872093023255955,1204.225700133609
0.20930232558139675,1206.2828324998093
0.209883720930234,1208.326856080904
0.2104651162790712,1210.3556200011599
0.2110465116279084,1212.3685235006128
0.2116279069767456,1214.3652215371976
0.21220930232558285,1216.3465920751291
0.21279069767442005,1218.3145242616013
0.21337209302325727,1220.2689991691186
0.21395348837209446,1222.204660352501
0.2145348837209317,1224.1260649893038
0.21511627906976893,1226.032211751575
0.21569767441860616,1227.9209519227577
0.21627906976744338,1229.8207987453811
0.21686046511628057,1231.7111687045744
0.21744186046511782,1233.584535928658
0.218023255813955,1235.441320715972
0.21860465116279224,1237.3225319094317
0.21918604651162943,1239.219193944382
0.21976744186046668,1241.0985244796893
0.2203488372093039,1242.965072414649
0.2209302325581411,1244.8278658449888
0.22151162790697834,1246.705503825287
0.22209302325581554,1248.569807048735
0.22267441860465276,1250.4215753942321
0.22325581395348995,1252.265196608792
0.2238372093023272,1254.1030720742701
0.2244186046511644,1255.9372690552086
0.22500000000000164,1257.7651925685955
0.22558139534883884,1259.5876595869688
0.22616279069767606,1261.4042280627684
0.2267441860465133,1263.21833283705
0.2273255813953505,1265.0299402674368
0.22790697674418772,1266.839036722702
0.22848837209302492,1268.64544759141
0.22906976744186217,1270.4493476206242
0.22965116279069936,1272.2507889122796
0.23023255813953658,1274.0492825977246
0.23081395348837377,1275.9005500929645
0.23139534883721102,1277.762615180142
0.23197674418604824,1279.6223352537959
0.23255813953488547,1281.4875342485375
0.2331395348837227,1283.3802501178723
0.23372093023255988,1285.281064116081
0.23430232558139713,1287.179008108351
0.23488372093023432,1289.0738828140056
0.23546511627907155,1290.9666539368293
0.23604651162790874,1292.8578124906962
0.236627906976746,1294.749219250843
0.23720930232558318,1296.6400454349896
0.2377906976744204,1298.5285399963363
0.23837209302325765,1300.4147094064833
0.23895348837209485,1302.2993007770608
0.23953488372093207,1304.1828928876268
0.24011627906976926,1306.0641143925286
0.2406976744186065,1307.9502593091345
0.2412790697674437,1309.835678368981
0.24186046511628095,1311.7164243930695
0.24244186046511815,1313.593587740349
0.24302325581395537,1315.4714037320919
0.24360465116279262,1317.351214629891
0.2441860465116298,1319.2281251329384
0.24476744186046703,1321.1107534926507
0.24534883720930423,1322.994946219252
0.24593023255814148,1324.875451243252
0.24651162790697867,1326.7524680557576
0.2470930232558159,1328.6270447018444
0.24767441860465308,1330.5059277398864
0.24825581395349033,1332.3813581454858
0.24883720930232756,1334.252857829603
0.24941860465116478,1336.119260622406
0.250000000000002,1337.9796659876386
0.2505813953488392,1339.8352728811722
0.25116279069767644,1341.6860524809545
0.2517441860465136,1343.532523760399
0.2523255813953509,1345.3753020976842
0.25290697674418805,1347.2140684204892
0.25348837209302527,1349.0486832608772
0.2540697674418625,1350.879545187585
0.2546511627906997,1352.7007797469744
0.25523255813953694,1354.510561526841
0.25581395348837416,1356.3129048745234
0.2563953488372114,1358.109282177314
0.2569767441860486,1359.8998998346565
0.2575581395348858,1361.6738206707448
0.258139534883723,1363.4415913297632
0.25872093023256026,1365.2026620392185
0.25930232558139743,1366.9585317694452
0.2598837209302347,1368.7119578719096
0.26046511627907193,1370.4624452721346
0.2610465116279091,1372.1940581491986
0.26162790697674637,1373.918121422833
0.26220930232558354,1375.6355762756355
0.26279069767442076,1377.347762180096
0.263372093023258,1379.0404769414263
0.2639534883720952,1380.7167062817703
0.2645348837209324,1382.386055613791
0.26511627906976964,1384.0487810830714
0.2656976744186068,1385.7168608492468
0.2662790697674441,1387.3851799517656
0.2668604651162813,1389.0488719998018
0.26744186046511853,1390.7080203136713
0.26802325581395575,1392.361117611391
0.2686046511627929,1394.0141508511851
0.2691860465116302,1395.677500078914
0.26976744186046736,1397.3371643584549
0.2703488372093046,1399.01660988558
0.2709302325581418,1400.6996162998498
0.271511627906979,1402.3821570837276
0.27209302325581625,1404.061879611792
0.27267441860465347,1405.739792198479
0.2732558139534907,1407.4238417070633
0.2738372093023279,1409.1283770360908
0.27441860465116513,1410.8306164463074
0.27500000000000235,1412.5293240639976
0.2755813953488396,1414.224860797781
0.27616279069767674,1415.9085072385838
0.276744186046514,1417.5777546190625
0.2773255813953512,1419.2460924449595
0.2779069767441884,1420.898332934017
0.2784883720930257,1422.5474705538236
0.27906976744186285,1424.1936308523368
0.27965116279070007,1425.836215829139
0.2802325581395373,1427.4617688622777
0.2808139534883745,1429.0677765257665
0.28139534883721173,1430.6601223977427
0.28197674418604896,1432.233934631648
0.2825581395348861,1433.8023148448858
0.2831395348837234,1435.3656353319404
0.2837209302325606,1436.9250859764136
0.28430232558139784,1438.4806755045506
0.28488372093023506,1440.050956125257
0.28546511627907223,1441.6323392544957
0.2860465116279095,1443.2136204578906
0.28662790697674667,1444.7906528851488
0.2872093023255839,1446.363690672884
0.2877906976744211,1447.9343883407896
0.28837209302325834,1449.533886716891
0.28895348837209556,1451.1497035237167
0.2895348837209328,1452.7630517647654
0.29011627906977,1454.3726278619588
0.2906976744186072,1455.9775498008962
0.29127906976744444,1457.5769636362497
0.2918604651162816,1459.171044019203
0.2924418604651189,1460.7593467475112
0.29302325581395605,1462.3434207200646
0.29360465116279333,1463.9223371783744
0.2941860465116305,1465.4957624067813
0.2947674418604677,1467.0664879617843
0.295348837209305,1468.63054508778
0.29593023255814216,1470.1871675407615
0.2965116279069794,1471.7370289589824
0.2970930232558166,1473.2812241261577
0.2976744186046538,1474.821302114714
0.29825581395349104,1476.3567677041315
0.29883720930232827,1477.8914061150488
0.29941860465116543,1479.4224590347205
0.3000000000000027,1480.9478839361714
0.30058139534883993,1482.4669291929433
0.30116279069767715,1483.9795479247953
0.3017441860465144,1485.4875019803083
0.30232558139535154,1486.991026431232
0.3029069767441888,1488.4907134207792
0.303488372093026,1489.9919696195104
0.3040697674418632,1491.4930335936588
0.3046511627907004,1492.9880792250322
0.30523255813953765,1494.4780890628022
0.30581395348837487,1495.9640090864484
0.3063953488372121,1497.4449672115961
0.3069767441860493,1498.9204876074382
0.30755813953488653,1500.3894850693227
0.30813953488372375,1501.85361690503
0.308720930232561,1503.3185915105626
0.3093023255813982,1504.7778245709635
0.30988372093023536,1506.230827167396
0.31046511627907264,1507.6791858074425
0.3110465116279098,1509.1476597684155
0.311627906976747,1510.6126454422413
0.3122093023255843,1512.071588685089
0.31279069767442147,1513.5245351005397
0.3133720930232587,1514.9725196306476
0.3139534883720959,1516.4175317395488
0.31453488372093313,1517.8679531064547
0.31511627906977036,1519.3224085892227
0.3156976744186076,1520.7723125981588
0.31627906976744474,1522.2177222710045
0.316860465116282,1523.6592476757935
0.3174418604651192,1525.0977525066053
0.31802325581395646,1526.5332136946183
0.3186046511627937,1527.9666100943145
0.31918604651163085,1529.3965449462278
0.3197674418604681,1530.8226888153524
0.3203488372093053,1532.2454671463813
0.3209302325581425,1533.666700487872
0.32151162790697974,1535.0881174645745
0.32209302325581696,1536.5082050113617
0.3226744186046542,1537.9287353213278
0.3232558139534914,1539.3463046540926
0.3238372093023286,1540.7606807793243
0.32441860465116584,1542.1726394170107
0.32500000000000306,1543.587167386091
0.32558139534884023,1545.0062331514612
0.3261627906976775,1546.4245446960676
0.3267441860465147,1547.842196602704
0.32732558139535195,1549.2569158042538
0.3279069767441891,1550.6699553504939
0.32848837209302634,1552.1021988124405
0.32906976744186356,1553.5313355877865
0.3296511627907008,1554.957506330831
0.330232558139538,1556.3805171307467
0.3308139534883752,1557.8044418081645
0.33139534883721244,1559.2395035065506
0.33197674418604967,1560.6728230732247
0.3325581395348869,1562.1032923211458
0.33313953488372405,1563.5305218260012
0.33372093023256133,1564.9544668342537
0.3343023255813985,1566.376354297468
0.3348837209302358,1567.7957334904995
0.335465116279073,1569.2125623755846
0.33604651162791016,1570.6264854482206
0.33662790697674744,1572.0387671117237
0.3372093023255846,1573.4490639014844
0.3377906976744218,1574.8565738002096
0.33837209302325905,1576.26161728052
0.33895348837209627,1577.6640288138478
0.3395348837209335,1579.0641186845803
0.3401162790697707,1580.462205427489
0.34069767441860793,1581.8575698220036
0.34127906976744515,1583.2491709340086
0.3418604651162824,1584.6383345024108
0.3424418604651196,1586.0242905184693
0.3430232558139568,1587.4069786196424
0.343604651162794,1588.7862455660718
0.34418604651163126,1590.1625157296612
0.3447674418604684,1591.535900882025
0.34534883720930565,1592.906206226621
0.34593023255814287,1594.273524718344
0.3465116279069801,1595.6389061846944
0.3470930232558173,1597.0086907102823
0.34767441860465453,1598.3756040559445
0.34825581395349176,1599.7397040850597
0.348837209302329,1601.100747471846
0.3494186046511662,1602.4588465385136
0.35000000000000336,1603.8140664546784
0.35058139534884064,1605.1663754326962
0.3511627906976778,1606.519273444433
0.3517441860465151,1607.8696776573283
0.3523255813953523,1609.2168022019923
0.35290697674418947,1610.5604418050375
0.35348837209302675,1611.900728872445
0.3540697674418639,1613.237207420979
0.35465116279070114,1614.5705016659278
0.35523255813953836,1615.9001294223997
0.3558139534883756,1617.226744784323
0.3563953488372128,1618.55309540268
0.35697674418605,1619.8761846195619
0.3575581395348872,1621.195916584611
0.35813953488372446,1622.5124525957012
0.3587209302325617,1623.8261765619995
0.35930232558139885,1625.1367893713782
0.35988372093023613,1626.4439799964964
0.3604651162790733,1627.748207038784
0.36104651162791057,1629.051187089013
0.36162790697674774,1630.3519927116558
0.36220930232558496,1631.6517760108168
0.3627906976744222,1632.948898294184
0.3633720930232594,1634.2432100337105
0.3639534883720966,1635.5346306690797
0.36453488372093384,1636.8231894234773
0.36511627906977107,1638.108572315112
0.3656976744186083,1639.3904288458862
0.3662790697674455,1640.6692848230498
0.3668604651162827,1641.9452861459115
0.36744186046511995,1643.218196982349
0.3680232558139571,1644.4879334812879
0.3686046511627944,1645.756031024618
0.36918604651163156,1647.025591641948
0.3697674418604688,1648.2923092356355
0.37034883720930606,1649.55680730835
0.3709302325581432,1650.8188069500707
0.37151162790698045,1652.0779234582064
0.37209302325581767,1653.3343427096179
0.37267441860465483,1654.5875042171153
0.373255813953492,1655.8377096927902
0.3738372093023292,1657.087085510476
0.3744186046511664,1658.326018878163
0.37500000000000355,1659.5612677274048
0.3755813953488407,1660.793509504038
0.3761627906976779,1662.0227700905575
0.3767441860465151,1663.249267584916
0.37732558139535227,1664.4728783687256
0.37790697674418944,1665.6934701122298
0.3784883720930266,1666.9121223771076
0.37906976744186377,1668.1282455670118
0.37965116279070094,1669.3421914026762
0.38023255813953816,1670.5538051227627
0.3808139534883753,1671.7632772446268
0.3813953488372125,1672.9668929445584
0.38197674418604965,1674.1574731849657
0.3825581395348868,1675.3454589866774
0.38313953488372404,1676.5307431506762
0.3837209302325612,1677.713568024579
0.3843023255813984,1678.8940319217206
0.38488372093023554,1680.0713760865924
0.3854651162790727,1681.2473988518393
0.3860465116279099,1682.4221670482345
0.3866279069767471,1683.595039605406
0.38720930232558426,1684.765879545889
0.3877906976744214,1685.9346603575293
0.3883720930232586,1687.1066632529808
0.3889534883720958,1688.2856936288986
0.3895348837209329,1689.4636642553041
0.39011627906977014,1690.6294951826405
0.39069767441860737,1691.7932624949115
0.3912790697674444,1692.9551793685805
0.39186046511628164,1694.1153436555908
0.3924418604651188,1695.273864277996
0.39302325581395603,1696.43063774391
0.3936046511627932,1697.5861704048364
0.3941860465116303,1698.742604012787
0.3947674418604675,1699.9069467033517
0.3953488372093047,1701.0634484423185
0.3959302325581419,1702.2180105060045
0.3965116279069791,1703.3710373511656
0.3970930232558162,1704.5221851862927
0.3976744186046534,1705.671851751331
0.3982558139534906,1706.8200991506533
0.3988372093023278,1707.9665342868525
0.39941860465116497,1709.111358740082
0.4000000000000021,1710.2548804064454
0.4005813953488393,1711.3981666005664
0.40116279069767646,1712.5460742891187
0.4017441860465137,1713.6999011203156
0.40232558139535085,1714.8527120817732
0.40290697674418796,1716.0043701833306
0.4034883720930252,1717.1548874476387
0.40406976744186235,1718.3040873480957
0.40465116279069957,1719.45223482491
0.40523255813953674,1720.599913821814
0.40581395348837385,1721.7622108076853
0.40639534883721107,1722.9264868685982
0.40697674418604823,1724.0906171801985
0.40755813953488546,1725.2542526473442
0.4081395348837226,1726.4168129605555
0.40872093023255973,1727.5782706422465
0.40930232558139695,1728.738708925235
0.4098837209302341,1729.8982460116954
0.41046511627907134,1731.0567911329777
0.4110465116279085,1732.2154557107895
0.4116279069767456,1733.374133786026
0.41220930232558284,1734.5323804458124
0.41279069767442,1735.6911274455713
0.41337209302325717,1736.8489379981604
0.4139534883720944,1738.006163618032
0.4145348837209315,1739.163481412593
0.41511627906976867,1740.3207810554031
0.4156976744186059,1741.4772550827468
0.41627906976744306,1742.6337360510668
0.4168604651162803,1743.789897958904
0.4174418604651174,1744.945025779316
0.41802325581395455,1746.0990571393813
0.4186046511627918,1747.2528334628553
0.41918604651162894,1748.4057821755982
0.41976744186046616,1749.5574710230944
0.42034883720930327,1750.7081887377205
0.42093023255814044,1751.8579381804052
0.42151162790697766,1753.00678298141
0.4220930232558148,1754.154651645322
0.42267441860465205,1755.3011143806086
0.42325581395348916,1756.4463317417553
0.4238372093023263,1757.5903614862777
0.42441860465116354,1758.7330117104898
0.4250000000000007,1759.8744578850562
0.42558139534883793,1761.0148442028865
0.42616279069767504,1762.154106850199
0.4267441860465122,1763.2924250175115
0.42732558139534943,1764.429714547581
0.4279069767441866,1765.5659803600397
0.4284883720930238,1766.701339298762
0.4290697674418609,1767.8353012037594
0.4296511627906981,1768.968308970726
0.4302325581395353,1770.1001215418967
0.4308139534883725,1771.2307989267729
0.4313953488372097,1772.3601635275754
0.4319767441860468,1773.488024687745
0.432558139534884,1774.6142044734968
0.4331395348837212,1775.7388541642144
0.43372093023255837,1776.8621789313604
0.4343023255813956,1777.9843011731102
0.43488372093023264,1779.105344427728
0.43546511627906986,1780.2253788374505
0.4360465116279071,1781.3445359523294
0.43662790697674425,1782.462747495313
0.4372093023255814,1783.5800002230171
0.4377906976744185,1784.697013636407
0.43837209302325575,1785.8148601330172
0.4389534883720929,1786.931263707962
0.43953488372093014,1788.0463661354704
0.4401162790697673,1789.159846791219
0.4406976744186044,1790.271301879763
0.44127906976744163,1791.381251920913
0.4418604651162788,1792.4894717159393
0.442441860465116,1793.5951173414153
0.4430232558139532,1794.6990567439648
0.4436046511627903,1795.8012763063734
0.4441860465116275,1796.9031766051553
0.4447674418604647,1798.0072312922564
0.4453488372093019,1799.109683280067
0.4459302325581391,1800.2101307741118
0.4465116279069762,1801.3091767729718
0.4470930232558134,1802.4064492680477
0.44767441860465057,1803.501947443669
0.4482558139534878,1804.5958720945623
0.44883720930232496,1805.6882198463754
0.44941860465116207,1806.7789236483266
0.4499999999999993,1807.8680426452977
0.45058139534883646,1808.9551076121147
0.4511627906976737,1810.0411509969554
0.45174418604651084,1811.1267395039833
0.45232558139534795,1812.2109719616253
0.4529069767441852,1813.2929163654653
0.45348837209302234,1814.3727110262316
0.45406976744185956,1815.4499308478905
0.45465116279069673,1816.524588177297
0.45523255813953384,1817.5964728778285
0.45581395348837106,1818.6679763603693
0.4563953488372082,1819.739170368647
0.45697674418604545,1820.807626159631
0.4575581395348826,1821.8735085194512
0.4581395348837197,1822.9367982350807
0.4587209302325569,1823.9969753303346
0.4593023255813941,1825.0557655571438
0.45988372093023133,1826.1120552393882
0.4604651162790685,1827.1654807169998
0.4610465116279056,1828.2170783723393
0.4616279069767428,1829.2658741044204
0.46220930232558,1830.3114333778592
0.46279069767441716,1831.3538485152771
0.4633720930232544,1832.3928869359822
0.4639534883720915,1833.4288100050976
0.46453488372092866,1834.4619927885042
0.4651162790697659,1835.49341260658
0.46569767441860305,1836.522173316386
0.46627906976744027,1837.548752317134
0.4668604651162774,1838.573152024733
0.46744186046511454,1839.5952958838084
0.46802325581395177,1840.6158804012339
0.46860465116278893,1841.6346779820633
0.46918604651162615,1842.651286453869
0.46976744186046326,1843.6658399277164
0.47034883720930043,1844.6783053544057
0.47093023255813765,1845.688819801349
0.4715116279069748,1846.697457923941
0.47209302325581204,1847.7044279471231
0.47267441860464915,1848.709755992044
0.4732558139534863,1849.7133918694349
0.47383720930232354,1850.7153611687422
0.4744186046511607,1851.7155140918362
0.4749999999999979,1852.714065534193
0.47558139534883503,1853.711022282559
0.4761627906976722,1854.7058723884952
0.4767441860465094,1855.6989970155153
0.4773255813953466,1856.6905020100119
0.4779069767441838,1857.68020090763
0.4784883720930209,1858.6682948076466
0.4790697674418581,1859.6547729150802
0.4796511627906953,1860.6495117106483
0.4802325581395325,1861.6512447519242
0.4808139534883697,1862.6514938224755
0.4813953488372068,1863.6503954492773
0.48197674418604397,1864.647924887029
0.48255813953488114,1865.644076777655
0.48313953488371836,1866.639869813133
0.4837209302325556,1867.6348113681602
0.48430232558139263,1868.6285426366246
0.48488372093022986,1869.6244749126715
0.485465116279067,1870.6269529943506
0.48604651162790424,1871.628006822501
0.4866279069767414,1872.627573456042
0.4872093023255785,1873.6256653987452
0.48779069767441574,1874.6222046485443
0.4883720930232529,1875.617787948182
0.48895348837209013,1876.6127377554242
0.4895348837209273,1877.6069232408988
0.4901162790697644,1878.5996939829988
0.4906976744186016,1879.5909586076625
0.4912790697674388,1880.5806802938016
0.491860465116276,1881.5690371731598
0.4924418604651132,1882.5559949320989
0.4930232558139503,1883.5414899547789
0.4936046511627875,1884.525371444612
0.4941860465116247,1885.5074627686124
0.4947674418604619,1886.4880477036772
0.49534883720929906,1887.4673884037495
0.4959302325581362,1888.4451731307129
0.4965116279069734,1889.4221223491054
0.49709302325581056,1890.3980615625978
0.4976744186046478,1891.3725558748927
0.49825581395348495,1892.3455562688696
0.49883720930232206,1893.3170218717337
0.4994186046511593,1894.28681530143
0.49999999999999645,1895.2548937929073
0.5005813953488336,1896.2201017644725
0.5011627906976709,1897.1821768692637
0.501744186046508,1898.1420976641878
0.5023255813953451,1899.1000518441404
0.5029069767441824,1900.0572298046736
0.5034883720930196,1901.0121100914266
0.5040697674418567,1901.9643047467084
0.5046511627906938,1902.9134530093347
0.505232558139531,1903.859644976543
0.5058139534883682,1904.8030779549772
0.5063953488372054,1905.7438710587705
0.5069767441860427,1906.6791012734511
0.5075581395348797,1907.6102718134355
0.5081395348837169,1908.5394199223185
0.508720930232554,1909.4652702931608
0.5093023255813913,1910.3882543595619
0.5098837209302285,1911.3088587999575
0.5104651162790655,1912.2260275611143
0.5110465116279028,1913.13959273173
0.51162790697674,1914.0495842603411
0.5122093023255772,1914.955921173463
0.5127906976744143,1915.858551242338
0.5133720930232515,1916.7572855685708
0.5139534883720887,1917.6522103692057
0.5145348837209258,1918.5438055259042
0.5151162790697631,1919.433686540196
0.5156976744186001,1920.3199851624984
0.5162790697674373,1921.2029983567536
0.5168604651162746,1922.0828621369947
0.5174418604651118,1922.959325835192
0.5180232558139489,1923.8323902670336
0.5186046511627861,1924.702273058838
0.5191860465116233,1925.5692866953482
0.5197674418604604,1926.43336139972
0.5203488372092976,1927.2946771863076
0.5209302325581349,1928.1532327569053
0.5215116279069719,1929.0092806649347
0.5220930232558091,1929.8630995130443
0.5226744186046464,1930.7147599072996
0.5232558139534835,1931.5646054013744
0.5238372093023207,1932.4126427581707
0.5244186046511579,1933.2589625238154
0.524999999999995,1934.1085189386113
0.5255813953488322,1934.9578917829936
0.5261627906976694,1935.8055949743027
0.5267441860465066,1936.6517906752217
0.5273255813953437,1937.5089812876797
0.5279069767441809,1938.3675220564392
0.528488372093018,1939.2247411801932
0.5290697674418553,1940.0806554211767
0.5296511627906925,1940.9361185637958
0.5302325581395295,1941.7931415330243
0.5308139534883668,1942.6489094880924
0.531395348837204,1943.5034051559744
0.5319767441860411,1944.3565359302304
0.5325581395348783,1945.2215632483026
0.5331395348837155,1946.0925622648174
0.5337209302325526,1946.9617225313646
0.5343023255813898,1947.8295387325716
0.5348837209302271,1948.696102666426
0.5354651162790642,1949.5617034914824
0.5360465116279013,1950.4261053203597
0.5366279069767386,1951.2903532984212
0.5372093023255757,1952.1541701865585
0.5377906976744129,1953.016766281079
0.5383720930232501,1953.8781406060923
0.5389534883720872,1954.7382169030589
0.5395348837209244,1955.5970199372834
0.5401162790697616,1956.454528716862
0.5406976744185988,1957.3107530406824
0.541279069767436,1958.1656725641772
0.5418604651162731,1959.019408095347
0.5424418604651103,1959.8720126617416
0.5430232558139475,1960.7241116468674
0.5436046511627847,1961.5751994407115
0.5441860465116218,1962.4250596883276
0.544767441860459,1963.273728699602
0.5453488372092962,1964.1211345941904
0.5459302325581333,1964.9671932105337
0.5465116279069706,1965.8107849796877
0.5470930232558078,1966.6525635519345
0.5476744186046448,1967.492814787737
0.5482558139534821,1968.3315430874945
0.5488372093023193,1969.1687670662827
0.5494186046511564,1970.0045687740562
0.5499999999999936,1970.8387867349886
0.5505813953488308,1971.6715079657115
0.5511627906976679,1972.5028603047137
0.5517441860465051,1973.3328154486571
0.5523255813953423,1974.161458108802
0.5529069767441795,1974.988781209317
0.5534883720930166,1975.8147759940853
0.5540697674418538,1976.639339033138
0.554651162790691,1977.4625401299938
0.5552325581395282,1978.2850310829535
0.5558139534883654,1979.1065928462915
0.5563953488372025,1979.926769702322
0.5569767441860397,1980.7456901810651
0.5575581395348769,1981.562963182224
0.558139534883714,1982.3787282604135
0.5587209302325513,1983.1930553948805
0.5593023255813884,1984.0060687411003
0.5598837209302255,1984.8180190654414
0.5604651162790628,1985.6285820923647
0.5610465116279,1986.4381216277504
0.5616279069767371,1987.24763079268
0.5622093023255743,1988.0554728087257
0.5627906976744115,1988.8620852980046
0.5633720930232486,1989.6674746607355
0.5639534883720858,1990.471453726366
0.5645348837209231,1991.2748974604992
0.5651162790697601,1992.078079237546
0.5656976744185973,1992.8791171625305
0.5662790697674346,1993.6777147474718
0.5668604651162718,1994.474922984142
0.5674418604651089,1995.2707081281503
0.5680232558139461,1996.0650600069334
0.5686046511627832,1996.8580090238963
0.5691860465116204,1997.6496282741857
0.5697674418604576,1998.4410995849303
0.5703488372092949,1999.231482549777
0.5709302325581319,2000.020478789162
0.5715116279069691,2000.807865277043
0.5720930232558064,2001.5936933562093
0.5726744186046435,2002.3779591911273
0.5732558139534807,2003.1608501926148
0.5738372093023179,2003.942329061078
0.574418604651155,2004.72231049176
0.5749999999999922,2005.5007354612962
0.5755813953488293,2006.2777043492172
0.5761627906976665,2007.0531049745973
0.5767441860465037,2007.8269305268252
0.5773255813953408,2008.5993336427787
0.577906976744178,2009.3702586022976
0.5784883720930153,2010.1426412282854
0.5790697674418525,2010.9174402023962
0.5796511627906895,2011.6909435914502
0.5802325581395268,2012.4630573710979
0.580813953488364,2013.2337322486262
0.5813953488372011,2014.0029294718654
0.5819767441860383,2014.7705969229005
0.5825581395348755,2015.5367963197973
0.5831395348837126,2016.3014638094517
0.5837209302325498,2017.064620799587
0.5843023255813871,2017.8261811142534
0.5848837209302242,2018.5861896424503
0.5854651162790613,2019.3446596454166
0.5860465116278986,2020.1014437521687
0.5866279069767357,2020.8565162886582
0.5872093023255729,2021.6101173904144
0.5877906976744101,2022.362209516525
0.5883720930232472,2023.112751152114
0.5889534883720844,2023.8618072144598
0.5895348837209216,2024.6092592179887
0.5901162790697588,2025.355090709527
0.590697674418596,2026.0960591561536
0.591279069767433,2026.8370877906486
0.5918604651162703,2027.5791590506428
0.5924418604651075,2028.319624646885
0.5930232558139447,2029.0569384335167
0.5936046511627818,2029.7915515099455
0.594186046511619,2030.525726774508
0.5947674418604562,2031.2607987436702
0.5953488372092933,2031.994374609275
0.5959302325581306,2032.7263879098364
0.5965116279069678,2033.456665894378
0.5970930232558048,2034.1853140911678
0.5976744186046421,2034.9121030372446
0.5982558139534793,2035.6372278434094
0.5988372093023164,2036.360747363614
0.5994186046511536,2037.0822674911465
0.5999999999999908,2037.8022198862889
0.6005813953488279,2038.520844334425
0.6011627906976651,2039.2377333666436
0.6017441860465023,2039.9528119698407
0.6023255813953395,2040.6662808475212
0.6029069767441766,2041.3779826127861
0.6034883720930138,2042.08793852867
0.604069767441851,2042.7961939907473
0.6046511627906882,2043.502702991139
0.6052325581395254,2044.207496811794
0.6058139534883625,2044.9105634617354
0.6063953488371997,2045.6118342478183
0.6069767441860369,2046.3113768973487
0.607558139534874,2047.009388714316
0.6081395348837113,2047.7069773577612
0.6087209302325484,2048.403139191564
0.6093023255813855,2049.097539988683
0.6098837209302228,2049.790170867313
0.61046511627906,2050.481027206088
0.6110465116278971,2051.169146076911
0.6116279069767343,2051.8541133145727
0.6122093023255715,2052.5388591777623
0.6127906976744086,2053.222320784071
0.6133720930232458,2053.9031725127224
0.6139534883720831,2054.5823276456886
0.6145348837209201,2055.259726243856
0.6151162790697573,2055.935479523405
0.6156976744185946,2056.6095330408616
0.6162790697674317,2057.281891983309
0.6168604651162689,2057.9522711439895
0.6174418604651061,2058.6209383815376
0.6180232558139432,2059.286708216882
0.6186046511627804,2059.9501624510144
0.6191860465116176,2060.6118087018585
0.6197674418604548,2061.271351382837
0.6203488372092919,2061.927553208701
0.6209302325581291,2062.5818087200714
0.6215116279069663,2063.234368328094
0.6220930232558035,2063.883484685863
0.6226744186046407,2064.529687926049
0.6232558139534777,2065.174252885729
0.623837209302315,2065.8168401027265
0.6244186046511522,2066.456611662598
0.6249999999999893,2067.0957355070636
0.6255813953488265,2067.733523469464
0.6261627906976637,2068.369822319004
0.6267441860465008,2069.0054562065734
0.627325581395338,2069.640131905558
0.6279069767441753,2070.2722911543046
0.6284883720930124,2070.9011528920964
0.6290697674418495,2071.529685240455
0.6296511627906868,2072.1587354343283
0.630232558139524,2072.7864678874025
0.6308139534883611,2073.4128787002255
0.6313953488371983,2074.0389691410574
0.6319767441860354,2074.6637321031917
0.6325581395348726,2075.287019715308
0.6331395348837098,2075.90877582956
0.633720930232547,2076.5291369953
0.6343023255813842,2077.1481022883204
0.6348837209302213,2077.7657585793513
0.6354651162790586,2078.3814494431963
0.6360465116278957,2078.995228839602
0.6366279069767329,2079.6061388443627
0.63720930232557,2080.2155910552947
0.6377906976744072,2080.8235466109268
0.6383720930232444,2081.430287075458
0.6389534883720815,2082.035756154699
0.6395348837209188,2082.6394836659424
0.6401162790697559,2083.2416408990243
0.640697674418593,2083.8423452994753
0.6412790697674303,2084.44211193518
0.6418604651162675,2085.041692145011
0.6424418604651047,2085.6399792773145
0.6430232558139417,2086.237337985059
0.643604651162779,2086.833510671228
0.6441860465116162,2087.428470296274
0.6447674418604533,2088.022245496349
0.6453488372092906,2088.6156090207833
0.6459302325581276,2089.2099633212224
0.6465116279069648,2089.803991185958
0.647093023255802,2090.39685546168
0.6476744186046393,2090.9885076406295
0.6482558139534764,2091.5787369979384
0.6488372093023135,2092.167732129136
0.6494186046511508,2092.755819859231
0.6499999999999879,2093.3431702474822
0.6505813953488251,2093.9294472484426
0.6511627906976623,2094.5146272122224
0.6517441860464994,2095.098490084837
0.6523255813953366,2095.6812206671266
0.6529069767441738,2096.2625557346464
0.653488372093011,2096.842437626351
0.6540697674418482,2097.4208507231074
0.6546511627906852,2097.9979013928983
0.6552325581395225,2098.5747435207813
0.6558139534883597,2099.1516718116363
0.6563953488371969,2099.727440758376
0.656976744186034,2100.30203070806
0.6575581395348712,2100.8753560044333
0.6581395348837084,2101.450089375459
0.6587209302325455,2102.024636048559
0.6593023255813828,2102.598096344963
0.65988372093022,2103.1711411980173
0.660465116279057,2103.744219196266
0.6610465116278943,2104.3162162955578
0.6616279069767315,2104.8873826451286
0.6622093023255686,2105.4575397401395
0.6627906976744058,2106.0268658567184
0.663372093023243,2106.595212379965
0.6639534883720801,2107.1624242181792
0.6645348837209173,2107.728394174173
0.6651162790697546,2108.292970821474
0.6656976744185917,2108.855972725198
0.6662790697674288,2109.417297077578
0.666860465116266,2109.976905403793
0.6674418604651032,2110.5348119044224
0.6680232558139404,2111.091365612513
0.6686046511627776,2111.6466551421395
0.6691860465116147,2112.2020616490895
0.6697674418604519,2112.7560802016437
0.6703488372092891,2113.308719482618
0.6709302325581262,2113.859981405153
0.6715116279069635,2114.409854668776
0.6720930232558006,2114.958250618598
0.6726744186046377,2115.5051175958642
0.673255813953475,2116.0504878726215
0.6738372093023122,2116.5943665487007
0.6744186046511493,2117.1367257120496
0.6749999999999865,2117.6775173999454
0.6755813953488237,2118.2166141102475
0.6761627906976608,2118.75401575855
0.676744186046498,2119.2900326472472
0.6773255813953353,2119.8246753755366
0.6779069767441723,2120.3577236004057
0.6784883720930095,2120.8870674117907
0.6790697674418468,2121.410968356276
0.6796511627906839,2121.9335140292355
0.6802325581395211,2122.454045913237
0.6808139534883583,2122.9725378553035
0.6813953488371954,2123.489175769274
0.6819767441860326,2124.0045742133575
0.6825581395348698,2124.5184996674993
0.683139534883707,2125.0309415394263
0.6837209302325441,2125.541987247799
0.6843023255813813,2126.0491504586316
0.6848837209302185,2126.5503410077613
0.6854651162790557,2127.0499161773346
0.6860465116278929,2127.5554492956603
0.68662790697673,2128.0592536194317
0.6872093023255672,2128.562683392486
0.6877906976744044,2129.0658621917287
0.6883720930232415,2129.567043059931
0.6889534883720788,2130.066122143145
0.6895348837209159,2130.5629506631135
0.690116279069753,2131.059502578083
0.6906976744185902,2131.5601579420363
0.6912790697674275,2132.0619983272886
0.6918604651162646,2132.5619538382416
0.6924418604651017,2133.060033439533
0.693023255813939,2133.555998862326
0.6936046511627761,2134.0498945050526
0.6941860465116133,2134.5416436415003
0.6947674418604505,2135.031249610945
0.6953488372092876,2135.518727312878
0.6959302325581248,2136.004578221783
0.696511627906962,2136.488689174907
0.6970930232557992,2136.970960088713
0.6976744186046364,2137.4512142045455
0.6982558139534735,2137.92926982094
0.6988372093023107,2138.4051592035703
0.6994186046511479,2138.879082039126
0.6999999999999851,2139.3508731518095
0.7005813953488222,2139.8209607545655
0.7011627906976594,2140.2896412699724
0.7017441860464966,2140.756655891571
0.7023255813953337,2141.221846163054
0.702906976744171,2141.685210443764
0.7034883720930082,2142.1468174491497
0.7040697674418452,2142.6066818251934
0.7046511627906825,2143.065483916131
0.7052325581395197,2143.5225193163287
0.7058139534883568,2143.9777231394373
0.706395348837194,2144.4316486741263
0.7069767441860312,2144.8835750585763
0.7075581395348683,2145.333690595635
0.7081395348837055,2145.7830971711655
0.7087209302325428,2146.2308955721746
0.70930232558138,2146.677128307473
0.709883720930217,2147.1220078701813
0.7104651162790543,2147.5670607963048
0.7110465116278915,2148.011083008391
0.7116279069767286,2148.4543184171803
0.7122093023255658,2148.896343630489
0.712790697674403,2149.336814159286
0.7133720930232401,2149.7778848091057
0.7139534883720773,2150.2205869534923
0.7145348837209144,2150.6620744253223
0.7151162790697517,2151.1035174714857
0.7156976744185888,2151.5435836632037
0.716279069767426,2151.982190155206
0.7168604651162632,2152.419478464854
0.7174418604651004,2152.8556882310345
0.7180232558139376,2153.292544982028
0.7186046511627747,2153.7288699340393
0.7191860465116119,2154.165592628077
0.719767441860449,2154.6023213648555
0.7203488372092862,2155.038004435023
0.7209302325581235,2155.4724688240913
0.7215116279069606,2155.905460843875
0.7220930232557977,2156.337352269739
0.722674418604635,2156.7691921322835
0.7232558139534722,2157.2007661643643
0.7238372093023093,2157.631136667017
0.7244186046511465,2158.0599898304326
0.7249999999999837,2158.487742006434
0.7255813953488208,2158.914656301243
0.726162790697658,2159.3405596230605
0.7267441860464953,2159.7654175444814
0.7273255813953323,2160.189161724475
0.7279069767441695,2160.612387799547
0.7284883720930068,2161.0354415421084
0.7290697674418439,2161.45826081677
0.7296511627906811,2161.8801314694024
0.7302325581395183,2162.301778650734
0.7308139534883554,2162.7229354781903
0.7313953488371926,2163.1434381604877
0.7319767441860298,2163.563514574975
0.732558139534867,2163.9825721648454
0.7331395348837041,2164.4006754184657
0.7337209302325413,2164.8177966064086
0.7343023255813785,2165.2342735011757
0.7348837209302157,2165.6498495121887
0.7354651162790529,2166.0639198840445
0.73604651162789,2166.4772352357936
0.7366279069767272,2166.8891633545395
0.7372093023255644,2167.3000865326285
0.7377906976744015,2167.7102103668517
0.7383720930232387,2168.1195217125974
0.7389534883720759,2168.5286636342194
0.739534883720913,2168.93722877604
0.7401162790697502,2169.3449137283537
0.7406976744185875,2169.751933426155
0.7412790697674246,2170.1585478053444
0.7418604651162617,2170.564874359348
0.742441860465099,2170.971475229133
0.7430232558139361,2171.377248665407
0.7436046511627733,2171.782197165904
0.7441860465116105,2172.1864324757985
0.7447674418604477,2172.5902450097915
0.7453488372092849,2172.9938578845304
0.7459302325581221,2173.3975051189236
0.7465116279069592,2173.801385350626
0.7470930232557964,2174.2048075464427
0.7476744186046336,2174.607421116803
0.7482558139534707,2175.009242865555
0.748837209302308,2175.4106759932647
0.7494186046511452,2175.8130353106653
0.7499999999999822,2176.2147357460144
0.7505813953488195,2176.6158439982414
0.7511627906976567,2177.016214161255
0.7517441860464938,2177.4159044720172
0.752325581395331,2177.815993055528
0.7529069767441682,2178.2169344820754
0.7534883720930053,2178.617692720207
0.7540697674418425,2179.0178635838233
0.7546511627906798,2179.417456618296
0.755232558139517,2179.8168187495235
0.755813953488354,2180.2152703372003
0.7563953488371913,2180.6129749670913
0.7569767441860284,2181.01073007556
0.7575581395348656,2181.408268478847
0.7581395348837028,2181.8051501707505
0.75872093023254,2182.2012590570484
0.7593023255813771,2182.596427474038
0.7598837209302143,2182.990743768147
0.7604651162790516,2183.385276625042
0.7610465116278887,2183.780407714867
0.7616279069767258,2184.1750746028624
0.7622093023255629,2184.5688659936654
0.7627906976744002,2184.961822686596
0.7633720930232374,2185.3540175442286
0.7639534883720746,2185.745361062279
0.7645348837209117,2186.13600131522
0.7651162790697489,2186.527008943717
0.765697674418586,2186.9187766597674
0.7662790697674232,2187.309962182255
0.7668604651162605,2187.7003932856805
0.7674418604650975,2188.0900173387236
0.7680232558139347,2188.478768643339
0.768604651162772,2188.8664773023775
0.7691860465116092,2189.2535209187577
0.7697674418604463,2189.6398935444045
0.7703488372092835,2190.025540437469
0.7709302325581207,2190.4103057097655
0.7715116279069578,2190.7942420649892
0.772093023255795,2191.177341408963
0.7726744186046323,2191.559584863689
0.7732558139534693,2191.941088273003
0.7738372093023065,2192.3217675372953
0.7744186046511438,2192.7015413652207
0.7749999999999809,2193.0809589737596
0.7755813953488181,2193.459965223736
0.7761627906976553,2193.8382102237697
0.7767441860464924,2194.215318790862
0.7773255813953296,2194.591611852485
0.7779069767441668,2194.967153961153
0.778488372093004,2195.341107893865
0.7790697674418411,2195.7141283219694
0.7796511627906783,2196.085928935054
0.7802325581395155,2196.4571185560053
0.7808139534883527,2196.82755446172
0.7813953488371899,2197.1970724674325
0.781976744186027,2197.565603423502
0.7825581395348643,2197.933099047078
0.7831395348837015,2198.2996296374995
0.7837209302325385,2198.6651172368597
0.7843023255813757,2199.0294537018717
0.7848837209302129,2199.3926835040165
0.78546511627905,2199.7547841233404
0.7860465116278872,2200.115768724667
0.7866279069767245,2200.4757632088517
0.7872093023255616,2200.834818422774
0.7877906976743988,2201.1930030086546
0.7883720930232361,2201.5502092010065
0.7889534883720732,2201.9073106362202
0.7895348837209102,2202.263640083701
0.7901162790697475,2202.6189033093033
0.7906976744185846,2202.973059328995
0.7912790697674218,2203.3267165628304
0.791860465116259,2203.680330561765
0.7924418604650962,2204.033349128854
0.7930232558139334,2204.385856969682
0.7936046511627706,2204.737955636332
0.7941860465116077,2205.0892055691806
0.794767441860445,2205.439337665834
0.795348837209282,2205.7898823170776
0.7959302325581192,2206.1398966076704
0.7965116279069564,2206.4887714398637
0.7970930232557936,2206.8364686493646
0.7976744186046307,2207.1831486911133
0.798255813953468,2207.5288889371955
0.7988372093023052,2207.873554662084
0.7994186046511423,2208.2170774892934
0.7999999999999795,2208.5594698721
0.8005813953488166,2208.9007162040225
0.8011627906976537,2209.240809281725
0.801744186046491,2209.579714475553
0.8023255813953282,2209.917446146377
0.8029069767441653,2210.2540168875357
0.8034883720930025,2210.5894193014246
0.8040697674418398,2210.923693512582
0.8046511627906769,2211.2569420594714
0.8052325581395141,2211.5888820876157
0.8058139534883513,2211.919556878919
0.8063953488371883,2212.247781949303
0.8069767441860255,2212.5742020292805
0.8075581395348628,2212.899439774734
0.8081395348836999,2213.2235382360677
0.8087209302325371,2213.546370324015
0.8093023255813743,2213.8677769952305
0.8098837209302114,2214.187192645659
0.8104651162790487,2214.50469213899
0.8110465116278859,2214.8209370038944
0.811627906976723,2215.1359576585555
0.8122093023255601,2215.4497764639264
0.8127906976743973,2215.7623727156315
0.8133720930232344,2216.073790007117
0.8139534883720717,2216.384053450077
0.8145348837209089,2216.693166388476
0.815116279069746,2217.00146745985
0.8156976744185832,2217.309052203466
0.8162790697674205,2217.6156369459186
0.8168604651162577,2217.9210308979423
0.8174418604650948,2218.2252420254654
0.8180232558139319,2218.5282145981046
0.818604651162769,2218.829648403609
0.8191860465116062,2219.1297135555824
0.8197674418604435,2219.428309214275
0.8203488372092806,2219.7258686338187
0.8209302325581178,2220.0225596821365
0.821511627906955,2220.3182461044325
0.8220930232557923,2220.6132527251784
0.8226744186046294,2220.9071236637583
0.8232558139534666,2221.1999387595483
0.8238372093023036,2221.491621930231
0.8244186046511408,2221.7825902058676
0.824999999999978,2222.0724655218723
0.8255813953488153,2222.361168380975
0.8261627906976524,2222.6488824321673
0.8267441860464896,2222.9359793294802
0.8273255813953267,2223.2222734028555
0.827906976744164,2223.5074230357372
0.8284883720930012,2223.792103800562
0.8290697674418384,2224.0759266685927
0.8296511627906754,2224.358592745805
0.8302325581395126,2224.638608932796
0.8308139534883497,2224.9174404782407
0.831395348837187,2225.1952615741798
0.8319767441860242,2225.471711005343
0.8325581395348614,2225.746841756431
0.8331395348836985,2226.021000370506
0.8337209302325357,2226.2953879889706
0.834302325581373,2226.568730632327
0.8348837209302101,2226.8410263027386
0.8354651162790472,2227.112616933738
0.8360465116278843,2227.3830090138626
0.8366279069767215,2227.6523735242718
0.8372093023255587,2227.9207426136063
0.837790697674396,2228.1896368014595
0.8383720930232331,2228.458271120332
0.8389534883720703,2228.7259026252277
0.8395348837209075,2228.9924312923936
0.8401162790697447,2229.2578524678524
0.8406976744185819,2229.5221718616817
0.841279069767419,2229.7854220908985
0.8418604651162561,2230.0474893314085
0.8424418604650933,2230.308326062757
0.8430232558139304,2230.5679111124923
0.8436046511627677,2230.826448315308
0.8441860465116049,2231.0839061131683
0.8447674418604421,2231.340189024193
0.8453488372092792,2231.5952851700968
0.8459302325581165,2231.849231402607
0.8465116279069537,2232.1019782874127
0.8470930232557907,2232.353489635182
0.8476744186046279,2232.6037497925527
0.848255813953465,2232.8523759090517
0.8488372093023022,2233.0988935113846
0.8494186046511395,2233.343463763586
0.8499999999999767,2233.5868343640327
0.8505813953488138,2233.8289805738978
0.851162790697651,2234.070004978375
0.8517441860464883,2234.3097998721782
0.8523255813953254,2234.5483327108395
0.8529069767441624,2234.7854628761866
0.8534883720929997,2235.0209293780313
0.8540697674418368,2235.2548312535737
0.854651162790674,2235.4871533777805
0.8552325581395113,2235.7172712341376
0.8558139534883484,2235.944640021174
0.8563953488371856,2236.170307121073
0.8569767441860228,2236.3946833121013
0.8575581395348599,2236.617802276936
0.8581395348836972,2236.8395364252497
0.8587209302325342,2237.0595545819738
0.8593023255813714,2237.2775888623196
0.8598837209302086,2237.493555855017
0.8604651162790458,2237.707509395056
0.8610465116278829,2237.9193031399245
0.8616279069767202,2238.1287984801284
0.8622093023255574,2238.3360992957964
0.8627906976743945,2238.541386259891
0.8633720930232317,2238.7443023939113
0.863953488372069,2238.9451721791065
0.8645348837209059,2239.143742521744
0.8651162790697432,2239.3399296539324
0.8656976744185804,2239.5335834580505
0.8662790697674175,2239.7245448773165
0.8668604651162547,2239.912692332333
0.867441860465092,2240.098314587494
0.8680232558139291,2240.2811327287995
0.8686046511627663,2240.4605500430903
0.8691860465116035,2240.6369513847217
0.8697674418604407,2240.809942522061
0.8703488372092777,2240.9795586931846
0.870930232558115,2241.1434124507746
0.8715116279069521,2241.3022975418276
0.8720930232557893,2241.4550018427963
0.8726744186046265,2241.5868523840527
0.8732558139534637,2241.716326296813
0.8738372093023009,2241.84301119722
0.8744186046511381,2241.9666104915677
0.8749999999999752,2242.0775322738286
0.8755813953488125,2242.1812772235826
0.8761627906976495,2242.2831163407204
0.8767441860464866,2242.3820023171393
0.8773255813953239,2242.4776064927296
0.8779069767441611,2242.5707694654793
0.8784883720929982,2242.66143836501
0.8790697674418355,2242.749700078788
0.8796511627906727,2242.8356280759604
0.8802325581395098,2242.9186592436445
0.880813953488347,2242.997650753681
0.8813953488371842,2243.072942766094
0.8819767441860212,2243.1452437943976
0.8825581395348584,2243.2143433301717
0.8831395348836957,2243.279114559475
0.8837209302325328,2243.3259847669674
0.88430232558137,2243.3692006257497
0.8848837209302072,2243.409542708332
0.8854651162790445,2243.447207067855
0.8860465116278816,2243.4742549791267
0.8866279069767188,2243.496584537694
0.887209302325556,2243.51717387912
0.887790697674393,2243.5354660121793
0.8883720930232302,2243.552047762808
0.8889534883720674,2243.5668451326765
0.8895348837209046,2243.580118705753
0.8901162790697418,2243.5914939944605
0.8906976744185789,2243.6008554686537
0.8912790697674162,2243.6333631723987
0.8918604651162534,2243.6892625341607
0.8924418604650906,2243.7429734597663
0.8930232558139277,2243.7941766518584
0.8936046511627648,2243.854028465327
0.8941860465116019,2243.9338268752836
0.8947674418604392,2244.0113728151196
0.8953488372092764,2244.0860550597395
0.8959302325581135,2244.1578236121163
0.8965116279069507,2244.226394652629
0.897093023255788,2244.278217432219
0.8976744186046252,2244.320466973083
0.8982558139534623,2244.3587493904115
0.8988372093022995,2244.395079195613
0.8994186046511365,2244.428369249222
0.8999999999999737,2244.449672699039
0.9005813953488109,2244.4656124479134
0.9011627906976482,2244.480773696518
0.9017441860464853,2244.494796381528
0.9023255813953225,2244.507760593594
0.9029069767441598,2244.5198933139745
0.9034883720929969,2244.5414950475006
0.9040697674418341,2244.5650735584672
0.9046511627906713,2244.5984487924916
0.9052325581395083,2244.6622696459294
0.9058139534883455,2244.729127998492
0.9063953488371826,2244.799601508033
0.9069767441860199,2244.880468398136
0.9075581395348571,2244.9759722001545
0.9081395348836943,2245.070470263219
0.9087209302325314,2245.163885693673
0.9093023255813687,2245.2562562055405
0.9098837209302059,2245.344724508591
0.910465116279043,2245.430712715538
0.9110465116278801,2245.515434526055
0.9116279069767173,2245.5974292716105
0.9122093023255544,2245.6745194686914
0.9127906976743917,2245.749631352541
0.9133720930232289,2245.822684438279
0.913953488372066,2245.904270721727
0.9145348837209032,2245.98622071888
0.9151162790697405,2246.06680386719
0.9156976744185776,2246.187158665322
0.9162790697674148,2246.3119586601956
0.9168604651162519,2246.440388757314
0.917441860465089,2246.5671504652105
0.9180232558139262,2246.6878113469265
0.9186046511627635,2246.831951483674
0.9191860465116006,2246.98725489502
0.9197674418604378,2247.1410483637483
0.920348837209275,2247.2916892083767
0.9209302325581122,2247.443411451287
0.9215116279069494,2247.5934084413093
0.9220930232557865,2247.741605420304
0.9226744186046236,2247.8879481183635
0.9232558139534608,2248.032521535062
0.923837209302298,2248.175328967673
0.9244186046511351,2248.3160042075365
0.9249999999999724,2248.454598152315
0.9255813953488096,2248.59105760951
0.9261627906976467,2248.7176969862567
0.926744186046484,2248.841267044452
0.9273255813953212,2248.9635291429813
0.9279069767441581,2249.0841806913677
0.9284883720929954,2249.2031836725455
0.9290697674418326,2249.3225266021136
0.9296511627906697,2249.454806993303
0.9302325581395069,2249.593022202106
0.9308139534883442,2249.7296165502507
0.9313953488371813,2249.8645999017835
0.9319767441860185,2249.99579141495
0.9325581395348557,2250.1254190492978
0.933139534883693,2250.258919319312
0.9337209302325299,2250.3919200090795
0.9343023255813672,2250.5244860956927
0.9348837209302043,2250.656511072437
0.9354651162790415,2250.7879413686896
0.9360465116278787,2250.918937791829
0.9366279069767159,2251.0492214802694
0.9372093023255531,2251.177901102893
0.9377906976743903,2251.305752452179
0.9383720930232274,2251.43295209263
0.9389534883720647,2251.5587799339964
0.9395348837209017,2251.6838996937367
0.9401162790697389,2251.811281786071
0.9406976744185761,2251.9479185034593
0.9412790697674133,2252.08397316755
0.9418604651162504,2252.219535474648
0.9424418604650877,2252.3547860768663
0.9430232558139249,2252.4895291293615
0.943604651162762,2252.6271552485455
0.9441860465115992,2252.7693355419633
0.9447674418604365,2252.9111787947068
0.9453488372092734,2253.052616362947
0.9459302325581107,2253.210192067395
0.9465116279069479,2253.3726289258534
0.947093023255785,2253.531447826564
0.9476744186046222,2253.6895526193875
0.9482558139534594,2253.8469420982815
0.9488372093022966,2254.0037782211125
0.9494186046511338,2254.1600503219993
0.949999999999971,2254.3157188582823
0.9505813953488083,2254.470707451539
0.9511627906976452,2254.6249032670326
0.9517441860464824,2254.77849436381
0.9523255813953196,2254.9414659313206
0.9529069767441568,2255.1267633257607
0.953488372092994,2255.305937300811
0.9540697674418311,2255.484460604891
0.9546511627906684,2255.662146478141
0.9552325581395056,2255.839075316717
0.9558139534883427,2256.0142421773503
0.9563953488371799,2256.187724890587
0.956976744186017,2256.360233115071
0.9575581395348541,2256.5315280501945
0.9581395348836914,2256.700545195088
0.9587209302325286,2256.8681103750164
0.9593023255813657,2257.034950448537
0.9598837209302029,2257.2005304014574
0.9604651162790402,2257.365280234607
0.9610465116278774,2257.5292589878945
0.9616279069767145,2257.6958536702427
0.9622093023255517,2257.8643705884383
0.9627906976743887,2258.0321158163365
0.9633720930232259,2258.1991262229144
0.9639534883720632,2258.365317338657
0.9645348837209003,2258.530848385425
0.9651162790697375,2258.696213236883
0.9656976744185747,2258.8609342316154
0.966279069767412,2259.024957074587
0.9668604651162491,2259.1882775255176
0.9674418604650863,2259.3495610894843
0.9680232558139235,2259.5045081529806
0.9686046511627605,2259.661118225599
0.9691860465115977,2259.8185806674996
0.969767441860435,2259.975466929573
0.9703488372092721,2260.132102266617
0.9709302325581093,2260.2881245621415
0.9715116279069465,2260.443364232837
0.9720930232557836,2260.597774346535
0.9726744186046209,2260.750373124196
0.9732558139534581,2260.901906332952
0.9738372093022952,2261.058855733939
0.9744186046511323,2261.2151968100134
0.9749999999999694,2261.370337226548
0.9755813953488066,2261.5249410794872
0.9761627906976439,2261.6788461655037
0.976744186046481,2261.832061466821
0.9773255813953182,2261.9845765258647
0.9779069767441554,2262.1363783487004
0.9784883720929927,2262.287480596417
0.9790697674418298,2262.4377378878576
0.979651162790667,2262.5870466398223
0.980232558139504,2262.7350471692444
0.9808139534883412,2262.88253027448
0.9813953488371784,2263.0391477796884
0.9819767441860157,2263.1945807106495
0.9825581395348528,2263.34569660726
0.98313953488369,2263.4897688739766
0.9837209302325272,2263.6329782562952
0.9843023255813644,2263.772266175716
0.9848837209302016,2263.9078095604445
0.9854651162790388,2264.042594571532
0.9860465116278758,2264.1766840245164
0.986627906976713,2264.3100143329348
0.9872093023255502,2264.4420674542553
0.9877906976743874,2264.573293110205
0.9883720930232246,2264.70385338403
0.9889534883720618,2264.833680915246
0.9895348837208989,2264.962757927058
0.9901162790697362,2265.091038514436
0.9906976744185734,2265.2187639297767
0.9912790697674105,2265.3458800913377
0.9918604651162476,2265.4723773356445
0.9924418604650848,2265.597614042088
0.9930232558139219,2265.719000333223
0.9936046511627592,2265.837373003761
0.9941860465115964,2265.954983960769
0.9947674418604335,2266.069029922675
0.9953488372092707,2266.181780274407
0.9959302325581079,2266.2937790728406
0.9965116279069451,2266.4050371674994
0.9970930232557823,2266.515519596618
0.9976744186046194,2266.625210495775
0.9982558139534565,2266.734086132202
0.9988372093022937,2266.8421685123594
0.9994186046511309,2266.9494230865043
0.9999999999999681,2267.055850831707
1.0005813953488052,2267.161497682329
1.0011627906976426,2267.266484974628
1.0017441860464797,2267.370685661297
1.002325581395317,2267.473360504868
1.002906976744154,2267.574763089664
1.003488372092991,2267.675347498818
1.0040697674418282,2267.7752051439256
1.0046511627906656,2267.874397803563
1.0052325581395027,2267.972089687808
1.00581395348834,2268.0682536617646
1.006395348837177,2268.163613587096
1.0069767441860142,2268.2581857773557
1.0075581395348514,2268.351933393236
1.0081395348836886,2268.4448545048404
1.0087209302325257,2268.5370419336336
1.009302325581363,2268.6286173583085
1.0098837209302,2268.719669484511
1.0104651162790372,2268.809532277882
1.0110465116278744,2268.8988415031668
1.0116279069767116,2268.987232131555
1.0122093023255487,2269.0746798055925
1.0127906976743861,2269.161170200236
1.0133720930232233,2269.2468434757575
1.0139534883720605,2269.331668804204
1.0145348837208976,2269.4156213859446
1.0151162790697346,2269.4987702413855
1.0156976744185717,2269.58110984859
1.0162790697674091,2269.6595487065124
1.0168604651162463,2269.7345609002045
1.0174418604650834,2269.8086404805426
1.0180232558139206,2269.8818005411304
1.0186046511627578,2269.9541570232414
1.019186046511595,2270.0256455469357
1.0197674418604321,2270.0962253936495
1.0203488372092693,2270.166121377584
1.0209302325581064,2270.2286908709857
1.0215116279069436,2270.28785371702
1.0220930232557808,2270.3463993660184
1.022674418604618,2270.4039027174067
1.023255813953455,2270.4603263483095
1.0238372093022923,2270.515760930096
1.0244186046511294,2270.5700965795586
1.0249999999999668,2270.623357196886
1.025581395348804,2270.675600663715
1.0261627906976412,2270.7269516262268
1.026744186046478,2270.7774039712017
1.0273255813953153,2270.8268633537705
1.0279069767441524,2270.875131237106
1.0284883720929898,2270.92218930568
1.029069767441827,2270.968077671298
1.0296511627906642,2271.012716306249
1.0302325581395013,2271.0560096162185
1.0308139534883385,2271.0981160649717
1.0313953488371757,2271.1387727826
1.0319767441860128,2271.1779849006507
1.03255813953485,2271.215840405868
1.0331395348836871,2271.252306957591
1.0337209302325243,2271.287536485777
1.0343023255813615,2271.3215280437557
1.0348837209301986,2271.3541354289114
1.0354651162790358,2271.3851644024107
1.036046511627873,2271.414532851842
1.0366279069767104,2271.442380932476
1.0372093023255475,2271.4687078849706
1.0377906976743847,2271.4892842350287
1.0383720930232216,2271.5078919706457
1.0389534883720588,2271.525378378105
1.039534883720896,2271.5414031675064
1.0401162790697334,2271.5557001573966
1.0406976744185705,2271.5683031716553
1.0412790697674077,2271.5710203933295
1.0418604651162449,2271.572628934365
1.042441860465082,2271.5731400013865
1.0430232558139192,2271.5725171874437
1.0436046511627564,2271.5707270028356
1.0441860465115935,2271.567875001419
1.0447674418604307,2271.563848028719
1.0453488372092679,2271.558606572332
1.045930232558105,2271.5521385956813
1.0465116279069422,2271.544420824132
1.0470930232557794,2271.535545820544
1.0476744186046165,2271.5255927437274
1.0482558139534537,2271.5143037564567
1.048837209302291,2271.5016919469576
1.049418604651128,2271.4877783256275
1.0499999999999652,2271.4723096258026
1.0505813953488023,2271.4529254684294
1.0511627906976395,2271.428941699753
1.0517441860464767,2271.403728881229
1.052325581395314,2271.3712856083243
1.0529069767441512,2271.3353708883888
1.0534883720929884,2271.2986252752016
1.0540697674418256,2271.2610880466464
1.0546511627906627,2271.222829888987
1.0552325581394997,2271.183701162226
1.055813953488337,2271.1436964097475
1.0563953488371742,2271.102979198728
1.0569767441860114,2271.061341479297
1.0575581395348486,2271.01875817585
1.0581395348836857,2270.9753347952533
1.058720930232523,2270.931158230692
1.05930232558136,2270.883817566376
1.0598837209301972,2270.830884216968
1.0604651162790346,2270.7772306509582
1.0610465116278716,2270.722865073651
1.0616279069767087,2270.6676938416886
1.062209302325546,2270.611536036043
1.062790697674383,2270.5546385544953
1.0633720930232202,2270.4969799003975
1.0639534883720576,2270.43853423511
1.0645348837208948,2270.3793846385074
1.065116279069732,2270.319483905197
1.065697674418569,2270.255536315045
1.0662790697674063,2270.1892889714272
1.0668604651162432,2270.122321342389
1.0674418604650804,2270.054722376795
1.0680232558139178,2269.98657572063
1.068604651162755,2269.9180030376774
1.069186046511592,2269.8490934097117
1.0697674418604293,2269.780017312634
1.0703488372092664,2269.710385585939
1.0709302325581036,2269.6400164082565
1.0715116279069408,2269.569078531921
1.072093023255778,2269.4973664695417
1.072674418604615,2269.4249540744236
1.0732558139534523,2269.3516544433182
1.0738372093022894,2269.2774952040913
1.0744186046511266,2269.202676129504
1.0749999999999638,2269.1271027177563
1.075581395348801,2269.0510265309717
1.0761627906976383,2268.974303820426
1.0767441860464755,2268.897158422303
1.0773255813953126,2268.8193127129725
1.0779069767441498,2268.7407626924746
1.0784883720929868,2268.6615182645746
1.079069767441824,2268.5817355395766
1.0796511627906613,2268.501298993805
1.0802325581394985,2268.420168070901
1.0808139534883356,2268.338300423861
1.0813953488371728,2268.2556999980434
1.08197674418601,2268.172357951686
1.0825581395348471,2268.0882310011375
1.0831395348836843,2268.0033390123986
1.0837209302325215,2267.9176989335087
1.0843023255813586,2267.831282194821
1.0848837209301958,2267.7438274871806
1.085465116279033,2267.654641783213
1.0860465116278701,2267.564668786203
1.0866279069767073,2267.4738920719415
1.0872093023255445,2267.3822956813374
1.0877906976743819,2267.2898791759317
1.088372093023219,2267.196483556918
1.0889534883720562,2267.101939210857
1.0895348837208934,2267.0058914762503
1.0901162790697303,2266.9089880345027
1.0906976744185675,2266.8112339873137
1.0912790697674046,2266.712603557478
1.091860465116242,2266.613147275693
1.0924418604650792,2266.512884692787
1.0930232558139164,2266.4118458820762
1.0936046511627535,2266.3098767985243
1.0941860465115907,2266.2069447214476
1.0947674418604278,2266.1031682436806
1.095348837209265,2265.9983886698374
1.0959302325581022,2265.899125372401
1.0965116279069393,2265.8014956558327
1.0970930232557765,2265.7027419157516
1.0976744186046137,2265.602561872847
1.0982558139534508,2265.498610806662
1.098837209302288,2265.3922031417046
1.0994186046511252,2265.294855747591
1.0999999999999626,2265.191596609241
1.1005813953487997,2265.087770098234
1.101162790697637,2264.983423117701
1.1017441860464738,2264.878500958838
1.102325581395311,2264.7729882925337
1.1029069767441482,2264.6668373985763
1.1034883720929856,2264.5600738368266
1.1040697674418227,2264.45257877288
1.10465116279066,2264.3436934329184
1.105232558139497,2264.2341968832307
1.1058139534883342,2264.124081837828
1.1063953488371714,2264.013328552119
1.1069767441860086,2263.9015433503837
1.1075581395348457,2263.7882280802983
1.1081395348836829,2263.6817289712617
1.10872093023252,2263.5765846435042
1.1093023255813572,2263.4715761035736
1.1098837209301944,2263.376462017964
1.1104651162790315,2263.2833867239274
1.1110465116278687,2263.189635177313
1.111627906976706,2263.0951481524694
1.1122093023255433,2262.9999518969194
1.1127906976743804,2262.9039966892024
1.1133720930232174,2262.8073048469582
1.1139534883720545,2262.709912209508
1.1145348837208917,2262.6117615573494
1.1151162790697289,2262.5085275590213
1.1156976744185663,2262.4016778069445
1.1162790697674034,2262.2940345236666
1.1168604651162406,2262.185582485801
1.1174418604650778,2262.07630364652
1.118023255813915,2261.9661792750358
1.118604651162752,2261.855171276314
1.1191860465115893,2261.7432578108524
1.1197674418604264,2261.6304306426355
1.1203488372092636,2261.516666664916
1.1209302325581008,2261.4019388458173
1.121511627906938,2261.3020324280333
1.122093023255775,2261.20842511588
1.1226744186046123,2261.1137232670594
1.1232558139534494,2261.017859818071
1.1238372093022868,2260.920495593453
1.124418604651124,2260.8217523540634
1.124999999999961,2260.7217042503403
1.125581395348798,2260.620310215097
1.1261627906976353,2260.5168978934903
1.1267441860464724,2260.4104214137246
1.1273255813953098,2260.3026161311614
1.127906976744147,2260.2085964073062
1.1284883720929841,2260.1129087742797
1.1290697674418213,2260.016165413462
1.1296511627906585,2259.920246397248
1.1302325581394956,2259.821204166331
1.1308139534883326,2259.7176805925274
1.13139534883717,2259.612540628728
1.1319767441860071,2259.5057395316653
1.1325581395348443,2259.397227752482
1.1331395348836815,2259.2869366177
1.1337209302325186,2259.174785526969
1.1343023255813558,2259.060656392397
1.134883720930193,2258.945078757579
1.1354651162790304,2258.829205529425
1.1360465116278675,2258.7112490842815
1.1366279069767045,2258.591133109386
1.1372093023255416,2258.4687691324925
1.1377906976743788,2258.344094934961
1.138372093023216,2258.2195196110542
1.1389534883720531,2258.092413898095
1.1395348837208905,2257.962863556844
1.1401162790697277,2257.8185837984306
1.1406976744185648,2257.6693512562524
1.141279069767402,2257.5197068591897
1.1418604651162392,2257.368277227657
1.1424418604650761,2257.214952081174
1.1430232558139135,2257.0564057459387
1.1436046511627507,2256.8877187641656
1.1441860465115878,2256.7177071849246
1.144767441860425,2256.546447606048
1.1453488372092622,2256.372282152741
1.1459302325580993,2256.195397295349
1.1465116279069365,2256.017163768353
1.1470930232557737,2255.8375905880785
1.147674418604611,2255.656624123666
1.148255813953448,2255.4740345859263
1.1488372093022852,2255.289611896161
1.1494186046511223,2255.103368948269
1.1499999999999595,2254.9156927843237
1.1505813953487967,2254.72886728855
1.151162790697634,2254.5404288519576
1.1517441860464712,2254.3502866953163
1.1523255813953084,2254.159904208443
1.1529069767441456,2253.968265696346
1.1534883720929827,2253.7755791121285
1.1540697674418197,2253.584085475251
1.1546511627906568,2253.390542164675
1.1552325581394942,2253.194578638034
1.1558139534883314,2252.996485617579
1.1563953488371685,2252.795061394433
1.1569767441860057,2252.590841100538
1.1575581395348429,2252.384029471285
1.15813953488368,2252.174293837382
1.1587209302325172,2251.9871267305234
1.1593023255813546,2251.817237553512
1.1598837209301915,2251.631019292195
1.1604651162790287,2251.4436144823912
1.1610465116278659,2251.256161127474
1.161627906976703,2251.0674356104055
1.1622093023255402,2250.9119545115473
1.1627906976743774,2250.7606641774946
1.1633720930232148,2250.618592813522
1.163953488372052,2250.476049395925
1.164534883720889,2250.3322277815873
1.1651162790697263,2250.18456292047
1.1656976744185632,2250.032693637234
1.1662790697674004,2249.876609477863
1.1668604651162378,2249.7197873578007
1.167441860465075,2249.561048786992
1.168023255813912,2249.3990230113745
1.1686046511627493,2249.236567150579
1.1691860465115864,2249.0733719292366
1.1697674418604236,2248.9073679942912
1.1703488372092608,2248.7399283566806
1.170930232558098,2248.580465277804
1.171511627906935,2248.4250442790467
1.1720930232557722,2248.26909801444
1.1726744186046094,2248.11251996635
1.1732558139534466,2247.955059645966
1.1738372093022837,2247.8013496565004
1.174418604651121,2247.655376634106
1.1749999999999583,2247.508956529522
1.1755813953487955,2247.3620054400544
1.1761627906976326,2247.213791819468
1.1767441860464696,2247.065077473144
1.1773255813953067,2246.9171624484266
1.177906976744144,2246.8110916951628
1.178488372092981,2246.7092206855423
1.1790697674418185,2246.606670550132
1.1796511627906556,2246.529204376322
1.1802325581394928,2246.4532576921915
1.18081395348833,2246.3760675985754
1.1813953488371671,2246.295051620693
1.1819767441860043,2246.2217707606005
1.1825581395348415,2246.14493552931
1.1831395348836786,2246.066506310329
1.1837209302325158,2245.9876201388547
1.184302325581353,2245.9083772813524
1.1848837209301901,2245.8294676977516
1.1854651162790273,2245.7576385393536
1.1860465116278645,2245.6884128552642
1.1866279069767016,2245.619130771049
1.187209302325539,2245.5494288716845
1.1877906976743762,2245.4791022353593
1.1883720930232131,2245.4082118294427
1.1889534883720503,2245.336312380094
1.1895348837208874,2245.2619465146636
1.1901162790697246,2245.1882039185284
1.190697674418562,2245.1150409162215
1.1912790697673992,2245.041440318751
1.1918604651162363,2244.9747745815166
1.1924418604650735,2244.9107945663122
1.1930232558139107,2244.846404353756
1.1936046511627478,2244.783835051891
1.194186046511585,2244.726484678893
1.1947674418604222,2244.670331774905
1.1953488372092593,2244.613951835392
1.1959302325580965,2244.5600623586965
1.1965116279069337,2244.5065874042925
1.1970930232557708,2244.4528415359537
1.197674418604608,2244.3987346931585
1.1982558139534452,2244.3442401727348
1.1988372093022825,2244.2893794016213
1.1994186046511197,2244.2341574085885
1.1999999999999567,2244.179708906256
1.2005813953487938,2244.125899851277
1.201162790697631,2244.071712757876
1.2017441860464682,2244.0171754171433
1.2023255813953053,2243.9622738642156
1.2029069767441427,2243.9070008885656
1.2034883720929799,2243.859048767339
1.204069767441817,2243.8178198919004
1.2046511627906542,2243.7755728189795
1.2052325581394914,2243.733918009216
1.2058139534883283,2243.6984402370113
1.2063953488371657,2243.6627026408905
1.2069767441860029,2243.626264972993
1.20755813953484,2243.5893340341895
1.2081395348836772,2243.552124004009
1.2087209302325144,2243.5146314349977
1.2093023255813515,2243.476780524403
1.2098837209301887,2243.438587638796
1.2104651162790259,2243.4000389953303
1.2110465116278633,2243.36123692479
1.2116279069767002,2243.3222029189587
1.2122093023255374,2243.2829890934586
1.2127906976743745,2243.2439918531054
1.2133720930232117,2243.207030303222
1.2139534883720489,2243.1698057582134
1.2145348837208862,2243.1325033499666
1.2151162790697234,2243.0974152305093
1.2156976744185606,2243.063310446569
1.2162790697673977,2243.0290359604983
1.216860465116235,2242.99444449972
1.2174418604650719,2242.95956572983
1.2180232558139092,2242.9244040602316
1.2186046511627464,2242.891837611903
1.2191860465115836,2242.859443156941
1.2197674418604207,2242.829079608512
1.220348837209258,2242.8004935975205
1.220930232558095,2242.771507057692
1.2215116279069322,2242.7421161720135
1.2220930232557694,2242.7124038462593
1.2226744186046068,2242.6824082943936
1.2232558139534437,2242.6521967032404
1.223837209302281,2242.6211920428877
1.224418604651118,2242.5889051534486
1.2249999999999552,2242.555380290484
1.2255813953487924,2242.5215778445317
1.2261627906976296,2242.4876336536095
1.226744186046467,2242.4530444449915
1.2273255813953041,2242.4180663959355
1.2279069767441413,2242.3828669546583
1.2284883720929785,2242.3474284181834
1.2290697674418154,2242.311747457883
1.2296511627906526,2242.275824261288
1.23023255813949,2242.239563473676
1.2308139534883271,2242.2031271921173
1.2313953488371643,2242.167372433668
1.2319767441860014,2242.1330541254256
1.2325581395348386,2242.098530250307
1.2331395348836758,2242.063780831171
1.233720930232513,2242.0288052003816
1.2343023255813501,2241.9937953263316
1.2348837209301873,2241.9585052373063
1.2354651162790244,2241.923080417985
1.2360465116278616,2241.8886910367237
1.2366279069766988,2241.8488038176088
1.237209302325536,2241.8086614267254
1.237790697674373,2241.7682969419006
1.2383720930232105,2241.7273284547055
1.2389534883720477,2241.6867064639437
1.2395348837208848,2241.6458029743826
1.240116279069722,2241.6046576750896
1.240697674418559,2241.5632518478683
1.241279069767396,2241.521572714665
1.2418604651162335,2241.4796060796984
1.2424418604650707,2241.4377935594275
1.2430232558139078,2241.397241052276
1.243604651162745,2241.3563288129376
1.2441860465115822,2241.3151155436976
1.2447674418604193,2241.2736535726467
1.2453488372092565,2241.2319037829593
1.2459302325580937,2241.1898939758153
1.2465116279069308,2241.1476619023456
1.247093023255768,2241.1051599730035
1.2476744186046052,2241.0623575639556
1.2482558139534423,2241.0192507949996
1.2488372093022795,2240.975718909119
1.2494186046511166,2240.9318197250145
1.2499999999999538,2240.8876541991563
1.2505813953487912,2240.8431924320016
1.2511627906976284,2240.798560779451
1.2517441860464655,2240.753647240125
1.2523255813953025,2240.7084306181528
1.2529069767441396,2240.662909671424
1.2534883720929768,2240.6158648212527
1.2540697674418142,2240.5589853072997
1.2546511627906514,2240.4997337689756
1.2552325581394885,2240.4401033746885
1.2558139534883257,2240.3800946784336
1.2563953488371629,2240.3197059026447
1.256976744186,2240.2589794264923
1.2575581395348372,2240.198059112769
1.2581395348836744,2240.136825538921
1.2587209302325115,2240.075255625663
1.2593023255813487,2240.013264440945
1.2598837209301859,2239.9508778773525
1.260465116279023,2239.8881112028807
1.2610465116278602,2239.8250020500086
1.2616279069766974,2239.7615347662672
1.2622093023255347,2239.6976733292217
1.262790697674372,2239.6333516566074
1.263372093023209,2239.568599784395
1.263953488372046,2239.503435644218
1.2645348837208832,2239.4378481663916
1.2651162790697204,2239.3717997387034
1.2656976744185577,2239.305319612469
1.266279069767395,2239.238411119257
1.266860465116232,2239.1710447517653
1.2674418604650692,2239.103119411315
1.2680232558139064,2239.034722737045
1.2686046511627436,2238.9657899662266
1.2691860465115807,2238.896421370134
1.269767441860418,2238.8266153453387
1.270348837209255,2238.7563686569306
1.2709302325580922,2238.685678054874
1.2715116279069294,2238.61453955628
1.2720930232557666,2238.5429490663146
1.2726744186046037,2238.472133201761
1.273255813953441,2238.4018451756674
1.273837209302278,2238.3310930494545
1.2744186046511154,2238.259872749392
1.2749999999999526,2238.1881809545093
1.2755813953487896,2238.116000398571
1.2761627906976267,2238.044443682242
1.276744186046464,2237.97443048381
1.277325581395301,2237.9058519231094
1.2779069767441384,2237.836860773215
1.2784883720929756,2237.7674014984914
1.2790697674418128,2237.697892276586
1.27965116279065,2237.6302699159464
1.280232558139487,2237.562206197662
1.2808139534883243,2237.4936591106352
1.2813953488371614,2237.4253061293352
1.2819767441859986,2237.3569466888734
1.2825581395348358,2237.288125140097
1.283139534883673,2237.218807737132
1.28372093023251,2237.148935981423
1.2843023255813473,2237.0785028943915
1.2848837209301844,2237.007502601795
1.2854651162790216,2236.9359277210174
1.286046511627859,2236.8637702991873
1.2866279069766962,2236.7910062010724
1.287209302325533,2236.717646514464
1.2877906976743703,2236.643684354181
1.2883720930232074,2236.569111974052
1.2889534883720446,2236.4939329719555
1.289534883720882,2236.4181637671727
1.2901162790697192,2236.3418111788287
1.2906976744185563,2236.2649134979165
1.2912790697673935,2236.187360309852
1.2918604651162306,2236.109140444166
1.2924418604650678,2236.030248546467
1.293023255813905,2235.950680848717
1.2936046511627421,2235.870422464353
1.2941860465115793,2235.789576001175
1.2947674418604165,2235.7080583487736
1.2953488372092536,2235.6258138555827
1.2959302325580908,2235.5428068978026
1.296511627906928,2235.458912870172
1.2970930232557651,2235.374330035016
1.2976744186046023,2235.2902039697015
1.2982558139534395,2235.205777730903
1.2988372093022766,2235.1205740332457
1.2994186046511138,2235.0345377364483
1.299999999999951,2234.947593524145
1.3005813953487881,2234.8597931026698
1.3011627906976253,2234.7727870014105
1.3017441860464627,2234.685571332398
1.3023255813952999,2234.5975054786854
1.302906976744137,2234.5086015429756
1.3034883720929742,2234.4187861708083
1.3040697674418111,2234.3279978363976
1.3046511627906483,2234.2362136861907
1.3052325581394857,2234.143410680135
1.3058139534883229,2234.049563528447
1.30639534883716,2233.9546459040153
1.3069767441859972,2233.858630679421
1.3075581395348344,2233.761668505069
1.3081395348836715,2233.663749719028
1.3087209302325087,2233.564719890274
1.3093023255813458,2233.4659767662924
1.309883720930183,2233.3659749008357
1.3104651162790202,2233.265048233696
1.3110465116278573,2233.1647763744672
1.3116279069766945,2233.0632081735585
1.3122093023255317,2232.960576186197
1.3127906976743688,2232.8566738822274
1.3133720930232062,2232.7512514422215
1.3139534883720434,2232.638280684318
1.3145348837208806,2232.5235837547266
1.3151162790697177,2232.4057879918255
1.3156976744185547,2232.278656464184
1.3162790697673918,2232.1506182206494
1.3168604651162292,2232.021682033115
1.3174418604650664,2231.8918256310553
1.3180232558139036,2231.7611056537185
1.3186046511627407,2231.6294380523227
1.319186046511578,2231.496769579732
1.319767441860415,2231.363066987321
1.3203488372092522,2231.2283217764943
1.3209302325580894,2231.088831807842
1.3215116279069266,2230.945725375786
1.3220930232557637,2230.801814056012
1.3226744186046009,2230.657074992067
1.323255813953438,2230.5114822492606
1.3238372093022752,2230.3650019895235
1.3244186046511124,2230.207931408561
1.3249999999999496,2230.050003711095
1.325581395348787,2229.8917144705724
1.326162790697624,2229.733060208645
1.3267441860464613,2229.573912446114
1.3273255813952982,2229.414391176169
1.3279069767441354,2229.254495016485
1.3284883720929725,2229.0941876474594
1.32906976744181,2228.933425164325
1.329651162790647,2228.7723681847883
1.3302325581394843,2228.6109706443353
1.3308139534883214,2228.4491217116615
1.3313953488371586,2228.28692944598
1.3319767441859958,2228.124352707012
1.332558139534833,2227.961371065066
1.33313953488367,2227.79791521006
1.3337209302325073,2227.6339309139144
1.3343023255813444,2227.4695381059973
1.3348837209301816,2227.3047182846676
1.3354651162790188,2227.139442440032
1.336046511627856,2226.9737531309192
1.336627906976693,2226.8076251818034
1.3372093023255305,2226.641060426104
1.3377906976743676,2226.4740619190693
1.3383720930232048,2226.306624367735
1.3389534883720418,2226.1387087045523
1.339534883720879,2225.970196978043
1.340116279069716,2225.8012319703926
1.3406976744185535,2225.6318084246386
1.3412790697673906,2225.461920494181
1.3418604651162278,2225.2915636857497
1.342441860465065,2225.1207314313433
1.3430232558139021,2224.9494180746447
1.3436046511627393,2224.7783816001224
1.3441860465115765,2224.607102434006
1.3447674418604136,2224.435018461101
1.3453488372092508,2224.2624266230846
1.345930232558088,2224.089317656789
1.3465116279069251,2223.9156626194367
1.3470930232557623,2223.741472032848
1.3476744186045995,2223.566758028972
1.3482558139534366,2223.3929911876758
1.3488372093022738,2223.2187534004784
1.3494186046511112,2223.0438207555567
1.3499999999999484,2222.8681294662133
1.3505813953487853,2222.6918484053826
1.3511627906976225,2222.514958514675
1.3517441860464596,2222.337413545405
1.3523255813952968,2222.159191384665
1.3529069767441342,2221.979878423964
1.3534883720929713,2221.8008488066425
1.3540697674418085,2221.621671637182
1.3546511627906457,2221.441812813151
1.3552325581394828,2221.2612410353327
1.35581395348832,2221.0799029600926
1.3563953488371572,2220.8978324101654
1.3569767441859943,2220.715014593163
1.3575581395348315,2220.531430931771
1.3581395348836687,2220.347278755268
1.3587209302325058,2220.1631071472393
1.359302325581343,2219.978042903305
1.3598837209301802,2219.7917104191056
1.3604651162790173,2219.604493195952
1.3610465116278547,2219.4163639691496
1.361627906976692,2219.2272934937137
1.3622093023255288,2219.0372517084083
1.362790697674366,2218.8460795616606
1.3633720930232032,2218.65270480604
1.3639534883720403,2218.458005712553
1.3645348837208777,2218.261935548196
1.3651162790697149,2218.0766744524094
1.365697674418552,2217.890991408644
1.3662790697673892,2217.7084836111167
1.3668604651162264,2217.5382352659294
1.3674418604650636,2217.3660130442595
1.3680232558139005,2217.191959399146
1.3686046511627379,2217.016072242517
1.369186046511575,2216.838188327145
1.3697674418604122,2216.658072384319
1.3703488372092494,2216.4756093116325
1.3709302325580865,2216.290905004185
1.3715116279069237,2216.1038505833944
1.3720930232557609,2215.914324915273
1.372674418604598,2215.729546174796
1.3732558139534354,2215.5478507378225
1.3738372093022724,2215.363342917702
1.3744186046511095,2215.1758795738774
1.3749999999999467,2214.985263850789
1.3755813953487839,2214.7961200199074
1.376162790697621,2214.6173002789933
1.3767441860464584,2214.4348208857323
1.3773255813952956,2214.2489408054344
1.3779069767441328,2214.0588326577113
1.37848837209297,2213.8641160676934
1.379069767441807,2213.6643531857785
1.379651162790644,2213.459134734876
1.3802325581394814,2213.24790639932
1.3808139534883186,2213.0300494318867
1.3813953488371558,2212.804864326865
1.381976744185993,2212.571492461072
1.38255813953483,2212.322682137106
1.3831395348836673,2212.029326523793
1.3837209302325044,2211.7293748189804
1.3843023255813416,2211.4220985349034
1.384883720930179,2211.0863297809083
1.385465116279016,2210.7322070511013
1.386046511627853,2210.3731668836695
1.3866279069766902,2210.0087973286372
1.3872093023255274,2209.634237825713
1.3877906976743646,2209.2523145281607
1.388372093023202,2208.8629199152333
1.3889534883720391,2208.467337188262
1.3895348837208763,2208.057476746226
1.3901162790697135,2207.637762441463
1.3906976744185506,2207.206282720938
1.3912790697673876,2206.7236585905616
1.3918604651162247,2206.2154987913473
1.3924418604650621,2205.6364829248505
1.3930232558138993,2205.0552163620805
1.3936046511627365,2204.4735881689635
1.3941860465115736,2203.8915628202058
1.3947674418604108,2203.3058105401924
1.395348837209248,2202.7239346455503
1.3959302325580851,2202.2592403917424
1.3965116279069223,2201.879010024622
1.3970930232557595,2201.497752424414
1.3976744186045966,2201.1871675144444
1.3982558139534338,2200.908933385698
1.398837209302271,2200.627673907222
1.3994186046511081,2200.3441171005584
1.3999999999999453,2200.0575708665783
1.4005813953487827,2199.7673192339785
1.4011627906976198,2199.477115772921
1.401744186046457,2199.1838684908384
1.4023255813952942,2198.9506259602567
1.4029069767441311,2198.7276180244403
1.4034883720929683,2198.5836279968603
1.4040697674418057,2198.4669544430426
1.4046511627906428,2198.3373366011265
1.40523255813948,2198.2039909633154
1.4058139534883172,2198.0851024431863
1.4063953488371543,2197.964652304044
1.4069767441859915,2197.8417076050337
1.4075581395348287,2197.7192354648037
1.4081395348836658,2197.593066102338
1.408720930232503,2197.46066528383
1.4093023255813402,2197.320718842543
1.4098837209301773,2197.1764566097318
1.4104651162790145,2197.03072766074
1.4110465116278517,2196.8830861254282
1.4116279069766888,2196.734382433954
1.4122093023255262,2196.5964232525034
1.4127906976743634,2196.4768815326506
1.4133720930232005,2196.3570163431546
1.4139534883720377,2196.2434750841667
1.4145348837208747,2196.1395943660386
1.4151162790697118,2196.046980386882
1.415697674418549,2195.955387626799
1.4162790697673864,2195.866732224317
1.4168604651162235,2195.7778693702535
1.4174418604650607,2195.6890578260695
1.4180232558138979,2195.6050750250333
1.418604651162735,2195.5209114682525
1.4191860465115722,2195.4377102224985
1.4197674418604094,2195.3556595684868
1.4203488372092465,2195.2733956669676
1.4209302325580837,2195.190894443225
1.4215116279069209,2195.1081088561536
1.422093023255758,2195.0252851533437
1.4226744186045952,2194.9507524440946
1.4232558139534324,2194.8768513319765
1.4238372093022695,2194.802385775569
1.424418604651107,2194.735031455903
1.424999999999944,2194.6729738726012
1.425581395348781,2194.6103039651816
1.4261627906976182,2194.5470878564915
1.4267441860464554,2194.4837152568543
1.4273255813952925,2194.420169137868
1.42790697674413,2194.3564491024676
1.428488372092967,2194.292619015098
1.4290697674418043,2194.228697117966
1.4296511627906414,2194.1646872696797
1.4302325581394786,2194.1005767413585
1.4308139534883157,2194.0364514933517
1.4313953488371527,2193.972306629487
1.43197674418599,2193.908599631031
1.4325581395348272,2193.844880195346
1.4331395348836644,2193.7810879218723
1.4337209302325016,2193.717269943845
1.4343023255813387,2193.653480860658
1.434883720930176,2193.5895272492644
1.435465116279013,2193.526301885704
1.4360465116278505,2193.4631280444437
1.4366279069766876,2193.3998165811754
1.4372093023255246,2193.336367866429
1.4377906976743617,2193.2728993026803
1.438372093023199,2193.209326879135
1.438953488372036,2193.1456570480473
1.4395348837208732,2193.081891230376
1.4401162790697106,2193.018042835438
1.4406976744185478,2192.954114367154
1.441279069767385,2192.8900733141004
1.4418604651162221,2192.825982511845
1.4424418604650593,2192.762443178571
1.4430232558138962,2192.6987988186356
1.4436046511627336,2192.6353249580866
1.4441860465115708,2192.5725759560582
1.444767441860408,2192.509759189801
1.4453488372092451,2192.4468784284386
1.4459302325580823,2192.3839124794144
1.4465116279069195,2192.32085837018
1.4470930232557566,2192.257699253833
1.4476744186045938,2192.194513150512
1.4482558139534312,2192.1315304990812
1.4488372093022681,2192.069094755751
1.4494186046511053,2192.0067205302707
1.4499999999999424,2191.9444018043496
1.4505813953487796,2191.8809411240177
1.4511627906976168,2191.8165037201657
1.4517441860464542,2191.7525785133007
1.4523255813952913,2191.689988928403
1.4529069767441285,2191.62737066209
1.4534883720929657,2191.565318585513
1.4540697674418028,2191.5064397871497
1.4546511627906398,2191.4474863228616
1.455232558139477,2191.3884683555207
1.4558139534883143,2191.329389167148
1.4563953488371515,2191.270239831248
1.4569767441859887,2191.2110529774923
1.4575581395348258,2191.151853161513
1.458139534883663,2191.0925981622795
1.4587209302325002,2191.033267419498
1.4593023255813373,2190.97385097418
1.4598837209301747,2190.914350922215
1.4604651162790117,2190.854748362374
1.4610465116278488,2190.794968803727
1.461627906976686,2190.73506272421
1.4622093023255232,2190.675022885127
1.4627906976743603,2190.617123755859
1.4633720930231975,2190.559373518407
1.4639534883720349,2190.5013901028
1.464534883720872,2190.4433616302936
1.4651162790697092,2190.385290908068
1.4656976744185464,2190.3271494517285
1.4662790697673833,2190.2710810976105
1.4668604651162205,2190.2163496156513
1.4674418604650579,2190.1615454282082
1.468023255813895,2190.106694853763
1.4686046511627322,2190.051811466763
1.4691860465115694,2189.9969599721326
1.4697674418604065,2189.9420246685536
1.4703488372092437,2189.887017877798
1.4709302325580809,2189.83193785688
1.471511627906918,2189.7767779332394
1.4720930232557552,2189.720386803211
1.4726744186045924,2189.6635914726003
1.4732558139534295,2189.6067268301067
1.4738372093022667,2189.5498233341696
1.4744186046511039,2189.492984795257
1.474999999999941,2189.436199459156
1.4755813953487784,2189.379430244952
1.4761627906976156,2189.322315748088
1.4767441860464527,2189.2644014070424
1.47732558139529,2189.2064351769286
1.4779069767441269,2189.148431987968
1.478488372092964,2189.0899402846894
1.4790697674418012,2189.031150626477
1.4796511627906386,2188.9722923475524
1.4802325581394757,2188.91336381826
1.480813953488313,2188.854383919597
1.48139534883715,2188.7953710653946
1.4819767441859872,2188.736312201682
1.4825581395348244,2188.677183433995
1.4831395348836616,2188.6179884204457
1.4837209302324987,2188.558723792171
1.484302325581336,2188.49535265082
1.484883720930173,2188.4251855617
1.4854651162790102,2188.3549104528443
1.4860465116278474,2188.284518200733
1.4866279069766846,2188.213977316537
1.4872093023255217,2188.1432621619365
1.4877906976743591,2188.0724279677947
1.4883720930231963,2188.001487634115
1.4889534883720335,2187.9304538735423
1.4895348837208706,2187.861178140822
1.490116279069708,2187.7924230749877
1.4906976744185454,2187.7235464404075
1.4912790697673828,2187.6512468502065
1.4918604651162202,2187.576836835449
1.4924418604650573,2187.5022898769653
1.4930232558138947,2187.426075662398
1.493604651162732,2187.347462941777
1.4941860465115693,2187.2699335419998
1.4947674418604067,2187.1926728871754
1.495348837209244,2187.1152408531384
1.4959302325580814,2187.0376433932893
1.4965116279069188,2186.959879757702
1.497093023255756,2186.8819741061525
1.4976744186045934,2186.8038329099354
1.4982558139534308,2186.7256771407974
1.4988372093022682,2186.6478378172005
1.4994186046511055,2186.5698015018406
1.499999999999943,2186.491591429776
1.5005813953487803,2186.4132058057016
1.5011627906976175,2186.334641143069
1.5017441860464549,2186.255893684367
1.5023255813952923,2186.1769679351473
1.5029069767441294,2186.098212548748
1.5034883720929668,2186.0194341369092
1.5040697674418042,2185.940469281924
1.5046511627906416,2185.861321353694
1.5052325581394788,2185.7819890452047
1.5058139534883161,2185.7024708707127
1.5063953488371535,2185.6229860329963
1.506976744185991,2185.543421705853
1.5075581395348283,2185.4636625019234
1.5081395348836657,2185.383864892093
1.508720930232503,2185.304248864909
1.5093023255813403,2185.2269975661225
1.5098837209301776,2185.1496923960185
1.510465116279015,2185.07218938346
1.5110465116278524,2184.9944833290006
1.5116279069766896,2184.9169768701922
1.512209302325527,2184.8415070523833
1.5127906976743644,2184.7661204785504
1.5133720930232015,2184.6906748717665
1.513953488372039,2184.6150431475967
1.5145348837208763,2184.5392013338364
1.5151162790697137,2184.4631454732253
1.515697674418551,2184.3868714928635
1.5162790697673885,2184.3103818473173
1.5168604651162256,2184.2336742051225
1.517441860465063,2184.156747011442
1.5180232558139004,2184.079599710513
1.5186046511627378,2184.0021584854817
1.5191860465115752,2183.9243987935943
1.5197674418604126,2183.8464142128546
1.52034883720925,2183.7682006026707
1.5209302325580871,2183.689806623624
1.5215116279069245,2183.611709384539
1.5220930232557617,2183.5332575146695
1.522674418604599,2183.454592953414
1.5232558139534365,2183.3756914564337
1.5238372093022738,2183.296544920078
1.5244186046511112,2183.2171557599154
1.5249999999999484,2183.137521981837
1.5255813953487858,2183.0579198049372
1.5261627906976232,2182.9783255473617
1.5267441860464606,2182.8984869691244
1.527325581395298,2182.8183916619564
1.5279069767441353,2182.7380326545017
1.5284883720929725,2182.657422440662
1.52906976744181,2182.5765513952524
1.5296511627906473,2182.4954096911692
1.5302325581394847,2182.4139944511344
1.5308139534883218,2182.33230195896
1.5313953488371592,2182.250328416853
1.5319767441859966,2182.16807000705
1.5325581395348338,2182.085527371476
1.5331395348836712,2182.0027072905714
1.5337209302325086,2181.91968260438
1.534302325581346,2181.8370164739795
1.5348837209301833,2181.754029948024
1.5354651162790207,2181.670734875725
1.536046511627858,2181.587129524122
1.5366279069766953,2181.503208615782
1.5372093023255327,2181.4192264481967
1.53779069767437,2181.33515936906
1.5383720930232074,2181.250760878096
1.5389534883720448,2181.1660245472744
1.5395348837208822,2181.0809410103952
1.5401162790697194,2180.9973247160274
1.5406976744185568,2180.9133685436814
1.541279069767394,2180.829236233845
1.5418604651162313,2180.7469906283072
1.5424418604650687,2180.6646165090597
1.543023255813906,2180.581826889837
1.5436046511627435,2180.4986506273976
1.5441860465115806,2180.415079908777
1.544767441860418,2180.331105649232
1.5453488372092554,2180.2467196030684
1.5459302325580928,2180.1619233760234
1.5465116279069302,2180.0767101430406
1.5470930232557676,2179.9910580136257
1.547674418604605,2179.9049682919954
1.5482558139534421,2179.8184428921772
1.5488372093022795,2179.7314645919205
1.549418604651117,2179.644017152367
1.549999999999954,2179.556074680117
1.5505813953487915,2179.4676442950135
1.5511627906976289,2179.3787185183164
1.5517441860464662,2179.2898002109705
1.5523255813953034,2179.2017707199047
1.5529069767441408,2179.113190774048
1.5534883720929782,2179.0240473636486
1.5540697674418156,2178.9343300810383
1.554651162790653,2178.84436686211
1.5552325581394904,2178.759788573569
1.5558139534883277,2178.67607616717
1.556395348837165,2178.592021506128
1.5569767441860023,2178.5075489442142
1.5575581395348397,2178.4229376848425
1.558139534883677,2178.3377336975873
1.5587209302325145,2178.251780830521
1.5593023255813516,2178.167385944279
1.559883720930189,2178.0831740981334
1.5604651162790262,2177.998423828421
1.5610465116278636,2177.912793949453
1.561627906976701,2177.8262489979907
1.5622093023255383,2177.7387550328012
1.5627906976743755,2177.650270161306
1.5633720930232131,2177.560750613444
1.5639534883720503,2177.470150610506
1.564534883720888,2177.3784204158733
1.565116279069725,2177.2855857286877
1.5656976744185627,2177.1919375495813
1.5662790697673998,2177.0969783408273
1.566860465116237,2177.000923065893
1.5674418604650746,2176.9039209805205
1.5680232558139118,2176.80249656106
1.5686046511627492,2176.6882350388396
1.5691860465115863,2176.5731168913517
1.5697674418604237,2176.4571017787734
1.570348837209261,2176.3401446439457
1.5709302325580983,2176.2221966724765
1.5715116279069359,2176.096883353646
1.572093023255773,2175.9670009274046
1.5726744186046107,2175.836726859724
1.5732558139534478,2175.706044524699
1.573837209302285,2175.57491093621
1.5744186046511226,2175.4432930402613
1.5749999999999598,2175.3111879391863
1.5755813953487974,2175.178581401665
1.5761627906976345,2175.04549403548
1.5767441860464722,2174.9119058241677
1.5773255813953093,2174.7778092590274
1.5779069767441465,2174.643154139042
1.5784883720929839,2174.507909154063
1.5790697674418213,2174.372055838672
1.5796511627906586,2174.235568685436
1.5802325581394958,2174.0984683027073
1.5808139534883334,2173.96079470206
1.5813953488371706,2173.822478412116
1.5819767441860078,2173.6835367125523
1.5825581395348454,2173.5438526318576
1.5831395348836825,2173.4034003913393
1.5837209302325201,2173.2621532133976
1.5843023255813573,2173.1200467354047
1.584883720930195,2172.9770465499537
1.585465116279032,2172.8331597762954
1.5860465116278692,2172.6883702181995
1.5866279069767069,2172.542625513774
1.587209302325544,2172.3958891873103
1.5877906976743814,2172.248109479948
1.5883720930232186,2172.0992585647205
1.5889534883720562,2171.949280383109
1.5895348837208934,2171.7981247920475
1.5901162790697305,2171.6457314475533
1.5906976744185681,2171.492046660707
1.5912790697674053,2171.3370065071185
1.591860465116243,2171.1805451899068
1.59244186046508,2171.0225962280906
1.5930232558139177,2170.863061642405
1.5936046511627548,2170.701849343555
1.594186046511592,2170.539190576842
1.5947674418604296,2170.3748017162966
1.5953488372092668,2170.2083969441364
1.5959302325581044,2170.039827555936
1.5965116279069416,2169.868939588585
1.597093023255779,2169.695552126458
1.5976744186046161,2169.5178187528495
1.5982558139534535,2169.3065651115703
1.598837209302291,2169.090054555529
1.599418604651128,2168.8732138005503
1.5999999999999657,2168.6563371135276
1.6005813953488028,2168.4394149730388
1.60116279069764,2168.2224381300166
1.6017441860464776,2168.005421353226
1.6023255813953148,2167.788293794832
1.6029069767441524,2167.570597830715
1.6034883720929896,2167.3528223351245
1.6040697674418272,2167.1349864772556
1.6046511627906643,2166.9171145203372
1.6052325581395015,2166.6991914906666
1.605813953488339,2166.4812349911554
1.6063953488371763,2166.265030766012
1.6069767441860137,2166.085031390168
1.6075581395348508,2165.9058957419597
1.6081395348836884,2165.7267217060325
1.6087209302325256,2165.547331693967
1.6093023255813628,2165.3797549209758
1.6098837209302004,2165.2226806916724
1.6104651162790375,2165.065521566733
1.6110465116278752,2164.9091210655497
1.6116279069767123,2164.752677654416
1.61220930232555,2164.5970172809834
1.612790697674387,2164.442780635957
1.6133720930232243,2164.2884175003182
1.6139534883720619,2164.1339158961027
1.614534883720899,2163.9792671838995
1.6151162790697366,2163.824474400862
1.6156976744185738,2163.669529603126
1.6162790697674112,2163.5144457113756
1.6168604651162484,2163.3591999074433
1.6174418604650858,2163.2059783638338
1.6180232558139231,2163.053979787142
1.6186046511627603,2162.901831450914
1.619186046511598,2162.7495377498185
1.619767441860435,2162.5970902962404
1.6203488372092727,2162.4444869856575
1.6209302325581099,2162.291735035628
1.621511627906947,2162.1388378377833
1.6220930232557846,2161.9857812547234
1.6226744186046218,2161.8325813430993
1.6232558139534594,2161.6790551189
1.6238372093022966,2161.5252204868557
1.624418604651134,2161.3712319786187
1.6249999999999714,2161.217086149616
1.6255813953488085,2161.0627748231427
1.626162790697646,2160.909315513045
1.626744186046483,2160.7633474318486
1.6273255813953207,2160.618735367699
1.6279069767441579,2160.4737826704895
1.6284883720929955,2160.3292867145033
1.6290697674418326,2160.1893973573624
1.6296511627906698,2160.050845505675
1.6302325581395074,2159.912208015333
1.6308139534883446,2159.773487716842
1.6313953488371822,2159.6346591815504
1.6319767441860193,2159.495714962836
1.632558139534857,2159.3566781733266
1.6331395348836941,2159.2175466208705
1.6337209302325313,2159.07831809212
1.634302325581369,2158.9389916038326
1.634883720930206,2158.8341175221167
1.6354651162790435,2158.7402090897203
1.6360465116278806,2158.646223130824
1.636627906976718,2158.552162975598
1.6372093023255554,2158.4579147327477
1.6377906976743926,2158.363356029625
1.6383720930232302,2158.2686513350664
1.6389534883720673,2158.173799806503
1.639534883720905,2158.078800668594
1.6401162790697421,2157.983649253984
1.6406976744185793,2157.888345076492
1.6412790697674169,2157.7928904715395
1.641860465116254,2157.697284621107
1.6424418604650917,2157.6015215740163
1.6430232558139288,2157.5056055699756
1.6436046511627662,2157.415316280418
1.6441860465116036,2157.3261883857926
1.6447674418604408,2157.23697787241
1.6453488372092782,2157.147647114591
1.6459302325581153,2157.059064343891
1.646511627906953,2156.974105061062
1.64709302325579,2156.8890318527697
1.6476744186046277,2156.8038484326016
1.6482558139534649,2156.718552647231
1.648837209302302,2156.633139357794
1.6494186046511397,2156.5476077980097
1.6499999999999768,2156.4619509363993
1.6505813953488144,2156.3761707019676
1.6511627906976516,2156.290273276195
1.6517441860464892,2156.204293928786
1.6523255813953264,2156.118235524753
1.6529069767441635,2156.032073773769
1.6534883720930011,2155.94581135964
1.6540697674418383,2155.860259913126
1.6546511627906757,2155.7745876888844
1.6552325581395129,2155.689071927383
1.6558139534883505,2155.60441085626
1.6563953488371876,2155.519626889685
1.6569767441860248,2155.4347219204715
1.6575581395348624,2155.3551032055807
1.6581395348836996,2155.2805385279526
1.6587209302325372,2155.205973909071
1.6593023255813744,2155.1316769285318
1.659883720930212,2155.0574931427145
1.6604651162790491,2154.9852110251654
1.6610465116278863,2154.9129321076043
1.661627906976724,2154.840588385743
1.662209302325561,2154.7681685178213
1.6627906976743985,2154.696409351308
1.6633720930232359,2154.6252561710303
1.6639534883720732,2154.5540182128093
1.6645348837209104,2154.482687833041
1.6651162790697476,2154.4118597540096
1.6656976744185852,2154.3418264735865
1.6662790697674223,2154.2725264096985
1.66686046511626,2154.20352410219
1.6674418604650971,2154.1344249654126
1.6680232558139343,2154.0652422074495
1.668604651162772,2153.9959749453487
1.669186046511609,2153.926609032902
1.6697674418604467,2153.857145907746
1.6703488372092838,2153.787584884829
1.6709302325581215,2153.717926271721
1.6715116279069586,2153.6481626346836
1.6720930232557958,2153.578303377582
1.6726744186046334,2153.5083399671153
1.6732558139534706,2153.4382774403443
1.673837209302308,2153.368112204281
1.6744186046511451,2153.297847511516
1.6749999999999827,2153.227476351906
1.67558139534882,2153.1591218051217
1.676162790697657,2153.0992919919363
1.6767441860464947,2153.0407067985607
1.6773255813953318,2152.9820847811643
1.6779069767441694,2152.923392999117
1.6784883720930066,2152.864632872563
1.6790697674418442,2152.8058039729112
1.6796511627906814,2152.746906226881
1.6802325581395186,2152.6881146199853
1.6808139534883562,2152.6294618221627
1.6813953488371933,2152.5707393892753
1.6819767441860307,2152.511947225929
1.682558139534868,2152.4530852132093
1.6831395348837055,2152.394154298488
1.6837209302325427,2152.335147181836
1.6843023255813798,2152.2760459656993
1.6848837209302174,2152.2168687508347
1.6854651162790546,2152.157618889072
1.6860465116278922,2152.098295930475
1.6866279069767294,2152.0394397186265
1.687209302325567,2151.984446965928
1.6877906976744042,2151.929382228741
1.6883720930232413,2151.874258126426
1.688953488372079,2151.8190419497246
1.689534883720916,2151.7637643906205
1.6901162790697537,2151.709938124352
1.6906976744185909,2151.657480484867
1.6912790697674283,2151.6049520973615
1.6918604651162656,2151.552356344798
1.6924418604651028,2151.499686583142
1.6930232558139402,2151.446973333196
1.6936046511627774,2151.394275302442
1.694186046511615,2151.3415099136114
1.6947674418604521,2151.288676678172
1.6953488372092897,2151.235780620726
1.695930232558127,2151.1828574963774
1.696511627906964,2151.129861689794
1.6970930232558017,2151.0768360231486
1.6976744186046389,2151.023785234545
1.6982558139534765,2150.9707099253883
1.6988372093023136,2150.9176005462537
1.699418604651151,2150.8644204377947
1.6999999999999884,2150.811184000352
1.7005813953488256,2150.757993317596
1.701162790697663,2150.7047443243314
1.7017441860465004,2150.651435743505
1.7023255813953377,2150.5981017326467
1.702906976744175,2150.544721677739
1.703488372093012,2150.4929933606004
1.7040697674418497,2150.4411944944345
1.7046511627906868,2150.389327099214
1.7052325581395245,2150.3374701499793
1.7058139534883616,2150.285852789277
1.7063953488371992,2150.23434424228
1.7069767441860364,2150.18275484673
1.7075581395348736,2150.13259161124
1.7081395348837112,2150.0841101879487
1.7087209302325483,2150.035758658841
1.709302325581386,2149.987308878012
1.7098837209302231,2149.938787715475
1.7104651162790605,2149.890191433467
1.711046511627898,2149.841525980864
1.711627906976735,2149.7927914004126
1.7122093023255724,2149.7439864917533
1.7127906976744096,2149.6951077232366
1.7133720930232472,2149.6461619858433
1.7139534883720844,2149.5972322365433
1.714534883720922,2149.548192986252
1.7151162790697592,2149.498941541083
1.7156976744185963,2149.449622294494
1.716279069767434,2149.400235438382
1.716860465116271,2149.3510197508613
1.7174418604651087,2149.302474748155
1.7180232558139459,2149.2539114231913
1.7186046511627833,2149.205286945877
1.7191860465116207,2149.156589358818
1.7197674418604578,2149.1078069683354
1.7203488372092952,2149.0589469632478
1.7209302325581326,2149.0100092332104
1.72151162790697,2148.9611701507993
1.7220930232558072,2148.912552962206
1.7226744186046448,2148.863862027993
1.723255813953482,2148.8150977816863
1.723837209302319,2148.7662601033408
1.7244186046511567,2148.7173490819046
1.7249999999999939,2148.668351612528
1.7255813953488315,2148.6209194344246
1.7261627906976686,2148.5767885381283
1.7267441860465063,2148.534906297841
1.7273255813953434,2148.4929512124895
1.7279069767441806,2148.4509070888876
1.7284883720930182,2148.4087706926475
1.7290697674418554,2148.3665475524463
1.7296511627906928,2148.324232910658
1.7302325581395301,2148.2818624802158
1.7308139534883675,2148.2394437767157
1.7313953488372047,2148.196955730831
1.7319767441860419,2148.154389610262
1.7325581395348795,2148.1117624084036
1.7331395348837166,2148.069042934789
1.7337209302325542,2148.0262208971035
1.7343023255813914,2147.9832777093875
1.7348837209302286,2147.9402679631585
1.7354651162790662,2147.8971780163465
1.7360465116279034,2147.8540205710556
1.736627906976741,2147.810862804672
1.7372093023255781,2147.767805304477
1.7377906976744155,2147.724700502335
1.738372093023253,2147.68148622304
1.73895348837209,2147.6381631012855
1.7395348837209275,2147.594772834176
1.7401162790697648,2147.5513938992385
1.7406976744186022,2147.5080813222917
1.7412790697674394,2147.4653670049474
1.741860465116277,2147.4227994806324
1.7424418604651142,2147.3801791259907
1.7430232558139513,2147.3375254279476
1.743604651162789,2147.295111860877
1.7441860465116261,2147.2528883574755
1.7447674418604637,2147.2106010433886
1.745348837209301,2147.1682094717366
1.7459302325581385,2147.1257323463224
1.7465116279069757,2147.083181516906
1.7470930232558128,2147.0406090205797
1.7476744186046504,2146.9979841348013
1.7482558139534876,2146.955294480852
1.748837209302325,2146.912550817521
1.7494186046511624,2146.869747906567
1.7499999999999998,2146.8268944237566
1.750581395348837,2146.7839942801543
1.751162790697674,2146.741059283577
1.7517441860465117,2146.6981348411796
1.7523255813953489,2146.6552868274716
1.7529069767441865,2146.612289232991
1.7534883720930237,2146.5692186419474
1.7540697674418613,2146.526099662591
1.7546511627906984,2146.4829388993135
1.7552325581395356,2146.4397212175318
1.7558139534883732,2146.3964518746093
1.7563953488372104,2146.3531313696526
1.7569767441860478,2146.3097585187948
1.7575581395348852,2146.2663371792523
1.7581395348837225,2146.2228651884766
1.7587209302325597,2146.1793451389794
1.759302325581397,2146.1357798681697
1.7598837209302345,2146.0920998953957
1.7604651162790717,2146.0483423477676
1.7610465116279093,2146.004535853538
1.7616279069767464,2145.96067766206
1.762209302325584,2145.9167693453496
1.7627906976744212,2145.8729185154325
1.7633720930232584,2145.829044977831
1.763953488372096,2145.7851632825877
1.7645348837209331,2145.741297058837
1.7651162790697708,2145.6973912818034
1.765697674418608,2145.653441901568
1.766279069767445,2145.609475249526
1.7668604651162827,2145.5654587784247
1.7674418604651199,2145.521392633567
1.7680232558139573,2145.4772768700623
1.7686046511627946,2145.433382024138
1.769186046511632,2145.389524671198
1.7697674418604692,2145.3455281563365
1.7703488372093064,2145.302096609622
1.770930232558144,2145.258785722838
1.7715116279069811,2145.2154267914198
1.7720930232558187,2145.1720195581465
1.772674418604656,2145.1293772322883
1.7732558139534935,2145.088664507139
1.7738372093023307,2145.047902920572
1.7744186046511679,2145.0071122874765
1.7750000000000055,2144.9662771444723
1.7755813953488426,2144.9254095596025
1.77616279069768,2144.8863073598027
1.7767441860465174,2144.8471561712754
1.7773255813953548,2144.808007800797
1.777906976744192,2144.7693227030404
1.7784883720930293,2144.7305906959914
1.7790697674418667,2144.6918101496635
1.779651162790704,2144.6529808860155
1.7802325581395415,2144.614102934053
1.7808139534883787,2144.5751762570403
1.7813953488372163,2144.536987983189
1.7819767441860535,2144.4988083120497
1.7825581395348906,2144.4605781032096
1.7831395348837282,2144.422296395399
1.7837209302325654,2144.383964164849
1.784302325581403,2144.3455834545443
1.7848837209302402,2144.307153458785
1.7854651162790776,2144.2686695391003
1.786046511627915,2144.2301458885113
1.7866279069767521,2144.1916073012485
1.7872093023255895,2144.1530185322217
1.7877906976744269,2144.1143793645065
1.7883720930232643,2144.0756910905375
1.7889534883721014,2144.0373336843604
1.789534883720939,2143.9995864943785
1.7901162790697762,2143.9618210050526
1.7906976744186134,2143.9240027175797
1.791279069767451,2143.886135310516
1.7918604651162882,2143.848229278274
1.7924418604651258,2143.8102745707624
1.793023255813963,2143.772277089765
1.7936046511628005,2143.7343620994175
1.7941860465116377,2143.6969616024035
1.7947674418604749,2143.659509625586
1.7953488372093123,2143.622009810827
1.7959302325581497,2143.5844566913865
1.796511627906987,2143.546774064096
1.7970930232558242,2143.5089505051074
1.7976744186046618,2143.4710382354256
1.798255813953499,2143.4330682039727
1.7988372093023361,2143.3950534154515
1.7994186046511738,2143.356982707586
1.800000000000011,2143.318847747625
1.8005813953488485,2143.280665603354
1.8011627906976857,2143.2424082678276
1.8017441860465229,2143.2040607678887
1.8023255813953605,2143.165673386579
1.8029069767441976,2143.1271604725725
1.8034883720930353,2143.0885697230697
1.8040697674418724,2143.0499484677653
1.8046511627907098,2143.0112605600893
1.8052325581395472,2142.9725287031015
1.8058139534883844,2142.9337469444827
1.8063953488372217,2142.8949143944374
1.8069767441860591,2142.8560312495215
1.8075581395348965,2142.817097153048
1.8081395348837337,2142.7781198513653
1.8087209302325713,2142.739115996959
1.8093023255814085,2142.7000599694775
1.8098837209302456,2142.6609331820177
1.8104651162790832,2142.6217478360736
1.8110465116279204,2142.5825359524842
1.811627906976758,2142.5435111619445
1.8122093023255952,2142.5066196294183
1.8127906976744328,2142.47166446989
1.81337209302327,2142.4367710449737
1.8139534883721071,2142.40169327199
1.8145348837209445,2142.3664184028908
1.815116279069782,2142.3310448756706
1.8156976744186193,2142.295646841687
1.8162790697674565,2142.2601966568895
1.816860465116294,2142.2247085912945
1.8174418604651312,2142.189179026647
1.8180232558139684,2142.1535989208132
1.818604651162806,2142.1179696179656
1.8191860465116432,2142.0822904245147
1.8197674418604808,2142.04655921462
1.820348837209318,2142.0107768430826
1.8209302325581556,2141.9749429674675
1.8215116279069927,2141.9390575395437
1.82209302325583,2141.90314946888
1.8226744186046675,2141.8672070020602
1.8232558139535047,2141.831215293413
1.823837209302342,2141.795179426339
1.8244186046511794,2141.759098860283
1.8250000000000168,2141.7230022613335
1.825581395348854,2141.6868477016874
1.8261627906976914,2141.650641453316
1.8267441860465288,2141.6144191479493
1.827325581395366,2141.5781757573627
1.8279069767442035,2141.5424113557674
1.8284883720930407,2141.5068097500653
1.8290697674418783,2141.471159384302
1.8296511627907155,2141.435463868993
1.8302325581395527,2141.3997148765648
1.8308139534883903,2141.3639145666803
1.8313953488372274,2141.3280606656795
1.831976744186065,2141.2928598668254
1.8325581395349022,2141.2579961896863
1.8331395348837394,2141.2230571840314
1.8337209302325768,2141.188058029568
1.8343023255814142,2141.1530130669707
1.8348837209302515,2141.1179124846744
1.8354651162790887,2141.082759010861
1.8360465116279263,2141.047553871442
1.8366279069767635,2141.012295468608
1.8372093023256006,2140.976968109021
1.8377906976744383,2140.9415838388495
1.8383720930232754,2140.9061468696477
1.838953488372113,2140.8706570453055
1.8395348837209502,2140.835114863612
1.8401162790697878,2140.7995202817688
1.840697674418625,2140.7638732123387
1.8412790697674621,2140.7281736305135
1.8418604651162997,2140.6924642375825
1.842441860465137,2140.6567701213735
1.8430232558139743,2140.621064808203
1.8436046511628117,2140.585300156853
1.844186046511649,2140.549466109931
1.8447674418604862,2140.5136198397595
1.8453488372093236,2140.4777192786937
1.845930232558161,2140.4418016770614
1.8465116279069982,2140.4058247792805
1.8470930232558358,2140.3697694820844
1.847674418604673,2140.3336700472114
1.8482558139535106,2140.2975247849913
1.8488372093023477,2140.261326500681
1.849418604651185,2140.2250690913443
1.8500000000000225,2140.1887273313596
1.8505813953488597,2140.152359845397
1.8511627906976973,2140.1159383003496
1.8517441860465345,2140.0794664954656
1.8523255813953718,2140.042965464766
1.852906976744209,2140.00641135926
1.8534883720930464,2139.969808037301
1.8540697674418838,2139.9331523595865
1.854651162790721,2139.8964423915245
1.8552325581395586,2139.8596793236075
1.8558139534883957,2139.8228622696697
1.8563953488372333,2139.785991665786
1.8569767441860705,2139.7490664887955
1.8575581395349077,2139.7120196054475
1.8581395348837453,2139.6749146189977
1.8587209302325824,2139.6377565704975
1.85930232558142,2139.600549915597
1.8598837209302572,2139.5632896214806
1.8604651162790948,2139.5259708117374
1.861046511627932,2139.4885769255543
1.8616279069767692,2139.451130225568
1.8622093023256066,2139.4136303193854
1.862790697674444,2139.3760769570717
1.8633720930232813,2139.338468415194
1.8639534883721185,2139.3007835129706
1.8645348837209559,2139.2630191599974
1.8651162790697933,2139.225160351201
1.8656976744186304,2139.187206582078
1.866279069767468,2139.149138772306
1.8668604651163052,2139.11097849873
1.8674418604651428,2139.072750333021
1.86802325581398,2139.0344737908276
1.8686046511628172,2138.996130618169
1.8691860465116548,2138.957732675587
1.869767441860492,2138.9192823953476
1.8703488372093295,2138.8807813304147
1.8709302325581667,2138.8422290632566
1.871511627907004,2138.8036261536568
1.8720930232558413,2138.764964676553
1.8726744186046786,2138.726256335528
1.873255813953516,2138.6874835439007
1.8738372093023532,2138.6486735721965
1.8744186046511908,2138.6098158186896
1.875000000000028,2138.570900911105
1.8755813953488656,2138.5319379764965
1.8761627906977028,2138.492922003329
1.87674418604654,2138.453853160479
1.8773255813953775,2138.4147329325806
1.8779069767442147,2138.375563013234
1.8784883720930523,2138.336340152223
1.8790697674418895,2138.297066358135
1.879651162790727,2138.2577407880585
1.8802325581395642,2138.218363389864
1.8808139534884014,2138.1789341058065
1.8813953488372388,2138.1394528797828
1.8819767441860762,2138.099909993321
1.8825581395349136,2138.060307840044
1.8831395348837507,2138.020647222019
1.8837209302325884,2137.98089733634
1.8843023255814255,2137.941093171725
1.8848837209302627,2137.901259797144
1.8854651162791003,2137.8613739514994
1.8860465116279375,2137.8214371208405
1.886627906976775,2137.781447581992
1.8872093023256122,2137.741393273785
1.8877906976744498,2137.7012747188023
1.888372093023287,2137.661103965966
1.8889534883721242,2137.6208938603645
1.8895348837209618,2137.5806317636666
1.890116279069799,2137.5403199584607
1.8906976744186363,2137.49995527761
1.8912790697674735,2137.4595398046595
1.8918604651163111,2137.419072198444
1.8924418604651483,2137.3785295852917
1.8930232558139855,2137.3379396654677
1.893604651162823,2137.2972906274367
1.8941860465116602,2137.25659312722
1.8947674418604978,2137.215846085264
1.895348837209335,2137.1750507388833
1.8959302325581726,2137.135244037567
1.8965116279070098,2137.0954452934393
1.897093023255847,2137.0555892041775
1.8976744186046846,2137.015666543482
1.8982558139535217,2136.9756948721088
1.8988372093023593,2136.936218502157
1.8994186046511965,2136.8968863559803
1.9000000000000337,2136.8575068928394
1.900581395348871,2136.8180770238623
1.9011627906977084,2136.7785970273226
1.9017441860465458,2136.739066068829
1.902325581395383,2136.699484818088
1.9029069767442206,2136.6598537276204
1.9034883720930578,2136.6201691162632
1.904069767441895,2136.5804367485225
1.9046511627907325,2136.540659389718
1.9052325581395697,2136.500851990882
1.9058139534884073,2136.461005653363
1.9063953488372445,2136.4210959294023
1.906976744186082,2136.3811219318695
1.9075581395349193,2136.3414728039647
1.9081395348837564,2136.302218649362
1.908720930232594,2136.2629063861536
1.9093023255814312,2136.2235437605536
1.9098837209302686,2136.184136117118
1.9104651162791058,2136.1446755989728
1.9110465116279434,2136.1051655255746
1.9116279069767805,2136.06562634659
1.9122093023256177,2136.026341990784
1.9127906976744553,2135.9872791906296
1.9133720930232925,2135.9481692334107
1.91395348837213,2135.9089928378594
1.9145348837209673,2135.8697508271584
1.9151162790698049,2135.8304536065093
1.915697674418642,2135.7910825109384
1.9162790697674792,2135.751666228228
1.9168604651163168,2135.712145779661
1.917441860465154,2135.672529107779
1.9180232558139916,2135.632828033181
1.9186046511628287,2135.5930602452677
1.9191860465116661,2135.553240130191
1.9197674418605033,2135.513354101707
1.9203488372093407,2135.4734015652753
1.920930232558178,2135.433396102555
1.9215116279070152,2135.3933188477195
1.9220930232558529,2135.353189384391
1.92267441860469,2135.313010658522
1.9232558139535276,2135.2727819448096
1.9238372093023648,2135.2325036000993
1.924418604651202,2135.1921753501874
1.9250000000000396,2135.1517972015936
1.9255813953488767,2135.1113498046593
1.9261627906977143,2135.070831832541
1.9267441860465515,2135.0302476264314
1.927325581395389,2134.989615204999
1.9279069767442263,2134.9489325293375
1.9284883720930635,2134.9082022970742
1.9290697674419008,2134.86742304572
1.929651162790738,2134.8265912825377
1.9302325581395756,2134.785711696855
1.9308139534884128,2134.744782602433
1.93139534883725,2134.7038039894824
1.9319767441860876,2134.662775821253
1.9325581395349247,2134.621697926428
1.9331395348837623,2134.580570474136
1.9337209302325995,2134.539393023909
1.934302325581437,2134.4989934318214
1.9348837209302743,2134.4593946011
1.9354651162791114,2134.4199123364847
1.936046511627949,2134.380383759433
1.9366279069767862,2134.340805786191
1.9372093023256238,2134.301178387703
1.937790697674461,2134.2614962365724
1.9383720930232984,2134.2217375189407
1.9389534883721355,2134.1819298002697
1.939534883720973,2134.142072502929
1.9401162790698103,2134.102165792008
1.9406976744186475,2134.0622039457703
1.941279069767485,2134.022200288798
1.9418604651163223,2133.982143895682
1.9424418604651599,2133.9420382690946
1.943023255813997,2133.9018831077587
1.9436046511628342,2133.861677036794
1.9441860465116718,2133.82142315779
1.944767441860509,2133.781272615751
1.9453488372093466,2133.741467551041
1.9459302325581838,2133.7016160812996
1.9465116279070211,2133.661715417365
1.9470930232558585,2133.621758826542
1.9476744186046957,2133.5817631316772
1.948255813953533,2133.541712021098
1.9488372093023703,2133.501798671742
1.9494186046512079,2133.4624693123023
1.950000000000045,2133.4230935392184
1.9505813953488826,2133.3836690820217
1.9511627906977198,2133.3441842248717
1.951744186046557,2133.304657948741
1.9523255813953946,2133.2650781777943
1.9529069767442317,2133.225448605492
1.9534883720930694,2133.185769160884
1.9540697674419065,2133.1460380271733
1.9546511627907441,2133.106262948765
1.9552325581395813,2133.066433935641
1.9558139534884185,2133.0265681727965
1.956395348837256,2132.986647380638
1.9569767441860932,2132.9466766392975
1.9575581395349306,2132.906655717176
1.9581395348837678,2132.8666141516633
1.9587209302326054,2132.8265436514002
1.9593023255814426,2132.786427010236
1.9598837209302797,2132.746249261498
1.9604651162791173,2132.706024270518
1.9610465116279545,2132.6657495705704
1.9616279069767921,2132.625421123708
1.9622093023256293,2132.585033175992
1.962790697674467,2132.5446003889692
1.963372093023304,2132.5041147331303
1.9639534883721412,2132.463579424113
1.9645348837209788,2132.4229929355506
1.965116279069816,2132.3823088075123
1.9656976744186534,2132.3414674229566
1.9662790697674908,2132.300606216632
1.966860465116328,2132.2596939720893
1.9674418604651653,2132.2187311022844
1.9680232558140025,2132.1777074556094
1.9686046511628401,2132.136466919742
1.9691860465116773,2132.095030637055
1.969767441860515,2132.0535426173938
1.970348837209352,2132.012008344616
1.9709302325581892,2131.970431265137
1.9715116279070268,2131.9287984775415
1.972093023255864,2131.8871085826613
1.9726744186047016,2131.845367239147
1.9732558139535388,2131.8035673572954
1.9738372093023764,2131.761732890716
1.9744186046512135,2131.7198482567856
1.9750000000000507,2131.6779181871766
1.9755813953488883,2131.635942653062
1.9761627906977255,2131.5939241889673
1.9767441860465629,2131.5518529950455
1.9773255813954,2131.5097374497486
1.9779069767442377,2131.467574529698
1.9784883720930748,2131.4253576439387
1.979069767441912,2131.3831727058605
1.9796511627907496,2131.3409937152915
1.9802325581395868,2131.2987798748554
1.9808139534884244,2131.256511165612
1.9813953488372615,2131.214199591739
1.9819767441860991,2131.1718423556545
1.9825581395349363,2131.1294395676387
1.9831395348837735,2131.0869905937275
1.983720930232611,2131.0444972917253
1.9843023255814483,2131.001960458917
1.9848837209302856,2130.959383634797
1.985465116279123,2130.9168014332863
1.9860465116279604,2130.874169917462
1.9866279069767976,2130.8314951840375
1.9872093023256348,2130.788773560262
1.9877906976744724,2130.746007043232
1.9883720930233095,2130.70320369457
1.9889534883721471,2130.660354344214
1.9895348837209843,2130.6174616245403
1.990116279069822,2130.574504899549
1.990697674418659,2130.5314471195525
1.9912790697674962,2130.488290746393
1.9918604651163339,2130.4450358470017
1.992441860465171,2130.4016861478085
1.9930232558140086,2130.358238234848
1.9936046511628458,2130.3147368796886
1.9941860465116832,2130.2711944468697
1.9947674418605206,2130.2276094155777
1.9953488372093577,2130.1839799738054
1.9959302325581951,2130.140307771136
1.9965116279070323,2130.0965922401138
1.99709302325587,2130.052839814239
1.997674418604707,2130.009039105268
1.9982558139535442,2129.9651982246296
1.9988372093023818,2129.9213133533626
1.999418604651219,2129.8773850512466
2.0000000000000564,2129.83341323554
2.0005813953488936,2129.7893977426925
2.001162790697731,2129.7453394507393
2.0017441860465683,2129.701236448071
2.0023255813954055,2129.657090395005
2.002906976744243,2129.6129007363497
2.0034883720930803,2129.5686659348057
2.004069767441918,2129.5243791499424
2.004651162790755,2129.4800519024443
2.0052325581395927,2129.4356803882956
2.00581395348843,2129.3912677822495
2.006395348837267,2129.3468544859347
2.0069767441861046,2129.3023917057512
2.0075581395349418,2129.257867312183
2.0081395348837794,2129.213291106648
2.0087209302326166,2129.168673443777
2.009302325581454,2129.124012530086
2.0098837209302913,2129.079320478429
2.0104651162791285,2129.0345792494986
2.011046511627966,2128.989797335291
2.0116279069768033,2128.944969342084
2.012209302325641,2128.9005338423026
2.012790697674478,2128.856434495772
2.0133720930233157,2128.8122956932743
2.013953488372153,2128.768113394052
2.01453488372099,2128.723881665725
2.0151162790698276,2128.679847036104
2.0156976744186648,2128.6360637719595
2.0162790697675024,2128.5922258319206
2.0168604651163395,2128.5483402086934
2.0174418604651767,2128.504411212417
2.0180232558140143,2128.460416624153
2.0186046511628515,2128.416342092253
2.0191860465116886,2128.3722272828154
2.019767441860526,2128.3280670357267
2.0203488372093634,2128.2838652105597
2.0209302325582006,2128.23960328623
2.021511627907038,2128.1952554297045
2.0220930232558754,2128.1508392132946
2.0226744186047125,2128.1063235367888
2.02325581395355,2128.0617046991697
2.0238372093023873,2128.01704039276
2.024418604651225,2127.972335459454
2.025000000000062,2127.9275894218335
2.0255813953488997,2127.8828246764438
2.026162790697737,2127.8380199048975
2.026744186046574,2127.7931755061727
2.0273255813954116,2127.748292587589
2.027906976744249,2127.7033693702806
2.0284883720930864,2127.658400036301
2.0290697674419236,2127.613393626711
2.0296511627907607,2127.568341730419
2.0302325581395984,2127.5232482438587
2.0308139534884355,2127.4781130333863
2.031395348837273,2127.4329355383607
2.0319767441861103,2127.3878000735003
2.032558139534948,2127.3426671576117
2.033139534883785,2127.2974940927193
2.0337209302326222,2127.252279802087
2.03430232558146,2127.207012665385
2.034883720930297,2127.161660688306
2.0354651162791346,2127.1162656091105
2.036046511627972,2127.070808467758
2.036627906976809,2127.0253093023252
2.0372093023256466,2126.979771545129
2.0377906976744837,2126.9342201420886
2.038372093023321,2126.888628047723
2.038953488372158,2126.8429686092763
2.0395348837209957,2126.7972614701994
2.040116279069833,2126.751515274257
2.0406976744186704,2126.7057328969513
2.0412790697675076,2126.659925915615
2.041860465116345,2126.61408104882
2.0424418604651824,2126.5681959806006
2.0430232558140196,2126.5222700718136
2.043604651162857,2126.476248461873
2.0441860465116943,2126.430182586855
2.044767441860532,2126.3840794566145
2.045348837209369,2126.3379421309833
2.0459302325582063,2126.291772914053
2.046511627907044,2126.2455635476304
2.047093023255881,2126.19929120204
2.0476744186047187,2126.152942249917
2.048255813953556,2126.1065565420818
2.0488372093023934,2126.0601303768603
2.0494186046512306,2126.013665306639
2.0500000000000678,2125.967161378527
2.0505813953489054,2125.92135188999
2.0511627906977425,2125.876102841554
2.05174418604658,2125.8308397784576
2.0523255813954173,2125.7855393428526
2.052906976744255,2125.7401998082987
2.053488372093092,2125.6948212044285
2.0540697674419293,2125.649403590402
2.054651162790767,2125.603944239907
2.055232558139604,2125.558446258541
2.055813953488441,2125.512909123272
2.056395348837279,2125.4673327768496
2.056976744186116,2125.421717193033
2.057558139534953,2125.376063072575
2.0581395348837903,2125.330373664188
2.058720930232628,2125.284613592763
2.059302325581465,2125.2388058832234
2.0598837209303027,2125.192960834641
2.06046511627914,2125.147071313075
2.0610465116279775,2125.101126645439
2.0616279069768146,2125.0551460200577
2.062209302325652,2125.0091274120114
2.0627906976744894,2124.963070291403
2.0633720930233266,2124.9169746230154
2.063953488372164,2124.870840398399
2.0645348837210014,2124.824664888786
2.0651162790698385,2124.778438470878
2.065697674418676,2124.7321736517056
2.0662790697675133,2124.6858702476907
2.066860465116351,2124.6395288701833
2.067441860465188,2124.5931335448654
2.0680232558140257,2124.546692152501
2.068604651162863,2124.5002128037013
2.0691860465117,2124.4537029291196
2.0697674418605376,2124.4071560406273
2.070348837209375,2124.360570365193
2.0709302325582124,2124.3139455419982
2.0715116279070496,2124.2672844744407
2.072093023255887,2124.220583255153
2.0726744186047243,2124.173843571112
2.0732558139535615,2124.127065605429
2.073837209302399,2124.080249218429
2.0744186046512363,2124.0333943714413
2.0750000000000735,2123.9864999385336
2.075581395348911,2123.939569270727
2.0761627906977482,2123.8925982063583
2.0767441860465854,2123.8455898861816
2.0773255813954226,2123.7985402659506
2.07790697674426,2123.751453674649
2.0784883720930973,2123.7043276526047
2.079069767441935,2123.657159850831
2.079651162790772,2123.609952602615
2.0802325581396097,2123.5627066025845
2.080813953488447,2123.515421562516
2.081395348837284,2123.468094777035
2.0819767441861217,2123.4207301017
2.082558139534959,2123.3733419477207
2.0831395348837964,2123.3259236728422
2.0837209302326336,2123.2784681077674
2.084302325581471,2123.2309736477764
2.0848837209303084,2123.1834401466504
2.0854651162791455,2123.135865309632
2.086046511627983,2123.0882349477174
2.0866279069768203,2123.040547385598
2.087209302325658,2122.992804258682
2.087790697674495,2122.945059705437
2.0883720930233327,2122.8973079834373
2.08895348837217,2122.8495184364547
2.089534883721007,2122.80170936724
2.0901162790698447,2122.75386666741
2.090697674418682,2122.705991658517
2.0912790697675194,2122.6580755191803
2.0918604651163566,2122.6101236129125
2.092441860465194,2122.5621343205685
2.0930232558140314,2122.5141032935603
2.0936046511628685,2122.4660194402627
2.0941860465117057,2122.417898647379
2.0947674418605433,2122.369765981599
2.0953488372093805,2122.321594263358
2.0959302325582176,2122.273386903758
2.096511627907055,2122.2251422938566
2.0970930232558924,2122.1768385161627
2.0976744186047296,2122.128490206099
2.098255813953567,2122.080104538214
2.0988372093024044,2122.031683047426
2.099418604651242,2121.9832246646056
2.100000000000079,2121.9347282221283
2.1005813953489163,2121.8861963487952
2.101162790697754,2121.8376264142157
2.101744186046591,2121.789019573591
2.1023255813954287,2121.7403756478598
2.102906976744266,2121.691695503575
2.1034883720931035,2121.642975939027
2.1040697674419406,2121.5942202266165
2.104651162790778,2121.5454272708484
2.1052325581396154,2121.496595507082
2.1058139534884526,2121.4477292441065
2.10639534883729,2121.398824327901
2.1069767441861273,2121.3498815108637
2.107558139534965,2121.3009034678407
2.108139534883802,2121.2518867077574
2.1087209302326393,2121.20283242305
2.109302325581477,2121.1537407333353
2.109883720930314,2121.104611728246
2.1104651162791517,2121.055445159648
2.111046511627989,2121.006241227257
2.1116279069768265,2120.9570634219695
2.1122093023256636,2120.907853983206
2.112790697674501,2120.8585850710406
2.113372093023338,2120.8092790616024
2.1139534883721756,2120.7599357300633
2.1145348837210127,2120.7105554712934
2.11511627906985,2120.661134906401
2.1156976744186875,2120.61166621504
2.1162790697675247,2120.562172056591
2.116860465116362,2120.512643453696
2.1174418604651994,2120.4630761497833
2.1180232558140366,2120.413472606672
2.118604651162874,2120.363828092159
2.1191860465117114,2120.3141461233536
2.119767441860549,2120.2644294242205
2.120348837209386,2120.2146728513185
2.1209302325582233,2120.1648797408097
2.121511627907061,2120.1150517281485
2.122093023255898,2120.0651860640473
2.1226744186047357,2120.0152834901423
2.123255813953573,2119.9653431598304
2.1238372093024105,2119.9153672323005
2.1244186046512477,2119.86535290046
2.125000000000085,2119.8153016245656
2.1255813953489224,2119.765213577302
2.1261627906977596,2119.7150866618786
2.126744186046597,2119.6649244116875
2.1273255813954344,2119.614722927887
2.1279069767442715,2119.564483636448
2.128488372093109,2119.514208128035
2.1290697674419463,2119.463892075361
2.129651162790784,2119.413541072742
2.130232558139621,2119.363152476926
2.1308139534884587,2119.3127242716364
2.131395348837296,2119.2622536467866
2.131976744186133,2119.2117489657044
2.13255813953497,2119.16120625806
2.133139534883808,2119.11062431464
2.133720930232645,2119.0600080641243
2.134302325581482,2119.0093521430927
2.1348837209303198,2118.9586584267286
2.135465116279157,2118.907927823177
2.136046511627994,2118.857159122545
2.1366279069768317,2118.806353033375
2.137209302325669,2118.755506029165
2.1377906976745065,2118.704631955193
2.1383720930233436,2118.653716377184
2.1389534883721812,2118.6027602834233
2.1395348837210184,2118.551767351728
2.1401162790698556,2118.5007365617244
2.140697674418693,2118.4496677168772
2.1412790697675304,2118.398560948249
2.141860465116368,2118.347416236472
2.142441860465205,2118.2962326153875
2.1430232558140427,2118.2450137018463
2.14360465116288,2118.193755616142
2.144186046511717,2118.1424598669864
2.1447674418605547,2118.0911404800395
2.145348837209392,2118.039829325817
2.1459302325582295,2117.9884850205813
2.1465116279070666,2117.9371028624164
2.1470930232559042,2117.885684083015
2.1476744186047414,2117.834226102704
2.1482558139535786,2117.7827291871854
2.148837209302416,2117.73119280932
2.1494186046512533,2117.67961200113
2.150000000000091,2117.627998768768
2.150581395348928,2117.576345492005
2.1511627906977653,2117.5246540006146
2.1517441860466024,2117.472923578996
2.15232558139544,2117.421154700525
2.1529069767442772,2117.3693468817105
2.1534883720931144,2117.317499566078
2.154069767441952,2117.2656092853517
2.154651162790789,2117.213715961592
2.1552325581396268,2117.1617831974736
2.155813953488464,2117.1098115235195
2.156395348837301,2117.057800885948
2.1569767441861387,2117.005751338181
2.157558139534976,2116.953661934969
2.1581395348838135,2116.9015292726845
2.1587209302326507,2116.8493585145266
2.1593023255814883,2116.797149763807
2.1598837209303254,2116.744901058553
2.1604651162791626,2116.6926133118436
2.161046511628,2116.6402852832166
2.1616279069768374,2116.5879185249087
2.162209302325675,2116.535508272301
2.162790697674512,2116.4830584980577
2.1633720930233493,2116.4305714804486
2.163953488372187,2116.3780425946834
2.164534883721024,2116.3254754165046
2.1651162790698617,2116.272868675324
2.165697674418699,2116.2202067463145
2.1662790697675365,2116.1674830959983
2.1668604651163736,2116.1147217992398
2.167441860465211,2116.0619201978725
2.1680232558140484,2116.0090803641965
2.1686046511628856,2115.9561759276953
2.169186046511723,2115.903230612741
2.1697674418605604,2115.850243350381
2.1703488372093975,2115.797215612661
2.1709302325582347,2115.7441517499237
2.1715116279070723,2115.6910440045012
2.1720930232559095,2115.637910635158
2.1726744186047466,2115.584728905
2.1732558139535842,2115.5315043157498
2.1738372093024214,2115.4782399427695
2.174418604651259,2115.4249442776036
2.175000000000096,2115.3716129970585
2.1755813953489334,2115.318244342114
2.176162790697771,2115.2648424874687
2.176744186046608,2115.211397473008
2.1773255813954457,2115.157913461461
2.177906976744283,2115.104388429095
2.1784883720931205,2115.050818632789
2.1790697674419577,2114.997208970465
2.179651162790795,2114.9435548241845
2.1802325581396325,2114.8898509445858
2.1808139534884696,2114.8360911840246
2.1813953488373072,2114.7822990523728
2.1819767441861444,2114.728463349687
2.182558139534982,2114.6745873625
2.183139534883819,2114.6206710297256
2.1837209302326563,2114.5667142944176
2.184302325581494,2114.512710007846
2.184883720930331,2114.458655108778
2.1854651162791687,2114.4045559628626
2.186046511628006,2114.3504163875236
2.1866279069768435,2114.296235828375
2.1872093023256807,2114.242014687256
2.187790697674518,2114.187752462804
2.1883720930233554,2114.133447355726
2.1889534883721926,2114.0791012941418
2.18953488372103,2114.024720269242
2.190116279069867,2113.9702915059515
2.1906976744187046,2113.9158236118424
2.1912790697675417,2113.8613148916397
2.191860465116379,2113.8067645937344
2.1924418604652165,2113.752182316834
2.1930232558140537,2113.6975554980554
2.1936046511628913,2113.6428894217916
2.1941860465117284,2113.588181767294
2.1947674418605656,2113.533432469356
2.195348837209403,2113.4786421427493
2.1959302325582404,2113.423811524007
2.196511627907078,2113.3689379690386
2.197093023255915,2113.314023688639
2.1976744186047528,2113.2590645947926
2.19825581395359,2113.204064241586
2.198837209302427,2113.1490370080405
2.1994186046512647,2113.0939793418856
2.200000000000102,2113.038871906724
2.2005813953489395,2112.9836908338375
2.2011627906977767,2112.9284541611705
2.2017441860466143,2112.8731730716586
2.2023255813954514,2112.8178508766377
2.2029069767442886,2112.7624821337126
2.203488372093126,2112.7070718116197
2.2040697674419634,2112.6516141894554
2.204651162790801,2112.596116924386
2.205232558139638,2112.5405674370572
2.2058139534884758,2112.4849816099745
2.206395348837313,2112.429346178317
2.20697674418615,2112.373680523509
2.2075581395349877,2112.3179832404844
2.208139534883825,2112.26224861107
2.208720930232662,2112.2064702157827
2.209302325581499,2112.1506411302285
2.209883720930337,2112.094770229077
2.210465116279174,2112.038858246757
2.211046511628011,2111.98287777259
2.2116279069768487,2111.9268553187653
2.212209302325686,2111.870790185922
2.2127906976745235,2111.8146822006943
2.2133720930233607,2111.75854597618
2.2139534883721983,2111.702355028724
2.2145348837210355,2111.646105846523
2.2151162790698726,2111.5898150821467
2.2156976744187102,2111.533467773084
2.2162790697675474,2111.477068304228
2.216860465116385,2111.4206309568167
2.217441860465222,2111.364146507289
2.21802325581406,2111.30761805722
2.218604651162897,2111.251044957738
2.219186046511734,2111.1944276093227
2.2197674418605717,2111.137765680101
2.220348837209409,2111.0810578789337
2.2209302325582465,2111.0243071357386
2.2215116279070837,2110.9675123848733
2.2220930232559213,2110.9106699343292
2.2226744186047585,2110.853781694157
2.2232558139535956,2110.7968491296347
2.2238372093024332,2110.739871642362
2.2244186046512704,2110.6828481711486
2.225000000000108,2110.6257804109346
2.225581395348945,2110.5686591967496
2.2261627906977823,2110.511493816302
2.22674418604662,2110.4542823822135
2.227325581395457,2110.3970303727547
2.2279069767442943,2110.339729658625
2.2284883720931314,2110.2823895631536
2.229069767441969,2110.2250016062735
2.229651162790806,2110.1675418364
2.2302325581396434,2110.1100147765333
2.230813953488481,2110.052436438041
2.231395348837318,2109.99481567174
2.2319767441861558,2109.9371466480547
2.232558139534993,2109.8794379839214
2.2331395348838305,2109.821681978743
2.2337209302326677,2109.763854710992
2.234302325581505,2109.7059580443774
2.2348837209303425,2109.6480155803006
2.2354651162791797,2109.590025717256
2.2360465116280173,2109.53198926216
2.2366279069768544,2109.4739045329047
2.237209302325692,2109.4157724278707
2.237790697674529,2109.3575924004094
2.2383720930233664,2109.2993640254836
2.238953488372204,2109.2410864303793
2.239534883721041,2109.182751308543
2.2401162790698788,2109.12436965882
2.240697674418716,2109.0659303716534
2.2412790697675535,2109.007446131243
2.2418604651163907,2108.9489093235675
2.242441860465228,2108.890321086366
2.2430232558140655,2108.831677498963
2.2436046511629026,2108.772994264688
2.2441860465117403,2108.7142611681174
2.2447674418605774,2108.655468729773
2.2453488372094146,2108.5966220241544
2.245930232558252,2108.537709020819
2.2465116279070894,2108.4787458960864
2.2470930232559265,2108.4197329973463
2.2476744186047637,2108.360668626906
2.2482558139536013,2108.3015523095496
2.2488372093024385,2108.242383770587
2.249418604651276,2108.183154090723
2.2500000000001132,2108.1238772725096
2.2505813953489504,2108.0645475324627
2.251162790697788,2108.0051619062956
2.251744186046625,2107.9457259187025
2.252325581395463,2107.886229054709
2.2529069767443,2107.8266717523984
2.2534883720931376,2107.767063246931
2.2540697674419747,2107.7073979188135
2.254651162790812,2107.647680027662
2.2552325581396495,2107.5879030307356
2.2558139534884867,2107.5280703574585
2.2563953488373243,2107.4682132375374
2.2569767441861615,2107.408296709927
2.257558139534999,2107.3483256199906
2.2581395348838362,2107.288295230779
2.2587209302326734,2107.2281999149486
2.259302325581511,2107.1680288386383
2.259883720930348,2107.1078009841713
2.260465116279186,2107.047514338858
2.261046511628023,2106.9871679557327
2.26162790697686,2106.9267616840466
2.2622093023256977,2106.8662701459803
2.262790697674535,2106.805705996364
2.2633720930233725,2106.7450825532173
2.2639534883722097,2106.6843975809184
2.264534883721047,2106.6236522144272
2.2651162790698844,2106.562841579094
2.2656976744187216,2106.501973983581
2.2662790697675588,2106.4410577640774
2.266860465116396,2106.380077592306
2.2674418604652335,2106.3190395991423
2.2680232558140707,2106.2579377909437
2.2686046511629083,2106.1967689329285
2.2691860465117455,2106.135534870843
2.2697674418605827,2106.074235244882
2.2703488372094203,2106.0128683435987
2.2709302325582574,2105.951434786341
2.271511627907095,2105.8899301959827
2.272093023255932,2105.8283559228853
2.27267441860477,2105.7667131497287
2.273255813953607,2105.7050036778096
2.273837209302444,2105.6432239315
2.2744186046512818,2105.581421886447
2.275000000000119,2105.5201555086933
2.2755813953489565,2105.4589830304844
2.2761627906977937,2105.3977518970055
2.2767441860466313,2105.33645189803
2.2773255813954685,2105.275083180348
2.2779069767443056,2105.2136483956187
2.2784883720931433,2105.152144382755
2.2790697674419804,2105.0905727882036
2.279651162790818,2105.028929059942
2.280232558139655,2104.9672171631223
2.280813953488493,2104.905529075878
2.28139534883733,2104.84421326433
2.281976744186167,2104.7828353040463
2.2825581395350047,2104.721384568159
2.283139534883842,2104.659860993203
2.283720930232679,2104.5982768099598
2.2843023255815167,2104.5366128559795
2.284883720930354,2104.474886129339
2.285465116279191,2104.41310823075
2.286046511628028,2104.3512690277635
2.286627906976866,2104.2893752308923
2.287209302325703,2104.227410110396
2.2877906976745406,2104.1653739746675
2.2883720930233777,2104.10326485277
2.2889534883722154,2104.041086315873
2.2895348837210525,2103.9788327297165
2.2901162790698897,2103.9165098047133
2.2906976744187273,2103.8541120103187
2.2912790697675645,2103.791637824195
2.291860465116402,2103.7290888850484
2.2924418604652392,2103.666463773574
2.2930232558140764,2103.603763111695
2.293604651162914,2103.5409840647794
2.294186046511751,2103.4781253548813
2.294767441860589,2103.4151876201377
2.295348837209426,2103.3521729263766
2.2959302325582636,2103.2890769370356
2.2965116279071007,2103.225902962832
2.297093023255938,2103.1626441889707
2.2976744186047755,2103.099300563347
2.2982558139536127,2103.035877334218
2.2988372093024503,2102.9723719820113
2.2994186046512874,2102.908783460362
2.300000000000125,2102.845113653412
2.300581395348962,2102.7813590556448
2.3011627906977994,2102.717529005557
2.301744186046637,2102.653636522124
2.302325581395474,2102.5896673028096
2.3029069767443113,2102.5256135216287
2.303488372093149,2102.4614727236526
2.304069767441986,2102.3972443697517
2.3046511627908233,2102.3329268942057
2.3052325581396604,2102.2685214088337
2.305813953488498,2102.2040261083484
2.306395348837335,2102.1394392101615
2.306976744186173,2102.074753084007
2.30755813953501,2102.0099788088473
2.3081395348838476,2101.945106690948
2.3087209302326848,2101.880138173499
2.309302325581522,2101.815069792373
2.3098837209303595,2101.749907228436
2.3104651162791967,2101.684647961643
2.3110465116280343,2101.619290977221
2.3116279069768715,2101.5538367641643
2.312209302325709,2101.4882790261954
2.3127906976745463,2101.4226229001574
2.3133720930233834,2101.356863035084
2.313953488372221,2101.2910003561124
2.314534883721058,2101.225026208632
2.315116279069896,2101.1589458116246
2.315697674418733,2101.092758749967
2.3162790697675706,2101.0264641407234
2.3168604651164078,2100.960060716869
2.317441860465245,2100.8935471699283
2.3180232558140825,2100.826922041775
2.3186046511629197,2100.760198249536
2.3191860465117573,2100.693362851203
2.3197674418605945,2100.626411823757
2.3203488372094316,2100.56004157903
2.3209302325582692,2100.4935913704903
2.3215116279071064,2100.4270312434683
2.3220930232559436,2100.360359915396
2.322674418604781,2100.2935480347633
2.3232558139536184,2100.2266201491793
2.3238372093024555,2100.1595771885263
2.324418604651293,2100.0924180281336
2.3250000000001303,2100.0251414416116
2.3255813953489675,2099.95773927015
2.326162790697805,2099.8904526363467
2.3267441860466422,2099.8232390638036
2.32732558139548,2099.7559072482345
2.327906976744317,2099.6884560449053
2.328488372093154,2099.620883754705
2.329069767441992,2099.553189197454
2.329651162790829,2099.4853707988314
2.3302325581396666,2099.417436459496
2.3308139534885037,2099.3494096061354
2.3313953488373413,2099.281054774201
2.3319767441861785,2099.2110912472344
2.3325581395350157,2099.140846480738
2.3331395348838533,2099.070518517772
2.3337209302326904,2099.0001058657344
2.334302325581528,2098.9296100360825
2.3348837209303652,2098.8590277790713
2.335465116279203,2098.7883580506477
2.33604651162804,2098.71762248295
2.336627906976877,2098.64679486156
2.3372093023257148,2098.5758802802384
2.337790697674552,2098.504873555718
2.3383720930233896,2098.433774234273
2.3389534883722267,2098.3623143125965
2.339534883721064,2098.289792126495
2.3401162790699015,2098.2172100411985
2.3406976744187387,2098.1445657131367
2.341279069767576,2098.0718602566644
2.3418604651164134,2097.9990664071593
2.3424418604652506,2097.926213899382
2.3430232558140878,2097.8532888483714
2.3436046511629254,2097.780281029293
2.3441860465117625,2097.707210604663
2.3447674418605997,2097.634071685394
2.3453488372094373,2097.5608645007687
2.3459302325582745,2097.4875903972315
2.346511627907112,2097.4142432442677
2.3470930232559493,2097.3408129726977
2.347674418604787,2097.2673038916723
2.348255813953624,2097.193720241753
2.348837209302461,2097.1200869018694
2.349418604651299,2097.0464089587545
2.350000000000136,2096.972659443007
2.3505813953489736,2096.898839731579
2.3511627906978108,2096.8249476310457
2.3517441860466484,2096.7509842784284
2.3523255813954855,2096.6769475733854
2.3529069767443227,2096.6028387814918
2.3534883720931603,2096.5286504045876
2.3540697674419975,2096.4543897823737
2.354651162790835,2096.380054833031
2.3552325581396722,2096.3056449826763
2.35581395348851,2096.231161136849
2.356395348837347,2096.1565959481186
2.356976744186184,2096.081951721761
2.357558139535022,2096.0072324329217
2.358139534883859,2095.932434399471
2.358720930232696,2095.857560692888
2.3593023255815337,2095.782607939973
2.359883720930371,2095.707583131458
2.360465116279208,2095.6324882301324
2.3610465116280457,2095.55731521682
2.361627906976883,2095.4820601921765
2.36220930232572,2095.406726442276
2.3627906976745576,2095.3313097422892
2.363372093023395,2095.2558148520566
2.363953488372232,2095.180234131453
2.3645348837210696,2095.1045732274624
2.3651162790699067,2095.028825959895
2.3656976744187443,2094.952995204116
2.3662790697675815,2094.87707807967
2.366860465116419,2094.80104243922
2.3674418604652563,2094.7249126702563
2.3680232558140935,2094.6486773788065
2.368604651162931,2094.572354989761
2.3691860465117682,2094.4959456397037
2.369767441860606,2094.419447658758
2.370348837209443,2094.3428621181038
2.3709302325582806,2094.2661409704688
2.371511627907118,2094.189246786109
2.372093023255955,2094.1122629157476
2.3726744186047926,2094.035186846438
2.3732558139536297,2093.9580177464145
2.3738372093024673,2093.880754835454
2.3744186046513045,2093.8033972330604
2.375000000000142,2093.7259436240647
2.3755813953489793,2093.6483947980705
2.3761627906978164,2093.5707410859955
2.376744186046654,2093.4929930960216
2.377325581395491,2093.415144850156
2.3779069767443284,2093.3371961357693
2.378488372093166,2093.259146749977
2.379069767442003,2093.18099564527
2.3796511627908403,2093.1027420550863
2.380232558139678,2093.0243850001975
2.380813953488515,2092.946098344442
2.3813953488373523,2092.868721956918
2.38197674418619,2092.791313884864
2.382558139535027,2092.7137983021717
2.3831395348838647,2092.6361741174355
2.383720930232702,2092.558444249765
2.384302325581539,2092.480598766973
2.3848837209303766,2092.402682509567
2.3854651162792138,2092.324669993915
2.3860465116280514,2092.246523830364
2.3866279069768885,2092.1682563365516
2.387209302325726,2092.0898708775435
2.3877906976745633,2092.0105863409913
2.3883720930234005,2091.930891761117
2.388953488372238,2091.851129875707
2.3895348837210753,2091.77129786636
2.390116279069913,2091.6913749651803
2.39069767441875,2091.6113297362294
2.391279069767587,2091.531222807632
2.391860465116425,2091.4510388818794
2.392441860465262,2091.37077726716
2.3930232558140996,2091.290448799902
2.3936046511629367,2091.210066249377
2.3941860465117744,2091.1296249822194
2.3947674418606115,2091.0491083458737
2.3953488372094487,2090.9685170512194
2.3959302325582863,2090.887842456473
2.3965116279071235,2090.807091492736
2.3970930232559606,2090.7262572820437
2.3976744186047982,2090.644456043468
2.3982558139536354,2090.5622221592203
2.3988372093024726,2090.4799416107426
2.39941860465131,2090.397624076069
2.4000000000001473,2090.3152565949194
2.4005813953489845,2090.2328431726764
2.401162790697822,2090.1503834588784
2.4017441860466593,2090.0678749132103
2.402325581395497,2089.9853207232695
2.402906976744334,2089.9027100405083
2.4034883720931712,2089.820055746902
2.404069767442009,2089.7373527720033
2.404651162790846,2089.654595635043
2.4052325581396836,2089.571796342955
2.405813953488521,2089.4889415220414
2.4063953488373584,2089.406040232851
2.4069767441861956,2089.323090328937
2.4075581395350327,2089.240098118857
2.4081395348838703,2089.1570249598885
2.4087209302327075,2089.0739032433257
2.409302325581545,2088.990726653588
2.4098837209303823,2088.9075019743455
2.41046511627922,2088.8242269024327
2.411046511628057,2088.740900979258
2.411627906976894,2088.6575243590455
2.412209302325732,2088.5740961038628
2.412790697674569,2088.4906160237833
2.4133720930234066,2088.4070844770795
2.4139534883722438,2088.3234999555575
2.414534883721081,2088.239860415427
2.4151162790699185,2088.1561635048793
2.4156976744187557,2088.0724165127835
2.416279069767593,2087.988615567973
2.4168604651164305,2087.90476059779
2.4174418604652677,2087.8208509121528
2.418023255814105,2087.736882945654
2.4186046511629424,2087.652848928647
2.4191860465117796,2087.5687660092253
2.4197674418606168,2087.4846243248235
2.4203488372094544,2087.4004235733482
2.4209302325582915,2087.316216008558
2.421511627907129,2087.231966776592
2.4220930232559663,2087.1476592346776
2.422674418604804,2087.063289816276
2.423255813953641,2086.9788635868035
2.4238372093024783,2086.8943762732706
2.424418604651316,2086.809838479456
2.425000000000153,2086.725261570477
2.4255813953489906,2086.6406237342417
2.426162790697828,2086.555925817338
2.426744186046665,2086.4711609106753
2.4273255813955026,2086.3863366981154
2.4279069767443398,2086.3014413601304
2.4284883720931774,2086.2164179416923
2.4290697674420145,2086.131242088452
2.429651162790852,2086.0460037153375
2.4302325581396893,2085.9619539858068
2.4308139534885265,2085.877890122432
2.431395348837364,2085.7937618523406
2.4319767441862012,2085.709565104201
2.432558139535039,2085.6253024813077
2.433139534883876,2085.540972461642
2.433720930232713,2085.4565719352504
2.434302325581551,2085.37210263243
2.434883720930388,2085.287563070767
2.435465116279225,2085.202952731917
2.4360465116280627,2085.1182710438816
2.4366279069769,2085.0335174274196
2.437209302325737,2084.94869129074
2.4377906976745747,2084.8644871887127
2.438372093023412,2084.780354226488
2.438953488372249,2084.6961489283244
2.4395348837210866,2084.6118686434897
2.440116279069924,2084.5275126949928
2.4406976744187614,2084.443080430033
2.4412790697675986,2084.3585711700666
2.441860465116436,2084.2739842198707
2.4424418604652733,2084.189737979843
2.4430232558141105,2084.105706815633
2.443604651162948,2084.0216126840105
2.4441860465117853,2083.9375254650186
2.444767441860623,2083.853362655219
2.44534883720946,2083.7691214828446
2.4459302325582977,2083.684796277281
2.446511627907135,2083.600392903653
2.447093023255972,2083.516215659866
2.4476744186048096,2083.4321181750174
2.4482558139536468,2083.3479465034534
2.4488372093024844,2083.2636867365227
2.4494186046513216,2083.1793467181355
2.450000000000159,2083.0949400030477
2.4505813953489963,2083.010483155548
2.4511627906978335,2082.9258831444486
2.451744186046671,2082.841185001881
2.4523255813955083,2082.756399180685
2.4529069767443454,2082.6715209308704
2.453488372093183,2082.5865552915243
2.45406976744202,2082.5014990671543
2.4546511627908574,2082.416351299642
2.455232558139695,2082.3311111890357
2.455813953488532,2082.245777548786
2.4563953488373693,2082.160349734815
2.456976744186207,2082.0748267391423
2.457558139535044,2081.9892075388407
2.4581395348838813,2081.903491175143
2.458720930232719,2081.8176784747343
2.459302325581556,2081.7317622772507
2.4598837209303936,2081.6457424109535
2.460465116279231,2081.55972375786
2.4610465116280684,2081.4742628709446
2.4616279069769056,2081.3888239749326
2.4622093023257428,2081.303310143008
2.4627906976745804,2081.217694973695
2.4633720930234175,2081.1319779370992
2.463953488372255,2081.0461698700487
2.4645348837210923,2080.9602585748603
2.46511627906993,2080.874242781664
2.465697674418767,2080.788121477617
2.4662790697676042,2080.7018914275304
2.466860465116442,2080.615661434401
2.467441860465279,2080.529796786818
2.4680232558141166,2080.4438254304378
2.468604651162954,2080.3577463439997
2.4691860465117914,2080.2715581356724
2.4697674418606286,2080.185253994955
2.4703488372094657,2080.098840577989
2.4709302325583034,2080.01231656965
2.4715116279071405,2079.925680615856
2.4720930232559777,2079.8389313220828
2.4726744186048153,2079.7520672513765
2.4732558139536525,2079.6650936238816
2.4738372093024896,2079.578003025092
2.4744186046513272,2079.4907930602812
2.4750000000001644,2079.403466663856
2.4755813953490016,2079.3160205033128
2.476162790697839,2079.228450247901
2.4767441860466763,2079.1407544228023
2.477325581395514,2079.052931280378
2.477906976744351,2078.964979504055
2.4784883720931883,2078.8768974876907
2.479069767442026,2078.7886835962545
2.479651162790863,2078.700335660529
2.4802325581397007,2078.611852135252
2.480813953488538,2078.52323136909
2.4813953488373754,2078.4344697805386
2.4819767441862126,2078.3455670375815
2.48255813953505,2078.2565214321894
2.4831395348838874,2078.1673307464507
2.4837209302327246,2078.0779917195755
2.484302325581562,2077.9885045197893
2.4848837209303993,2077.898867372419
2.485465116279237,2077.8090784562733
2.486046511628074,2077.719135896238
2.4866279069769113,2077.629500066977
2.487209302325749,2077.540108367393
2.487790697674586,2077.4505424802296
2.4883720930234237,2077.360824553657
2.488953488372261,2077.2709469003025
2.489534883721098,2077.180905092483
2.4901162790699356,2077.090714572305
2.4906976744187728,2077.0003759461565
2.49127906976761,2076.910419529495
2.4918604651164475,2076.8202906285887
2.4924418604652847,2076.730005798025
2.493023255814122,2076.639679063215
2.4936046511629595,2076.5495187253864
2.4941860465117967,2076.4591882675436
2.494767441860634,2076.368695072527
2.4953488372094714,2076.2780412534325
2.4959302325583086,2076.1872263359282
2.496511627907146,2076.0962494015007
2.4970930232559834,2076.0050973788348
2.4976744186048205,2075.9137669873176
2.498255813953658,2075.822255802735
2.4988372093024953,2075.7305642754886
2.499418604651333,2075.638682770754
2.50000000000017,2075.546606853771
2.5005813953490077,2075.4549460576195
2.501162790697845,2075.3626589900673
2.501744186046682,2075.2690515820177
2.5023255813955196,2075.175290418414
2.502906976744357,2075.0813743857416
2.5034883720931944,2074.9873019418965
2.5040697674420316,2074.893069725858
2.504651162790869,2074.7986628143894
2.5052325581397064,2074.704090162701
2.5058139534885435,2074.609352926837
2.506395348837381,2074.5144489443355
2.5069767441862183,2074.41841187294
2.507558139535056,2074.32212501201
2.508139534883893,2074.2256910039796
2.5087209302327307,2074.1291036051243
2.509302325581568,2074.032400245466
2.509883720930405,2073.9355755560955
2.510465116279242,2073.838596025953
2.51104651162808,2073.741458689737
2.511627906976917,2073.64416393094
2.512209302325754,2073.5466880295744
2.5127906976745917,2073.4490450902463
2.513372093023429,2073.3512334634675
2.513953488372266,2073.253237365216
2.5145348837211037,2073.1550696003796
2.515116279069941,2073.056728669833
2.5156976744187785,2072.95821130511
2.5162790697676156,2072.859002740468
2.5168604651164532,2072.7580745539503
2.5174418604652904,2072.657022533614
2.5180232558141276,2072.5558448897623
2.518604651162965,2072.454540187498
2.5191860465118023,2072.3531059683364
2.51976744186064,2072.2515481189175
2.520348837209477,2072.149858890175
2.5209302325583147,2072.0480873188976
2.521511627907152,2071.946243855415
2.522093023255989,2071.8442688266286
2.5226744186048267,2071.742158069953
2.523255813953664,2071.639913947948
2.5238372093025014,2071.537525933707
2.5244186046513386,2071.4338407362416
2.5250000000001758,2071.329829950115
2.5255813953490134,2071.2257136067024
2.5261627906978505,2071.121494403723
2.526744186046688,2071.0171697633264
2.5273255813955253,2070.9127367034334
2.527906976744363,2070.808193863107
2.5284883720932,2070.703560596385
2.5290697674420373,2070.598831018896
2.5296511627908744,2070.4939956730477
2.530232558139712,2070.3890532576906
2.530813953488549,2070.284005115183
2.5313953488373864,2070.1788412756114
2.531976744186224,2070.0735595737
2.532558139535061,2069.9681583881948
2.5331395348838983,2069.8626259254365
2.533720930232736,2069.7569494062914
2.534302325581573,2069.6511527649495
2.5348837209304107,2069.545241151426
2.535465116279248,2069.43920040068
2.5360465116280855,2069.333023000002
2.5366279069769226,2069.2267183532085
2.53720930232576,2069.1202818365296
2.5377906976745974,2069.013708674574
2.5383720930234346,2068.9070023211134
2.538953488372272,2068.8001612953904
2.5395348837211094,2068.6931833451295
2.540116279069947,2068.586067444866
2.540697674418784,2068.478810036512
2.5412790697676213,2068.3714099046542
2.541860465116459,2068.2637948454962
2.542441860465296,2068.1559829128846
2.5430232558141337,2068.0480235338273
2.543604651162971,2067.9399118759657
2.5441860465118085,2067.831644363268
2.5447674418606456,2067.7232218788117
2.545348837209483,2067.614297108467
2.5459302325583204,2067.5034454589804
2.5465116279071576,2067.392499344011
2.547093023255995,2067.281449992486
2.5476744186048323,2067.1703029934683
2.5482558139536695,2067.0590473373018
2.5488372093025067,2066.9476834933307
2.5494186046513443,2066.836222846813
2.5500000000001815,2066.724660653287
2.5505813953490186,2066.6130002421164
2.5511627906978562,2066.5012327365766
2.5517441860466934,2066.389357378016
2.552325581395531,2066.2760123955413
2.552906976744368,2066.162549712047
2.5534883720932053,2066.0490181200394
2.554069767442043,2065.9354140928704
2.55465116279088,2065.821659062034
2.5552325581397177,2065.707768800578
2.555813953488555,2065.593808171246
2.556395348837392,2065.4797742642263
2.5569767441862297,2065.365667960143
2.557558139535067,2065.251484909558
2.5581395348839044,2065.1372278059803
2.5587209302327416,2065.0230461107935
2.559302325581579,2064.9096860677523
2.5598837209304164,2064.796233941665
2.5604651162792536,2064.682622019596
2.561046511628091,2064.5695188252043
2.5616279069769283,2064.457157736285
2.562209302325766,2064.344718059402
2.562790697674603,2064.2321889610016
2.5633720930234407,2064.119589795569
2.563953488372278,2064.0072527801267
2.564534883721115,2063.8951895130836
2.5651162790699527,2063.7830406758458
2.56569767441879,2063.670778967407
2.5662790697676274,2063.5573659660486
2.5668604651164646,2063.4438905132324
2.5674418604653018,2063.330348013808
2.568023255814139,2063.217305259721
2.5686046511629765,2063.104553681579
2.5691860465118137,2062.9917407257803
2.569767441860651,2062.87886330813
2.5703488372094885,2062.765920958565
2.5709302325583256,2062.6529123683704
2.5715116279071633,2062.539837663515
2.5720930232560004,2062.4266959225192
2.5726744186048376,2062.313486436769
2.573255813953675,2062.2002084137457
2.5738372093025124,2062.086816511577
2.57441860465135,2061.973329890369
2.575000000000187,2061.859771371466
2.5755813953490247,2061.746139323385
2.576162790697862,2061.6324405692862
2.576744186046699,2061.5175973843093
2.5773255813955367,2061.4021396503017
2.577906976744374,2061.286649405887
2.5784883720932115,2061.171127927811
2.5790697674420486,2061.0555697792715
2.5796511627908862,2060.939974326995
2.5802325581397234,2060.824343391585
2.5808139534885606,2060.708680576969
2.581395348837398,2060.592978250719
2.5819767441862354,2060.4772410724745
2.582558139535073,2060.3613456734383
2.58313953488391,2060.2453782698285
2.5837209302327477,2060.129377379093
2.584302325581585,2060.013337835375
2.584883720930422,2059.8972603938723
2.5854651162792597,2059.781144581429
2.586046511628097,2059.6649899181216
2.586627906976934,2059.548796583763
2.587209302325771,2059.4326415862547
2.587790697674609,2059.3177303040825
2.588372093023446,2059.202842072262
2.588953488372283,2059.087912711918
2.5895348837211207,2058.972949795901
2.590116279069958,2058.8579453003226
2.5906976744187955,2058.7428940827213
2.5912790697676327,2058.627801960587
2.59186046511647,2058.5126681021006
2.5924418604653074,2058.397491077227
2.5930232558141446,2058.2830983902472
2.593604651162982,2058.1687544822594
2.5941860465118194,2058.0543684093514
2.594767441860657,2057.939937313263
2.595348837209494,2057.8254606660366
2.5959302325583313,2057.7109379267213
2.596511627907169,2057.5963685398747
2.597093023256006,2057.481754311261
2.5976744186048437,2057.3670935935043
2.598255813953681,2057.252387280891
2.5988372093025185,2057.1376332488435
2.5994186046513557,2057.0228285860876
2.600000000000193,2056.907983982337
2.6005813953490304,2056.793034706679
2.6011627906978676,2056.6780202365644
2.601744186046705,2056.56294926499
2.6023255813955424,2056.4478236591203
2.60290697674438,2056.332642841769
2.603488372093217,2056.2174051903617
2.6040697674420543,2056.1021087248555
2.604651162790892,2055.986756702087
2.605232558139729,2055.871348501727
2.6058139534885663,2055.755883120067
2.6063953488374034,2055.640359098807
2.606976744186241,2055.5247850539095
2.607558139535078,2055.409158611508
2.6081395348839154,2055.293472766275
2.608720930232753,2055.177722048261
2.60930232558159,2055.0619100406284
2.6098837209304278,2054.9460361114643
2.610465116279265,2054.830099191289
2.6110465116281025,2054.714094919982
2.6116279069769397,2054.5980283506965
2.612209302325777,2054.481903703019
2.6127906976746145,2054.365722266751
2.6133720930234516,2054.24952948735
2.6139534883722892,2054.133933220004
2.6145348837211264,2054.0182654555592
2.615116279069964,2053.902531030702
2.615697674418801,2053.7867291524894
2.6162790697676384,2053.6708591035194
2.616860465116476,2053.554922153596
2.617441860465313,2053.439604762786
2.6180232558141507,2053.3245524191902
2.618604651162988,2053.20943567366
2.6191860465118255,2053.094253736656
2.6197674418606627,2052.979006068448
2.6203488372095,2052.8636921811244
2.6209302325583375,2052.748311190933
2.6215116279071746,2052.6329211333064
2.6220930232560122,2052.5177765897206
2.6226744186048494,2052.4038886872936
2.6232558139536866,2052.290053227385
2.623837209302524,2052.1761507866
2.6244186046513613,2052.0621805778355
2.6250000000001985,2051.948141166771
2.6255813953490357,2051.834029022807
2.6261627906978733,2051.719846670472
2.6267441860467104,2051.6055946495817
2.6273255813955476,2051.491335641415
2.6279069767443852,2051.3770090221215
2.6284883720932224,2051.262605771511
2.62906976744206,2051.148128349362
2.629651162790897,2051.0335776635147
2.6302325581397348,2050.9189494050615
2.630813953488572,2050.8042449459363
2.631395348837409,2050.6894607153226
2.6319767441862467,2050.5745933981434
2.632558139535084,2050.45964432649
2.6331395348839215,2050.344613078736
2.6337209302327587,2050.229501543668
2.6343023255815963,2050.1143087196333
2.6348837209304334,2049.999025472426
2.6354651162792706,2049.883649987547
2.636046511628108,2049.7681915452695
2.6366279069769454,2049.652650090168
2.637209302325783,2049.537022847568
2.63779069767462,2049.4213097780284
2.6383720930234578,2049.305508409718
2.638953488372295,2049.1896194289525
2.639534883721132,2049.073639358315
2.6401162790699697,2048.957568387986
2.640697674418807,2048.841387931588
2.6412790697676445,2048.725159746927
2.6418604651164816,2048.608848823797
2.642441860465319,2048.4924412220494
2.6430232558141564,2048.3759450385996
2.6436046511629936,2048.2593560626365
2.6441860465118308,2048.1427426243695
2.644767441860668,2048.0260623344816
2.6453488372095055,2047.9092789447247
2.6459302325583427,2047.7924004769584
2.6465116279071803,2047.6756797922785
2.6470930232560175,2047.5634260065099
2.6476744186048546,2047.4528299715982
2.6482558139536923,2047.342151978676
2.6488372093025294,2047.2313810639143
2.649418604651367,2047.1204921619687
2.650000000000204,2047.0094921039974
2.650581395349042,2046.89837170429
2.651162790697879,2046.7871289209884
2.651744186046716,2046.6757616996429
2.6523255813955537,2046.5642680731619
2.652906976744391,2046.452645993521
2.6534883720932285,2046.343852318596
2.6540697674420657,2046.2363385373876
2.654651162790903,2046.1286896233871
2.6552325581397405,2046.0209036307656
2.6558139534885776,2045.9129787858571
2.6563953488374152,2045.8049128312634
2.6569767441862524,2045.6967032307818
2.65755813953509,2045.5883474399159
2.658139534883927,2045.4798426006046
2.6587209302327643,2045.371177070006
2.659302325581602,2045.2623563277195
2.659883720930439,2045.153389665179
2.6604651162792767,2045.0432480625293
2.661046511628114,2044.9324726633465
2.661627906976951,2044.8216532854879
2.6622093023257887,2044.7107389344042
2.662790697674626,2044.599733091541
2.663372093023463,2044.488630248227
2.6639534883723,2044.3774267512551
2.664534883721138,2044.2660963228698
2.665116279069975,2044.1547317183392
2.6656976744188126,2044.0426071802897
2.6662790697676497,2043.9304924645455
2.666860465116487,2043.8183329292876
2.6674418604653245,2043.7061254093683
2.6680232558141617,2043.593869472416
2.6686046511629993,2043.481566981152
2.6691860465118364,2043.3692295769072
2.669767441860674,2043.2568608265601
2.670348837209511,2043.1444330884215
2.6709302325583484,2043.0319488376995
2.671511627907186,2042.9193883116834
2.672093023256023,2042.8067750351802
2.6726744186048608,2042.6941091872754
2.673255813953698,2042.581366933493
2.6738372093025355,2042.4685659935637
2.6744186046513727,2042.3557054739883
2.67500000000021,2042.2427907483782
2.6755813953490475,2042.1298212905297
2.6761627906978847,2042.016796383039
2.6767441860467223,2041.903708156502
2.6773255813955594,2041.7905630157788
2.677906976744397,2041.6773608977683
2.678488372093234,2041.5641010116033
2.6790697674420714,2041.4507827591456
2.679651162790909,2041.3374052147997
2.680232558139746,2041.2239676694674
2.6808139534885833,2041.1104697375386
2.681395348837421,2040.9969065360947
2.681976744186258,2040.8832744230804
2.6825581395350953,2040.7695791029255
2.6831395348839324,2040.655820705505
2.68372093023277,2040.5419985025667
2.684302325581607,2040.4281117258843
2.684883720930445,2040.3141561327157
2.685465116279282,2040.2001278409941
2.6860465116281196,2040.086032807139
2.6866279069769567,2039.9718701600814
2.687209302325794,2039.857638954719
2.6877906976746315,2039.7433178304577
2.6883720930234687,2039.6288237660467
2.6889534883723063,2039.5142589152592
2.6895348837211435,2039.399622480474
2.6901162790699806,2039.2849800038655
2.6906976744188182,2039.1765558417394
2.6912790697676554,2039.0682801699056
2.691860465116493,2038.9599289529863
2.69244186046533,2038.8515024242686
2.693023255814168,2038.743003725212
2.693604651163005,2038.6344273770678
2.694186046511842,2038.5257689625291
2.6947674418606797,2038.4170231381077
2.695348837209517,2038.308196167657
2.6959302325583545,2038.1992873458664
2.6965116279071917,2038.0902964190325
2.6970930232560293,2037.9830055959942
2.6976744186048665,2037.8782183867834
2.6982558139537036,2037.7733363590476
2.6988372093025412,2037.6683603407796
2.6994186046513784,2037.5632933092209
2.7000000000002156,2037.458133793986
2.700581395349053,2037.3528802775952
2.7011627906978903,2037.2475343474018
2.7017441860467275,2037.142095330645
2.7023255813955647,2037.0365618866053
2.7029069767444023,2036.9309210492795
2.7034883720932394,2036.8251137981113
2.704069767442077,2036.7192039849938
2.704651162790914,2036.6131919765926
2.705232558139752,2036.507077800613
2.705813953488589,2036.4008600264
2.706395348837426,2036.294527962595
2.7069767441862638,2036.1880626607265
2.707558139535101,2036.0815198251594
2.7081395348839385,2035.9749819171345
2.7087209302327757,2035.8695191488948
2.7093023255816133,2035.7629806846537
2.7098837209304505,2035.6560518587619
2.7104651162792877,2035.5490426874871
2.7110465116281253,2035.4419607399402
2.7116279069769624,2035.334808021491
2.7122093023258,2035.2275835648002
2.712790697674637,2035.1202859927746
2.713372093023475,2035.013327999421
2.713953488372312,2034.9069316887708
2.714534883721149,2034.800472121269
2.7151162790699868,2034.6939341849425
2.715697674418824,2034.5853918879104
2.7162790697676615,2034.4763947795175
2.7168604651164987,2034.3673923007907
2.7174418604653363,2034.258381746868
2.7180232558141735,2034.1493591794344
2.7186046511630106,2034.0403089315632
2.719186046511848,2033.9312442878306
2.7197674418606854,2033.822171360813
2.7203488372095226,2033.7130934834224
2.7209302325583598,2033.6040017992188
2.721511627907197,2033.4948720499997
2.7220930232560345,2033.385736723986
2.7226744186048717,2033.2765790913513
2.7232558139537093,2033.1674104670792
2.7238372093025465,2033.0582326909541
2.724418604651384,2032.949047400172
2.7250000000002212,2032.8398534968994
2.7255813953490584,2032.7306514572895
2.726162790697896,2032.6214411287144
2.726744186046733,2032.5122166135268
2.727325581395571,2032.4029778029212
2.727906976744408,2032.293733214149
2.7284883720932456,2032.184457048919
2.7290697674420827,2032.0751758975002
2.72965116279092,2031.965885256393
2.7302325581397575,2031.8565838663449
2.7308139534885947,2031.7472755840345
2.7313953488374323,2031.637960067226
2.7319767441862695,2031.5286200398673
2.732558139535107,2031.4192055032772
2.7331395348839442,2031.3097858592391
2.7337209302327814,2031.2003610265429
2.734302325581619,2031.090926594334
2.734883720930456,2030.9814626176412
2.735465116279294,2030.8719791949518
2.736046511628131,2030.7624905648606
2.7366279069769686,2030.652993817566
2.7372093023258057,2030.5434890018505
2.737790697674643,2030.4339760369874
2.73837209302348,2030.3244548947368
2.7389534883723177,2030.2149255621491
2.739534883721155,2030.1053637907903
2.740116279069992,2029.9957353858306
2.7406976744188296,2029.8860421545448
2.7412790697676668,2029.7763231964852
2.741860465116504,2029.666601143133
2.7424418604653416,2029.5568689541722
2.7430232558141787,2029.4471308250313
2.7436046511630163,2029.3373784872201
2.7441860465118535,2029.2276184544078
2.744767441860691,2029.1178506312654
2.7453488372095283,2029.0080755023987
2.7459302325583654,2028.8982731141375
2.746511627907203,2028.7884481947592
2.74709302325604,2028.6786209085988
2.747674418604878,2028.5687665956884
2.748255813953715,2028.4588951632106
2.7488372093025526,2028.3489842954712
2.7494186046513898,2028.2390625516875
2.750000000000227,2028.1291361439155
2.7505813953490645,2028.0192018622934
2.7511627906979017,2027.9092483054055
2.7517441860467393,2027.7992670186024
2.7523255813955765,2027.6892810007396
2.7529069767444136,2027.5797696389595
2.7534883720932513,2027.4707919806565
2.7540697674420884,2027.3618067188227
2.754651162790926,2027.2528160543877
2.755232558139763,2027.1438164639305
2.755813953488601,2027.0347994126005
2.756395348837438,2026.9257678031315
2.756976744186275,2026.8167311398422
2.7575581395351123,2026.7076862102165
2.75813953488395,2026.598634083609
2.758720930232787,2026.4905137505039
2.7593023255816242,2026.3829498649452
2.759883720930462,2026.2753790279266
2.760465116279299,2026.167797944724
2.761046511628136,2026.0602034972867
2.761627906976974,2025.9526007915456
2.762209302325811,2025.8449878608296
2.7627906976746486,2025.737357277385
2.7633720930234857,2025.6297076003573
2.7639534883723234,2025.5220397200485
2.7645348837211605,2025.4143667690926
2.7651162790699977,2025.306668058955
2.7656976744188353,2025.1989489926966
2.7662790697676725,2025.091225102364
2.76686046511651,2024.9834760339568
2.7674418604653472,2024.8756950123181
2.768023255814185,2024.7678973576858
2.768604651163022,2024.6600849667343
2.769186046511859,2024.5522650430091
2.769767441860697,2024.4444262759969
2.770348837209534,2024.336579000448
2.7709302325583716,2024.228712820282
2.7715116279072087,2024.120832621034
2.7720930232560463,2024.012944790679
2.7726744186048835,2023.9050490475984
2.7732558139537207,2023.7971434573828
2.7738372093025583,2023.6891939879165
2.7744186046513954,2023.5812460557008
2.775000000000233,2023.4733300446067
2.7755813953490702,2023.3654056524615
2.7761627906979074,2023.257467152662
2.7767441860467446,2023.1495037935151
2.777325581395582,2023.04152996531
2.7779069767444193,2022.9335473806195
2.7784883720932565,2022.8255563815462
2.779069767442094,2022.7175561193292
2.7796511627909313,2022.609547283084
2.780232558139769,2022.5015286996986
2.780813953488606,2022.3935024052803
2.781395348837443,2022.28546848674
2.781976744186281,2022.1774145642366
2.782558139535118,2022.0693510858011
2.7831395348839556,2021.9612841953704
2.7837209302327928,2021.8532052492542
2.7843023255816304,2021.7451176607376
2.7848837209304675,2021.637021169325
2.7854651162793047,2021.5288987371978
2.7860465116281423,2021.4207435414296
2.7866279069769795,2021.312552357123
2.787209302325817,2021.2043641825455
2.7877906976746543,2021.096190704912
2.7883720930234914,2020.9879865591454
2.788953488372329,2020.8797489649069
2.789534883721166,2020.77149182856
2.790116279070004,2020.6632294407664
2.790697674418841,2020.554960090777
2.7912790697676786,2020.4466814919124
2.7918604651165158,2020.3383950669383
2.792441860465353,2020.230101086619
2.7930232558141905,2020.1217499069446
2.7936046511630277,2020.013348632886
2.7941860465118653,2019.9049409676677
2.7947674418607025,2019.7965272896788
2.7953488372095396,2019.6881067270326
2.795930232558377,2019.579676729144
2.7965116279072144,2019.471237794146
2.7970930232560516,2019.3627911532826
2.7976744186048887,2019.2543328404483
2.7982558139537264,2019.1458685505831
2.7988372093025635,2019.0373337316537
2.799418604651401,2018.9287809607524
2.8000000000002383,2018.8202231358146
2.8005813953490755,2018.7116575652465
2.801162790697913,2018.6030835865756
2.8017441860467502,2018.494504034614
2.802325581395588,2018.3859130961052
2.802906976744425,2018.2772957021787
2.8034883720932626,2018.1686666784467
2.8040697674421,2018.0600384053994
2.804651162790937,2017.9513987939824
2.8052325581397746,2017.842750164589
2.8058139534886117,2017.7340942594058
2.8063953488374493,2017.6261819546273
2.8069767441862865,2017.523607760774
2.807558139535124,2017.422266679081
2.8081395348839613,2017.3209174343074
2.8087209302327985,2017.2195318047604
2.809302325581636,2017.1181161022826
2.8098837209304732,2017.0166666954137
2.810465116279311,2016.9151863538696
2.811046511628148,2016.813671295493
2.8116279069769856,2016.712197722653
2.812209302325823,2016.6106954154836
2.81279069767466,2016.5091807769766
2.8133720930234976,2016.4115468887596
2.8139534883723347,2016.3148044660777
2.814534883721172,2016.218013939433
2.815116279070009,2016.1211927131358
2.8156976744188467,2016.0243422326173
2.816279069767684,2015.9274811680314
2.816860465116521,2015.83058489279
2.8174418604653586,2015.7336660327092
2.8180232558141958,2015.6367486820177
2.8186046511630334,2015.5398194568186
2.8191860465118705,2015.4428868210255
2.8197674418607077,2015.3459365393983
2.8203488372095453,2015.2489807467396
2.8209302325583825,2015.1520159788413
2.82151162790722,2015.0550378050816
2.8220930232560573,2014.9580508609836
2.822674418604895,2014.8610556305134
2.823255813953732,2014.7640482969014
2.823837209302569,2014.6670376627665
2.824418604651407,2014.5700134544709
2.825000000000244,2014.4729826395258
2.8255813953490816,2014.3759433378186
2.8261627906979188,2014.2788897016744
2.8267441860467564,2014.1818043996793
2.8273255813955935,2014.0846608600136
2.8279069767444307,2013.9874210651901
2.8284883720932683,2013.8901552155323
2.8290697674421055,2013.7929076979694
2.829651162790943,2013.6957395225297
2.8302325581397803,2013.6007371029737
2.830813953488618,2013.5106828075777
2.831395348837455,2013.4205997970728
2.831976744186292,2013.330509142413
2.83255813953513,2013.2404113384164
2.833139534883967,2013.1503031321138
2.833720930232804,2013.0601855653397
2.8343023255816413,2012.970059131779
2.834883720930479,2012.882798487362
2.835465116279316,2012.7973372812376
2.8360465116281532,2012.7118678316203
2.836627906976991,2012.6263875233305
2.837209302325828,2012.5408869493872
2.8377906976746656,2012.455375294642
2.838372093023503,2012.3698248139433
2.8389534883723404,2012.2842525450799
2.8395348837211776,2012.1986731178117
2.8401162790700147,2012.1130836542723
2.8406976744188523,2012.0274833615833
2.8412790697676895,2011.941875207989
2.841860465116527,2011.856254952757
2.8424418604653643,2011.7706253593058
2.843023255814202,2011.6849819336521
2.843604651163039,2011.599334407388
2.8441860465118762,2011.5136744869021
2.844767441860714,2011.4280028131138
2.845348837209551,2011.3423211263957
2.8459302325583886,2011.2566370957245
2.846511627907226,2011.170940817893
2.8470930232560634,2011.0852317368453
2.8476744186049006,2010.9995236520438
2.8482558139537377,2010.9137906246347
2.8488372093025753,2010.8280461405934
2.8494186046514125,2010.7422918957038
2.85000000000025,2010.6565238928058
2.8505813953490873,2010.5707234965862
2.8511627906979244,2010.484906306848
2.851744186046762,2010.3990785320336
2.852325581395599,2010.3132395194348
2.8529069767444364,2010.227390883782
2.8534883720932736,2010.1415310390314
2.854069767442111,2010.0556597655043
2.8546511627909483,2009.9697750967214
2.8552325581397855,2009.8838854564526
2.855813953488623,2009.7979815869112
2.8563953488374603,2009.7120658356318
2.856976744186298,2009.6261396866325
2.857558139535135,2009.540203898493
2.8581395348839727,2009.4542560580805
2.85872093023281,2009.368297178461
2.859302325581647,2009.2823288571217
2.8598837209304846,2009.196342788945
2.8604651162793218,2009.1103477469662
2.8610465116281594,2009.0260704435605
2.8616279069769965,2008.9456270042083
2.862209302325834,2008.8651657771647
2.8627906976746713,2008.7846992889752
2.8633720930235085,2008.7042197690978
2.863953488372346,2008.623729913366
2.8645348837211833,2008.5432290139668
2.865116279070021,2008.4630997732638
2.865697674418858,2008.3862488127027
2.8662790697676956,2008.3093795744678
2.866860465116533,2008.2324948910352
2.86744186046537,2008.1555938349065
2.8680232558142076,2008.0786812911115
2.8686046511630447,2008.0017565463177
2.8691860465118824,2007.924822388949
2.8697674418607195,2007.847875407754
2.8703488372095567,2007.7709172530592
2.8709302325583943,2007.6939478702916
2.8715116279072315,2007.6169672053775
2.8720930232560686,2007.5399752564103
2.872674418604906,2007.4630029211507
2.8732558139537434,2007.3861116894855
2.8738372093025806,2007.3092125119222
2.874418604651418,2007.232314227079
2.8750000000002554,2007.1554314450916
2.8755813953490925,2007.0785203670246
2.87616279069793,2007.001600771607
2.8767441860467673,2006.9246694526798
2.877325581395605,2006.847721640061
2.877906976744442,2006.770756724103
2.8784883720932797,2006.6937729935462
2.879069767442117,2006.6167882902898
2.879651162790954,2006.5397846275673
2.8802325581397916,2006.4627696529728
2.880813953488629,2006.3857341661285
2.8813953488374664,2006.3086979851282
2.8819767441863036,2006.2316442717463
2.882558139535141,2006.15458795569
2.8831395348839783,2006.0775668872395
2.8837209302328155,2006.0005952955364
2.884302325581653,2005.92360643946
2.8848837209304903,2005.8466049404126
2.885465116279328,2005.7695907888212
2.886046511628165,2005.692632661473
2.8866279069770022,2005.6156704341156
2.88720930232584,2005.5386976273855
2.887790697674677,2005.4617015845965
2.8883720930235146,2005.3847106511503
2.8889534883723518,2005.3076810351881
2.889534883721189,2005.2306227707097
2.8901162790700266,2005.1535494332165
2.8906976744188637,2005.0764203610993
2.891279069767701,2004.9992609468984
2.891860465116538,2004.922088691527
2.8924418604653757,2004.8448594687186
2.893023255814213,2004.7676079889989
2.8936046511630504,2004.6902913329575
2.8941860465118876,2004.6129071702785
2.8947674418607248,2004.5355079199203
2.8953488372095624,2004.4580853559153
2.8959302325583995,2004.380632718814
2.896511627907237,2004.3031684103616
2.8970930232560743,2004.225675963248
2.897674418604912,2004.148156039096
2.898255813953749,2004.070612248033
2.8988372093025863,2003.9930324460372
2.899418604651424,2003.9154293516096
2.900000000000261,2003.8377749892427
2.9005813953490986,2003.7601028567788
2.901162790697936,2003.6824206495971
2.9017441860467734,2003.6047266974754
2.9023255813956106,2003.5274570109157
2.9029069767444478,2003.4536451237711
2.9034883720932854,2003.3798216470523
2.9040697674421225,2003.305987137018
2.90465116279096,2003.2321389075553
2.9052325581397973,2003.1582787109492
2.905813953488635,2003.0843982725846
2.906395348837472,2003.0105067180916
2.9069767441863092,2002.936603543972
2.907558139535147,2002.862687658018
2.908139534883984,2002.7887598965856
2.908720930232821,2002.714819539516
2.909302325581659,2002.6408682044944
2.909883720930496,2002.5669037587318
2.910465116279333,2002.4929264077584
2.9110465116281703,2002.4189369543265
2.911627906977008,2002.3493541626485
2.912209302325845,2002.2811107740358
2.9127906976746827,2002.2128568601483
2.91337209302352,2002.144590888935
2.9139534883723575,2002.076309641539
2.9145348837211946,2002.0080211322606
2.915116279070032,2001.9396839505764
2.9156976744188694,2001.8713173371011
2.9162790697677066,2001.8029399852996
2.916860465116544,2001.734550671628
2.9174418604653813,2001.6661487588954
2.9180232558142185,2001.5977254450097
2.918604651163056,2001.5292880885129
2.9191860465118933,2001.4608316889457
2.919767441860731,2001.3923329877098
2.920348837209568,2001.3238047656616
2.9209302325584057,2001.2552657659924
2.921511627907243,2001.186712929389
2.92209302325608,2001.1181512526703
2.9226744186049176,2001.0495682594349
2.923255813953755,2000.9809620234053
2.9238372093025924,2000.9123459266868
2.9244186046514296,2000.8437162230184
2.925000000000267,2000.7750667948774
2.9255813953491043,2000.7063949748697
2.9261627906979415,2000.6377107167525
2.926744186046779,2000.569013729478
2.9273255813956163,2000.500294120928
2.9279069767444534,2000.4315526364994
2.928488372093291,2000.362798338733
2.929069767442128,2000.2940184839433
2.9296511627909654,2000.2252081276645
2.9302325581398025,2000.1563782455057
2.93081395348864,2000.0875253000092
2.9313953488374773,2000.0186589182085
2.931976744186315,1999.9497541992312
2.932558139535152,1999.8808390996999
2.9331395348839897,1999.8119122319126
2.933720930232827,1999.7429651150069
2.934302325581664,1999.6739887194076
2.9348837209305016,1999.6050006025052
2.935465116279339,1999.5359989738492
2.9360465116281764,1999.4669841084203
2.9366279069770136,1999.3979554393293
2.937209302325851,1999.3289132733112
2.9377906976746884,1999.2598576849252
2.9383720930235255,1999.190788313405
2.938953488372363,1999.1217055664997
2.9395348837212003,1999.0526090506473
2.940116279070038,1998.9834987591514
2.940697674418875,1998.9143745663876
2.9412790697677127,1998.8452374545168
2.94186046511655,1998.7760835670022
2.942441860465387,1998.7069208721646
2.9430232558142246,1998.6377405601968
2.943604651163062,1998.5685477307536
2.9441860465118994,1998.4993393757047
2.9447674418607366,1998.4301183326656
2.9453488372095737,1998.3608815010439
2.9459302325584114,1998.2916329878285
2.9465116279072485,1998.222368350325
2.9470930232560857,1998.1530920612245
2.9476744186049233,1998.083800250397
2.9482558139537605,1998.0144929720063
2.9488372093025976,1997.9451734643835
2.9494186046514352,1997.8768115117978
2.9500000000002724,1997.8134255874627
2.9505813953491096,1997.7515429589055
2.951162790697947,1997.6896480604444
2.9517441860467843,1997.6277385442916
2.952325581395622,1997.5658123459214
2.952906976744459,1997.5038720456403
2.9534883720932963,1997.4419177037282
2.954069767442134,1997.3799441422432
2.954651162790971,1997.317957895584
2.9552325581398087,1997.2582364921723
2.955813953488646,1997.2010305074275
2.9563953488374834,1997.1438055511985
2.9569767441863206,1997.0865738158823
2.957558139535158,1997.029320969365
2.9581395348839954,1996.97205335524
2.9587209302328326,1996.914769829987
2.95930232558167,1996.8574706470415
2.9598837209305073,1996.800155517991
2.960465116279345,1996.7428246713923
2.961046511628182,1996.6854774835795
2.9616279069770193,1996.6281129959655
2.962209302325857,1996.5707333368155
2.962790697674694,1996.5133375151368
2.9633720930235317,1996.4559253232644
2.963953488372369,1996.3984973677814
2.964534883721206,1996.3410542983056
2.9651162790700436,1996.2835920899993
2.9656976744188808,1996.226114378013
2.966279069767718,1996.1686205669887
2.9668604651165555,1996.111110539978
2.9674418604653927,1996.0535840824245
2.96802325581423,1995.9960409817602
2.9686046511630675,1995.9384817236862
2.9691860465119047,1995.880905504564
2.969767441860742,1995.8233117328314
2.9703488372095794,1995.765702046873
2.9709302325584166,1995.7080757398232
2.971511627907254,1995.650433004187
2.9720930232560914,1995.5927732771295
2.972674418604929,1995.535096853736
2.973255813953766,1995.4774014506963
2.9738372093026033,1995.4196924339299
2.974418604651441,1995.3619644068235
2.975000000000278,1995.3042200907253
2.9755813953491157,1995.246458727481
2.976162790697953,1995.1886806712287
2.97674418604679,1995.1308853886578
2.977325581395627,1995.0730719674375
2.9779069767444644,1995.0152412811417
2.978488372093302,1994.9573948383888
2.979069767442139,1994.8995305107928
2.9796511627909767,1994.8416492149995
2.980232558139814,1994.7837507125712
2.9808139534886515,1994.7258340703975
2.9813953488374887,1994.6679002555868
2.981976744186326,1994.6099489698836
2.9825581395351635,1994.5519802585786
2.9831395348840006,1994.4940723003722
2.9837209302328382,1994.4361484239957
2.9843023255816754,1994.378205611037
2.984883720930513,1994.3202498809214
2.98546511627935,1994.262274671938
2.9860465116281873,1994.2042825648357
2.986627906977025,1994.1462707029793
2.987209302325862,1994.0882338344557
2.9877906976746993,1994.0301779268354
2.988372093023537,1993.9721073198814
2.988953488372374,1993.9140175261134
2.9895348837212112,1993.8559099548493
2.9901162790700484,1993.7977846775307
2.990697674418886,1993.7396416262366
2.991279069767723,1993.6814756178594
2.991860465116561,1993.6233038078478
2.992441860465398,1993.5651056619733
2.9930232558142356,1993.5068906220936
2.9936046511630727,1993.4486582378877
2.99418604651191,1993.3904077280529
2.9947674418607475,1993.3321388951847
2.9953488372095847,1993.2738845498359
2.9959302325584223,1993.215635490833
2.9965116279072594,1993.1590683472841
2.9970930232560966,1993.105434574267
2.997674418604934,1993.0518352225229
2.9982558139537714,1992.998219653889
2.998837209302609,1992.9445877068765
2.999418604651446,1992.8909705200947
3.0000000000002838,1992.837424394642
3.000581395349121,1992.7838604787294
3.001162790697958,1992.7302793329638
3.0017441860467957,1992.6766796521847
3.002325581395633,1992.6230617420956
3.0029069767444705,1992.5724417375307
3.0034883720933077,1992.525459090801
3.0040697674421453,1992.4786434448463
3.0046511627909824,1992.431829933488
3.0052325581398196,1992.3850674368816
3.005813953488657,1992.338314550686
3.0063953488374944,1992.2915362577144
3.0069767441863315,1992.2446870241547
3.007558139535169,1992.1977776485296
3.0081395348840063,1992.1508495404557
3.0087209302328435,1992.1039054516582
3.0093023255816806,1992.0569422904211
3.0098837209305183,1992.0099610946731
3.0104651162793554,1991.9629618372783
3.011046511628193,1991.9159444976663
3.01162790697703,1991.8689090040325
3.012209302325868,1991.8218568057225
3.012790697674705,1991.7747829884565
3.013372093023542,1991.7276927752296
3.0139534883723798,1991.6805843270743
3.014534883721217,1991.6334555494625
3.0151162790700545,1991.586313803564
3.0156976744188917,1991.5391512866786
3.0162790697677293,1991.491970558974
3.0168604651165665,1991.4447716200136
3.0174418604654036,1991.3975544865943
3.0180232558142412,1991.3503191453538
3.0186046511630784,1991.3030655825355
3.019186046511916,1991.2557937980866
3.019767441860753,1991.2085037861211
3.020348837209591,1991.1611955398582
3.020930232558428,1991.1138690541788
3.021511627907265,1991.0665243187013
3.0220930232561027,1991.0191610429604
3.02267441860494,1990.971780596337
3.0232558139537775,1990.9243806318477
3.0238372093026147,1990.8769628513055
3.0244186046514523,1990.829526588671
3.0250000000002895,1990.7820744517185
3.0255813953491266,1990.7346036398762
3.026162790697964,1990.6871145635625
3.0267441860468014,1990.6396081529908
3.0273255813956386,1990.5920815085108
3.0279069767444757,1990.5445375683512
3.028488372093313,1990.496975379369
3.0290697674421505,1990.4493949258715
3.0296511627909877,1990.4017962202752
3.0302325581398253,1990.3541792187868
3.0308139534886624,1990.306544066851
3.0313953488375,1990.2588905925793
3.0319767441863372,1990.2112188985398
3.0325581395351744,1990.1635289722753
3.033139534884012,1990.1158208282707
3.033720930232849,1990.0680944158726
3.0343023255816868,1990.020349839202
3.034883720930524,1989.9725812924814
3.0354651162793616,1989.9248029702687
3.0360465116281987,1989.877001527862
3.036627906977036,1989.8291818994799
3.0372093023258735,1989.7813440977104
3.0377906976747107,1989.7334881270917
3.0383720930235483,1989.685614011433
3.0389534883723854,1989.6377217468353
3.039534883721223,1989.5898113451105
3.04011627907006,1989.54188293912
3.0406976744188974,1989.4939358019312
3.041279069767735,1989.4459626939185
3.041860465116572,1989.3979801121764
3.0424418604654098,1989.3499743850819
3.043023255814247,1989.301950640668
3.0436046511630845,1989.2539093886635
3.0441860465119217,1989.2058479314412
3.044767441860759,1989.157821336032
3.045348837209596,1989.1098140271554
3.0459302325584336,1989.061802590617
3.046511627907271,1989.0137731914551
3.047093023256108,1988.965725857354
3.0476744186049456,1988.9176606725755
3.0482558139537828,1988.8695775744754
3.04883720930262,1988.8214766159213
3.0494186046514575,1988.773357793631
3.0500000000002947,1988.7252211456905
3.0505813953491323,1988.6770666780744
3.0511627906979695,1988.6288944392923
3.051744186046807,1988.5807044090145
3.0523255813956442,1988.5324966198223
3.0529069767444814,1988.4842566173306
3.053488372093319,1988.4359846297507
3.054069767442156,1988.3876970551235
3.054651162790994,1988.3393921300528
3.055232558139831,1988.2910698978878
3.0558139534886686,1988.2427220335596
3.0563953488375057,1988.1943664483072
3.056976744186343,1988.1459876180984
3.0575581395351805,1988.0975935842566
3.0581395348840177,1988.0492126621577
3.0587209302328553,1988.0008524805341
3.0593023255816925,1987.952475776425
3.0598837209305296,1987.9040825436912
3.0604651162793672,1987.8556724061934
3.0610465116282044,1987.8072453682903
3.061627906977042,1987.7587852580427
3.062209302325879,1987.7102957814468
3.062790697674717,1987.6617910937928
3.063372093023554,1987.6132702141529
3.063953488372391,1987.5647293570887
3.0645348837212283,1987.5161740149679
3.065116279070066,1987.4676000605116
3.065697674418903,1987.4190099838374
3.0662790697677402,1987.3704037817886
3.066860465116578,1987.321779334469
3.067441860465415,1987.2731430063088
3.068023255814252,1987.224488526492
3.06860465116309,1987.1758180578856
3.069186046511927,1987.1271316102261
3.0697674418607646,1987.0784292252665
3.0703488372096017,1987.0297118518051
3.0709302325584393,1986.9809766462324
3.0715116279072765,1986.9322265743913
3.0720930232561137,1986.8834606859023
3.0726744186049513,1986.8346790280762
3.0732558139537884,1986.7858816013193
3.073837209302626,1986.7370684721166
3.074418604651463,1986.6882396624796
3.075000000000301,1986.6393952009514
3.075581395349138,1986.590535125353
3.076162790697975,1986.5416593421708
3.0767441860468128,1986.4927604910229
3.07732558139565,1986.4438580262731
3.0779069767444875,1986.39493343308
3.0784883720933247,1986.3459933912518
3.0790697674421623,1986.2970379314797
3.0796511627909995,1986.2480670952662
3.0802325581398367,1986.1990808964065
3.0808139534886743,1986.1500787480002
3.0813953488375114,1986.101062513173
3.081976744186349,1986.052030420787
3.082558139535186,1986.0029832182881
3.0831395348840234,1985.9539203121956
3.0837209302328605,1985.9048429284162
3.084302325581698,1985.855750132215
3.0848837209305353,1985.8066422513543
3.0854651162793725,1985.7575193243758
3.08604651162821,1985.7083813802287
3.0866279069770473,1985.6592284538633
3.087209302325885,1985.6100605781864
3.087790697674722,1985.5608777928562
3.088372093023559,1985.5116802046205
3.088953488372397,1985.4624672466844
3.089534883721234,1985.4132396456966
3.0901162790700716,1985.363997291765
3.0906976744189087,1985.3147401855922
3.0912790697677464,1985.2654683993853
3.0918604651165835,1985.2161818524035
3.0924418604654207,1985.1668806928003
3.0930232558142583,1985.1175649184026
3.0936046511630955,1985.0682345467378
3.094186046511933,1985.0188896245804
3.0947674418607702,1984.9695301802726
3.0953488372096074,1984.9201562465923
3.095930232558445,1984.8707678536289
3.096511627907282,1984.8213650375128
3.09709302325612,1984.7719478255715
3.097674418604957,1984.7225098513122
3.0982558139537946,1984.673046132002
3.0988372093026317,1984.6235731374795
3.099418604651469,1984.574084817122
3.1000000000003065,1984.5245822693419
3.1005813953491437,1984.4750655241667
3.1011627906979813,1984.4255327452909
3.1017441860468185,1984.375986884456
3.1023255813956556,1984.3264232180636
3.102906976744493,1984.2768245205823
3.1034883720933304,1984.2272145530003
3.1040697674421676,1984.1775859730874
3.1046511627910047,1984.1279434453907
3.1052325581398423,1984.0782869973684
3.1058139534886795,1984.0286166618287
3.106395348837517,1983.9789324640165
3.1069767441863543,1983.929234430605
3.1075581395351914,1983.8795225962806
3.108139534884029,1983.8297973311167
3.108720930232866,1983.78005545004
3.109302325581704,1983.7302999259716
3.109883720930541,1983.6805316227112
3.1104651162793786,1983.6307491893406
3.1110465116282158,1983.5809534771147
3.111627906977053,1983.531143549739
3.1122093023258905,1983.4813200681124
3.1127906976747277,1983.4314830751644
3.1133720930235653,1983.381632551195
3.1139534883724025,1983.3317701642611
3.11453488372124,1983.2818866117518
3.1151162790700773,1983.2319932733626
3.1156976744189144,1983.1820865077632
3.116279069767752,1983.1321663410738
3.116860465116589,1983.082232791515
3.117441860465427,1983.0322858843024
3.118023255814264,1982.982325645319
3.1186046511631016,1982.9323521039082
3.1191860465119388,1982.8823649332203
3.119767441860776,1982.832362739072
3.1203488372096135,1982.7823486285147
3.1209302325584507,1982.73232103469
3.121511627907288,1982.6822804521853
3.122093023256125,1982.6322265364088
3.1226744186049626,1982.5821554625968
3.1232558139538,1982.532076583802
3.123837209302637,1982.4819811556727
3.1244186046514746,1982.4318655726174
3.125000000000312,1982.381731455113
3.1255813953491494,1982.331584156916
3.1261627906979865,1982.2814144421582
3.1267441860468237,1982.2312267472362
3.127325581395661,1982.1810265363733
3.127906976744499,1982.1308121106015
3.128488372093336,1982.0805847904626
3.1290697674421732,1982.0303446094022
3.1296511627910104,1981.9800925015543
3.1302325581398485,1981.9298237287364
3.1308139534886856,1981.8795398581747
3.131395348837523,1981.829244265961
3.13197674418636,1981.7789358807831
3.132558139535197,1981.728614717651
3.133139534884035,1981.6782807861912
3.1337209302328723,1981.627934117218
3.1343023255817095,1981.5775747125126
3.1348837209305467,1981.5272025894305
3.135465116279384,1981.4768177508583
3.136046511628222,1981.4264202196468
3.136627906977059,1981.3760100030922
3.1372093023258962,1981.3255871121246
3.1377906976747334,1981.2751515609239
3.138372093023571,1981.2247033502035
3.138953488372408,1981.174242500135
3.139534883721246,1981.1237690169119
3.140116279070083,1981.073282909272
3.14069767441892,1981.0227841860474
3.1412790697677577,1980.9722767359356
3.141860465116595,1980.9217505339611
3.142441860465432,1980.8712149095832
3.1430232558142692,1980.8206667027305
3.1436046511631064,1980.770105920125
3.1441860465119444,1980.71953215654
3.1447674418607816,1980.668946605959
3.1453488372096188,1980.6183482459442
3.145930232558456,1980.5677372284513
3.146511627907293,1980.5177761552607
3.147093023256131,1980.4685243138554
3.1476744186049683,1980.4192669507363
3.1482558139538055,1980.3699974651115
3.1488372093026427,1980.320715841049
3.1494186046514807,1980.2714223888217
3.150000000000318,1980.2221171164447
3.150581395349155,1980.1731527408235
3.151162790697992,1980.1257738431743
3.1517441860468294,1980.0791472975884
3.1523255813956674,1980.0325142946235
3.1529069767445046,1979.9858719045483
3.1534883720933418,1979.9392662646258
3.154069767442179,1979.8926770690666
3.154651162791016,1979.8460834645625
3.155232558139854,1979.7994685511098
3.1558139534886913,1979.7528505911268
3.1563953488375285,1979.7062243088462
3.1569767441863656,1979.6595884440299
3.1575581395352033,1979.6129402285226
3.1581395348840404,1979.5662817937928
3.158720930232878,1979.5196136728762
3.159302325581715,1979.4729347681287
3.1598837209305524,1979.4262451935367
3.16046511627939,1979.379545249634
3.161046511628227,1979.332835778626
3.1616279069770643,1979.2861140064697
3.1622093023259015,1979.239382963435
3.1627906976747386,1979.1927086041053
3.1633720930235767,1979.146061098328
3.163953488372414,1979.0994083586436
3.164534883721251,1979.0527447741254
3.165116279070088,1979.006070863508
3.1656976744189262,1978.9593866022706
3.1662790697677634,1978.912687420847
3.1668604651166006,1978.8659857849402
3.1674418604654377,1978.8192662767037
3.168023255814275,1978.772534861719
3.168604651163113,1978.7257971363917
3.16918604651195,1978.6790454884906
3.1697674418607873,1978.6322836217514
3.1703488372096245,1978.5855113835346
3.1709302325584616,1978.5387291041106
3.1715116279072997,1978.491935477792
3.172093023256137,1978.4451323852338
3.172674418604974,1978.398318619256
3.173255813953811,1978.3514944774493
3.173837209302649,1978.3046603972775
3.1744186046514864,1978.2578151390849
3.1750000000003236,1978.2109598437255
3.1755813953491607,1978.164225361723
3.176162790697998,1978.1181016998382
3.1767441860468355,1978.0727215597751
3.1773255813956727,1978.027927304922
3.1779069767445103,1977.9836562314003
3.1784883720933474,1977.9393805417894
3.1790697674421846,1977.8950952144596
3.1796511627910222,1977.850800858742
3.1802325581398594,1977.8064973107246
3.1808139534886966,1977.7621845700799
3.1813953488375337,1977.7178626445789
3.181976744186371,1977.673531530345
3.182558139535209,1977.6291911215844
3.183139534884046,1977.5848417234586
3.1837209302328833,1977.5405047680165
3.1843023255817204,1977.4961562777332
3.1848837209305585,1977.4518193635392
3.1854651162793957,1977.407476563755
3.186046511628233,1977.3631273258463
3.18662790697707,1977.3187700069664
3.187209302325907,1977.2744028286068
3.187790697674745,1977.2300274137394
3.1883720930235824,1977.1856422306812
3.1889534883724195,1977.1412479304709
3.1895348837212567,1977.0968443364725
3.190116279070094,1977.0524315492128
3.190697674418932,1977.0080095603134
3.191279069767769,1976.9635787627892
3.1918604651166063,1976.9191385918764
3.1924418604654434,1976.874689082076
3.193023255814281,1976.8302225447692
3.1936046511631186,1976.7857166707345
3.194186046511956,1976.741206206874
3.194767441860793,1976.6966817329603
3.19534883720963,1976.6521526643141
3.1959302325584678,1976.6076113804975
3.196511627907305,1976.5630614613503
3.1970930232561425,1976.5185021324362
3.1976744186049797,1976.473933767601
3.198255813953817,1976.4293565115754
3.1988372093026545,1976.3847706811243
3.1994186046514916,1976.340174739362
3.200000000000329,1976.2955700801026
3.200581395349166,1976.250956331173
3.201162790698004,1976.2063334746656
3.201744186046841,1976.1617015144077
3.2023255813956784,1976.1170601887557
3.2029069767445155,1976.072410510036
3.2034883720933527,1976.0277492670925
3.2040697674421907,1975.983081776552
3.204651162791028,1975.9384037434918
3.205232558139865,1975.8937128713899
3.2058139534887022,1975.8490193177986
3.2063953488375394,1975.8043131710933
3.2069767441863775,1975.7595982706123
3.2075581395352146,1975.7148732844778
3.208139534884052,1975.6701349357124
3.208720930232889,1975.6253718894664
3.209302325581726,1975.5805938867854
3.209883720930564,1975.5358107568916
3.2104651162794013,1975.491000281592
3.2110465116282385,1975.4461793304527
3.2116279069770757,1975.4013395862494
3.2122093023259133,1975.3564791835954
3.212790697674751,1975.311609209966
3.213372093023588,1975.2667189552062
3.2139534883724252,1975.2218246195448
3.2145348837212624,1975.1769209338374
3.2151162790701,1975.1320090445738
3.215697674418937,1975.0870878079693
3.216279069767775,1975.0421575035662
3.216860465116612,1974.9972183892141
3.217441860465449,1974.9522693791391
3.2180232558142867,1974.9073122364448
3.218604651163124,1974.8623696765476
3.219186046511961,1974.8175142783177
3.219767441860798,1974.772645748984
3.2203488372096363,1974.727772938146
3.2209302325584734,1974.6829152050186
3.2215116279073106,1974.6380473943252
3.2220930232561478,1974.5932082798752
3.222674418604985,1974.5484673481915
3.223255813953823,1974.5037210811106
3.22383720930266,1974.4589706938282
3.2244186046514973,1974.4142107201235
3.2250000000003345,1974.3694418569467
3.2255813953491717,1974.3246618904907
3.2261627906980097,1974.2798729395379
3.226744186046847,1974.2350749457573
3.227325581395684,1974.1902672526724
3.227906976744521,1974.145497006501
3.2284883720933593,1974.1007809642524
3.2290697674421964,1974.056099278066
3.2296511627910336,1974.011446405339
3.2302325581398708,1973.9667888927672
3.230813953488708,1973.9221226999468
3.2313953488375455,1973.8774469445914
3.231976744186383,1973.8327623046125
3.2325581395352203,1973.788068562388
3.2331395348840575,1973.7433655389755
3.2337209302328946,1973.6986534012815
3.2343023255817323,1973.6541419012224
3.2348837209305694,1973.6104340420827
3.235465116279407,1973.566724685717
3.236046511628244,1973.5230110345722
3.236627906977082,1973.4792880306936
3.237209302325919,1973.4355557138144
3.237790697674756,1973.3918138893744
3.2383720930235933,1973.348062720774
3.2389534883724305,1973.3043021355963
3.2395348837212685,1973.260532033152
3.2401162790701057,1973.2167526288074
3.240697674418943,1973.172963694736
3.24127906976778,1973.1291648677898
3.241860465116617,1973.0853544718148
3.2424418604654552,1973.0415352616087
3.2430232558142924,1972.9978221526846
3.2436046511631296,1972.9540978671814
3.2441860465119667,1972.91036932679
3.244767441860804,1972.8666314743355
3.245348837209642,1972.822902963943
3.245930232558479,1972.7791627304578
3.2465116279073163,1972.735418378377
3.2470930232561535,1972.6924376256547
3.2476744186049915,1972.650142560325
3.2482558139538287,1972.6078434483456
3.248837209302666,1972.5655345252799
3.249418604651503,1972.5233310408903
3.25000000000034,1972.481109073233
3.250581395349178,1972.438882391999
3.2511627906980154,1972.3966466044471
3.2517441860468526,1972.3544010213268
3.2523255813956897,1972.3121461321762
3.252906976744527,1972.269881741854
3.2534883720933645,1972.2276079901312
3.2540697674422017,1972.18532453098
3.2546511627910393,1972.1430314757451
3.2552325581398764,1972.1007288059368
3.255813953488714,1972.0584161427855
3.256395348837551,1972.0160935602603
3.2569767441863884,1971.9737595971708
3.2575581395352255,1971.9314164108869
3.2581395348840627,1971.889063618377
3.2587209302329008,1971.8467009904853
3.259302325581738,1971.8043287225355
3.259883720930575,1971.7619467375919
3.2604651162794123,1971.7195550081267
3.2610465116282494,1971.677153655768
3.2616279069770875,1971.6347422593958
3.2622093023259247,1971.5932204639748
3.262790697674762,1971.5518553770057
3.263372093023599,1971.5104857101871
3.263953488372437,1971.4691341681805
3.264534883721274,1971.4278031915203
3.2651162790701114,1971.386452183443
3.2656976744189485,1971.3451559676844
3.2662790697677857,1971.3043248546214
3.2668604651166238,1971.2643045256052
3.267441860465461,1971.224529465426
3.268023255814298,1971.1847500636534
3.2686046511631353,1971.1449601301879
3.2691860465119724,1971.1051601964627
3.26976744186081,1971.0653507802185
3.2703488372096476,1971.0255309355214
3.270930232558485,1970.9857010854332
3.271511627907322,1970.9459545360976
3.2720930232561596,1970.906224582781
3.2726744186049967,1970.8664900497386
3.273255813953834,1970.8267444945077
3.2738372093026715,1970.787010803598
3.2744186046515087,1970.7472760047544
3.2750000000003463,1970.7075384424918
3.2755813953491835,1970.6677883249597
3.2761627906980206,1970.6280287780799
3.276744186046858,1970.5882577740276
3.277325581395695,1970.5484776519716
3.277906976744533,1970.5086858127647
3.27848837209337,1970.468886039372
3.2790697674422074,1970.4290706934578
3.2796511627910445,1970.389247197738
3.2802325581398817,1970.3494119596648
3.2808139534887197,1970.3095663217453
3.281395348837557,1970.2697504958385
3.281976744186394,1970.2299406993056
3.2825581395352312,1970.190125360326
3.2831395348840693,1970.1502986744981
3.2837209302329065,1970.1104629259964
3.2843023255817436,1970.0706064646326
3.284883720930581,1970.0307720828375
3.285465116279418,1969.9909203001089
3.286046511628256,1969.9510579092255
3.286627906977093,1969.911184179629
3.2872093023259303,1969.8712999354914
3.2877906976747675,1969.8314049483106
3.2883720930236047,1969.7914991946413
3.2889534883724423,1969.7515837423346
3.28953488372128,1969.7116539145097
3.290116279070117,1969.6717087159138
3.290697674418954,1969.6317394231207
3.291279069767792,1969.5917647701708
3.291860465116629,1969.5517784599438
3.292441860465466,1969.5117673008579
3.2930232558143038,1969.4717454435233
3.293604651163141,1969.4317121047723
3.2941860465119785,1969.3916612991432
3.2947674418608157,1969.3515941960172
3.295348837209653,1969.3115128331874
3.29593023255849,1969.2714207220604
3.296511627907327,1969.231316403194
3.2970930232561653,1969.1911823010762
3.2976744186050024,1969.1510424665034
3.2982558139538396,1969.1108919124936
3.2988372093026768,1969.0707249993802
3.299418604651515,1969.0305331722707
3.300000000000352,1968.990332097245
3.300581395349189,1968.9501206607288
3.3011627906980263,1968.9098836022445
3.3017441860468635,1968.8696350538687
3.3023255813957015,1968.8293758305326
3.3029069767445387,1968.7891057812908
3.303488372093376,1968.748824821192
3.304069767442213,1968.7085324280727
3.30465116279105,1968.668230291524
3.3052325581398883,1968.6279161079935
3.3058139534887254,1968.5875912128356
3.3063953488375626,1968.5472556178402
3.3069767441863998,1968.5069084659874
3.307558139535237,1968.4665505920182
3.3081395348840745,1968.4261816353
3.308720930232912,1968.385801620781
3.3093023255817493,1968.345410470275
3.3098837209305865,1968.305008139649
3.310465116279424,1968.264594581451
3.3110465116282612,1968.2241701438754
3.3116279069770984,1968.1837334180536
3.312209302325936,1968.1432871744091
3.312790697674773,1968.1028287989432
3.313372093023611,1968.0623592809293
3.313953488372448,1968.0218787870967
3.314534883721285,1967.9813860012273
3.3151162790701223,1967.940907802912
3.3156976744189595,1967.9004367660339
3.3162790697677975,1967.859960003889
3.3168604651166347,1967.819471575106
3.317441860465472,1967.7789717874816
3.318023255814309,1967.738460625063
3.318604651163147,1967.6979376906272
3.3191860465119842,1967.6574033316983
3.3197674418608214,1967.616857397826
3.3203488372096586,1967.5762998642915
3.3209302325584957,1967.5357307027652
3.321511627907334,1967.4951498965609
3.322093023256171,1967.4545573374035
3.322674418605008,1967.4139531948697
3.3232558139538453,1967.3733372599736
3.3238372093026824,1967.3327095700934
3.3244186046515205,1967.29215964039
3.3250000000003577,1967.2515878081538
3.325581395349195,1967.2110346283046
3.326162790698032,1967.1704695296057
3.3267441860468696,1967.1298924362054
3.3273255813957068,1967.0896903317318
3.3279069767445444,1967.05009417238
3.3284883720933816,1967.010564233319
3.3290697674422187,1966.9710404288553
3.3296511627910563,1966.931477385744
3.3302325581398935,1966.8920232271814
3.3308139534887307,1966.8525589526578
3.3313953488375683,1966.8133875376973
3.3319767441864054,1966.775382533897
3.332558139535243,1966.7377764684068
3.33313953488408,1966.7001814830485
3.3337209302329174,1966.662575351546
3.3343023255817545,1966.6249636777975
3.3348837209305926,1966.5873582853205
3.3354651162794298,1966.5497414241242
3.336046511628267,1966.5121149861616
3.336627906977104,1966.474477011333
3.3372093023259413,1966.4368280774931
3.3377906976747793,1966.39916508008
3.3383720930236165,1966.3614732355527
3.3389534883724536,1966.3237765596737
3.339534883721291,1966.2860690640646
3.340116279070128,1966.248349171744
3.340697674418966,1966.2106197822982
3.341279069767803,1966.1728779924256
3.3418604651166404,1966.1351242209894
3.3424418604654775,1966.0973563788568
3.3430232558143147,1966.059583657913
3.3436046511631528,1966.0217956319013
3.34418604651199,1965.9839946105644
3.344767441860827,1965.9462894351802
3.3453488372096643,1965.9085853786066
3.345930232558502,1965.8708767052044
3.346511627907339,1965.8331531611077
3.3470930232561766,1965.7954198307336
3.347674418605014,1965.7576759506378
3.348255813953851,1965.7199217841573
3.3488372093026886,1965.682152781237
3.3494186046515257,1965.6443746934422
3.350000000000363,1965.6065847406207
3.3505813953492005,1965.5687846712085
3.3511627906980377,1965.5309693361114
3.3517441860468753,1965.4931595894607
3.3523255813957125,1965.4553589218372
3.3529069767445496,1965.4175625155076
3.353488372093387,1965.3797594101773
3.354069767442225,1965.3419456803954
3.354651162791062,1965.304120085111
3.355232558139899,1965.2662821780434
3.3558139534887363,1965.228433186343
3.3563953488375735,1965.1909531768013
3.3569767441864116,1965.1539333408425
3.3575581395352487,1965.1174271882533
3.358139534884086,1965.081317469203
3.358720930232923,1965.0452584620916
3.3593023255817602,1965.0091927696228
3.3598837209305983,1964.973120186545
3.3604651162794354,1964.937024396294
3.3610465116282726,1964.9009232684648
3.36162790697711,1964.8648050530962
3.362209302325948,1964.8286808688504
3.362790697674785,1964.7925409803693
3.363372093023622,1964.7563908941138
3.3639534883724593,1964.7202182222181
3.3645348837212965,1964.6840424771638
3.365116279070134,1964.6478421440859
3.3656976744189713,1964.6116317737246
3.366279069767809,1964.5754121792247
3.366860465116646,1964.539177985214
3.367441860465483,1964.5029333468194
3.368023255814321,1964.4666653482432
3.368604651163158,1964.4303932601874
3.369186046511995,1964.3940953079718
3.3697674418608328,1964.3577753020306
3.3703488372096704,1964.321434447106
3.3709302325585075,1964.2850832978513
3.3715116279073447,1964.2487199747598
3.372093023256182,1964.2123617649913
3.372674418605019,1964.175982000689
3.373255813953857,1964.139596119308
3.3738372093026943,1964.1031985032507
3.3744186046515314,1964.0667891199837
3.3750000000003686,1964.0303679446465
3.3755813953492058,1963.9939349092392
3.376162790698044,1963.9574899570423
3.376744186046881,1963.9210314724287
3.377325581395718,1963.8845615342263
3.3779069767445553,1963.8490772159453
3.3784883720933925,1963.8137032320417
3.3790697674422305,1963.7783267773257
3.3796511627910677,1963.7429363018343
3.380232558139905,1963.7075296405592
3.380813953488742,1963.672099106876
3.38139534883758,1963.6366621733523
3.3819767441864172,1963.6012131292318
3.3825581395352544,1963.5664601690755
3.3831395348840916,1963.5333049839114
3.3837209302329287,1963.5005259920524
3.3843023255817664,1963.4677388828509
3.3848837209306035,1963.434937579618
3.385465116279441,1963.4021090681426
3.3860465116282783,1963.3692739512123
3.3866279069771155,1963.3364263305407
3.387209302325953,1963.3035662690847
3.3877906976747902,1963.270693696697
3.3883720930236274,1963.2378085744563
3.388953488372465,1963.2049108688254
3.3895348837213026,1963.1720008106895
3.39011627907014,1963.139077610735
3.390697674418977,1963.106141986945
3.391279069767814,1963.0731936549325
3.3918604651166513,1963.0402325795033
3.3924418604654893,1963.007258725098
3.3930232558143265,1962.974272056905
3.3936046511631637,1962.9415410944046
3.394186046512001,1962.9096995766915
3.394767441860838,1962.8782065558341
3.395348837209676,1962.8467053377838
3.3959302325585132,1962.815191367284
3.3965116279073504,1962.7836640734372
3.3970930232561876,1962.7521234470198
3.3976744186050256,1962.7205694198753
3.398255813953863,1962.6890019913355
3.3988372093027,1962.6574212588835
3.399418604651537,1962.6258266819468
3.4000000000003743,1962.594219168748
3.4005813953492123,1962.562597046134
3.4011627906980495,1962.5309617991024
3.4017441860468867,1962.4993129160134
3.402325581395724,1962.4676503578673
3.402906976744561,1962.4359740889622
3.4034883720933986,1962.4042842349652
3.4040697674422358,1962.37258056761
3.4046511627910734,1962.3408878199955
3.4052325581399105,1962.3092074391611
3.4058139534887477,1962.277518967897
3.4063953488375853,1962.2458176510534
3.4069767441864225,1962.2141006697534
3.4075581395352597,1962.182371810855
3.4081395348840973,1962.15062788027
3.408720930232935,1962.1188655730236
3.409302325581772,1962.087097085815
3.409883720930609,1962.0553102959707
3.4104651162794464,1962.0235094248608
3.4110465116282835,1961.9916943464914
3.4116279069771216,1961.9598653287198
3.4122093023259588,1961.928021310521
3.412790697674796,1961.8961633076124
3.413372093023633,1961.8642909487817
3.4139534883724703,1961.8324043474765
3.4145348837213083,1961.800489603243
3.4151162790701455,1961.768584826623
3.4156976744189826,1961.7366611694358
3.41627906976782,1961.7047295572017
3.416860465116658,1961.672783356046
3.417441860465495,1961.6408225296589
3.418023255814332,1961.6088470360287
3.4186046511631694,1961.576856838331
3.4191860465120065,1961.5448464759381
3.4197674418608446,1961.5128170499079
3.4203488372096817,1961.4807567262114
3.420930232558519,1961.4486828319514
3.421511627907356,1961.4165954311904
3.4220930232561932,1961.384491678711
3.422674418605031,1961.352373390715
3.423255813953868,1961.320238259397
3.4238372093027056,1961.2880918269475
3.424418604651543,1961.255924776173
3.4250000000003804,1961.2237484046584
3.4255813953492176,1961.1915541423346
3.4261627906980547,1961.1593452831646
3.426744186046892,1961.12711937478
3.4273255813957295,1961.0948793788973
3.427906976744567,1961.0626237514957
3.4284883720934043,1961.0303527305052
3.4290697674422415,1960.9980662732369
3.4296511627910786,1960.9657644733052
3.430232558139916,1960.9334468383277
3.430813953488754,1960.901114422739
3.431395348837591,1960.8687635830006
3.431976744186428,1960.836398372982
3.4325581395352653,1960.8040163711632
3.4331395348841034,1960.7716192592998
3.4337209302329406,1960.7392064965359
3.4343023255817777,1960.7067776575461
3.434883720930615,1960.6743329760961
3.435465116279452,1960.64187240566
3.43604651162829,1960.609396503067
3.4366279069771273,1960.576903239665
3.4372093023259644,1960.54439449097
3.4377906976748016,1960.511868694416
3.4383720930236388,1960.4793268998678
3.438953488372477,1960.4467689158087
3.439534883721314,1960.414194706253
3.440116279070151,1960.3816047800199
3.4406976744189883,1960.3489972231832
3.4412790697678255,1960.31637393743
3.441860465116663,1960.283734227401
3.4424418604655003,1960.2510780453626
3.443023255814338,1960.2184054580034
3.443604651163175,1960.1857161504452
3.4441860465120127,1960.1530103509328
3.44476744186085,1960.1202875738923
3.445348837209687,1960.0875476802253
3.445930232558524,1960.0547914038402
3.4465116279073618,1960.0220156069831
3.4470930232561994,1959.9892073690617
3.4476744186050365,1959.9563900754838
3.4482558139538737,1959.9235556702822
3.448837209302711,1959.8907043795584
3.449418604651548,1959.8578568503644
3.450000000000386,1959.8250166990751
3.4505813953492233,1959.7921677364322
3.4511627906980604,1959.7593091799909
3.4517441860468976,1959.7264336994388
3.4523255813957356,1959.6935404492372
3.452906976744573,1959.6606312575218
3.45348837209341,1959.6277004214423
3.454069767442247,1959.59475378224
3.4546511627910843,1959.5617877852203
3.4552325581399224,1959.528801351755
3.4558139534887595,1959.495795951144
3.4563953488375967,1959.462772966473
3.456976744186434,1959.4297326718968
3.457558139535271,1959.396673904209
3.458139534884109,1959.3635995275388
3.4587209302329462,1959.3304868005528
3.4593023255817834,1959.2973648530808
3.4598837209306206,1959.264220799308
3.460465116279458,1959.2310639119912
3.4610465116282954,1959.1978887276698
3.4616279069771325,1959.1646942376158
3.46220930232597,1959.1314824034657
3.4627906976748073,1959.0982492967928
3.463372093023645,1959.064997686633
3.463953488372482,1959.03173524925
3.4645348837213192,1958.9984249808851
3.4651162790701564,1958.9650730496903
3.465697674418994,1958.9316930124155
3.4662790697678316,1958.8983009061333
3.466860465116669,1958.86492540311
3.467441860465506,1958.8315441287225
3.468023255814343,1958.7981385286819
3.468604651163181,1958.764721795207
3.4691860465120183,1958.7312865916817
3.4697674418608555,1958.6978326166343
3.4703488372096927,1958.6643598650344
3.47093023255853,1958.630868499242
3.471511627907368,1958.5973571221018
3.472093023256205,1958.5638267267004
3.4726744186050422,1958.530278202455
3.4732558139538794,1958.4967099682299
3.4738372093027166,1958.463122543162
3.4744186046515546,1958.4295162866536
3.4750000000003918,1958.3958902105246
3.475581395349229,1958.3622465550604
3.476162790698066,1958.3285859958535
3.4767441860469033,1958.2949066021156
3.4773255813957413,1958.26120738296
3.4779069767445785,1958.22748712502
3.4784883720934157,1958.1937443844042
3.479069767442253,1958.1599827391713
3.4796511627910904,1958.1261992504208
3.4802325581399276,1958.0923970310778
3.4808139534887648,1958.0585746559946
3.4813953488376024,1958.0247319949535
3.4819767441864395,1957.99086941231
3.482558139535277,1957.9569867207492
3.4831395348841143,1957.9230838542073
3.4837209302329515,1957.8891606005473
3.4843023255817887,1957.8552171302358
3.4848837209306263,1957.8212538720384
3.485465116279464,1957.7872695045626
3.486046511628301,1957.7532636691615
3.486627906977138,1957.7192378222253
3.4872093023259754,1957.6851917016393
3.4877906976748134,1957.6511314249992
3.4883720930236506,1957.6170301647544
3.4889534883724878,1957.5835013858689
3.489534883721325,1957.5502452028622
3.490116279070162,1957.516976677737
3.490697674419,1957.484081777262
3.4912790697678373,1957.4511973535593
3.4918604651166745,1957.4182650305484
3.4924418604655116,1957.3853222868652
3.493023255814349,1957.352361958707
3.493604651163187,1957.3193652152074
3.494186046512024,1957.2872016592526
3.494767441860861,1957.2550683565062
3.4953488372096984,1957.222922116534
3.4959302325585364,1957.1907684326745
3.4965116279073736,1957.1585743978046
3.4970930232562107,1957.1263475523608
3.497674418605048,1957.094108353978
3.498255813953885,1957.0618467901443
3.4988372093027227,1957.0295715335458
3.49941860465156,1956.997259043535
3.500000000000397,1956.964935418974
3.5005813953492346,1956.9325890399407
3.501162790698072,1956.9002188421707
3.5017441860469094,1956.8678334359558
3.5023255813957466,1956.8354035815107
3.5029069767445837,1956.8029601369867
3.503488372093421,1956.7704935254187
3.5040697674422585,1956.7380546584216
3.504651162791096,1956.7055920782554
3.5052325581399333,1956.6731163933441
3.5058139534887705,1956.6406153705502
3.5063953488376076,1956.6080916043948
3.5069767441864457,1956.5755442073416
3.507558139535283,1956.5429730761982
3.50813953488412,1956.5103780103266
3.508720930232957,1956.477759262143
3.5093023255817943,1956.4451163974772
3.5098837209306324,1956.4124496614304
3.5104651162794696,1956.379758561151
3.5110465116283067,1956.3470409411455
3.511627906977144,1956.3143078654775
3.512209302325981,1956.2815276456813
3.512790697674819,1956.248742157823
3.5133720930236563,1956.2159103208332
3.5139534883724934,1956.1830776485729
3.5145348837213306,1956.150219759674
3.5151162790701687,1956.1173450930278
3.515697674419006,1956.0844673975919
3.516279069767843,1956.0515420296817
3.51686046511668,1956.0186111009173
3.5174418604655173,1955.9856344530297
3.518023255814355,1955.952652890007
3.518604651163192,1955.9196253621874
3.5191860465120293,1955.8865927973281
3.519767441860867,1955.8535138791638
3.520348837209704,1955.8204299831837
3.5209302325585417,1955.787299492534
3.521511627907379,1955.7541637475044
3.522093023256216,1955.7209810740658
3.522674418605053,1955.6877932922648
3.523255813953891,1955.654567140464
3.5238372093027284,1955.6213002692418
3.5244186046515655,1955.5880069263437
3.5250000000004027,1955.554686977301
3.52558139534924,1955.5213212713772
3.526162790698078,1955.4879442063916
3.526744186046915,1955.4545157549808
3.5273255813957523,1955.4210871189393
3.5279069767445894,1955.3876178125197
3.5284883720934266,1955.354108944501
3.5290697674422646,1955.320589575575
3.529651162791102,1955.2870263536536
3.530232558139939,1955.2534234051861
3.530813953488776,1955.219792801182
3.531395348837614,1955.1861344237157
3.5319767441864514,1955.1524481556355
3.5325581395352885,1955.1187338566929
3.5331395348841257,1955.0849914079015
3.533720930232963,1955.0512207375018
3.534302325581801,1955.0174215451373
3.534883720930638,1954.9835919684133
3.5354651162794752,1954.949736241988
3.5360465116283124,1954.9158533532834
3.5366279069771496,1954.8819416298459
3.537209302325987,1954.8480009407783
3.5377906976748243,1954.8140311626796
3.5383720930236615,1954.780025244615
3.538953488372499,1954.7459837016952
3.5395348837213363,1954.7119064271444
3.540116279070174,1954.6777995410214
3.540697674419011,1954.643662479206
3.5412790697678482,1954.609495395827
3.5418604651166854,1954.5752983192085
3.5424418604655235,1954.54164476027
3.5430232558143606,1954.5083894560148
3.543604651163198,1954.4751037597698
3.544186046512035,1954.4417874555731
3.544767441860872,1954.4084399962915
3.54534883720971,1954.3750617862395
3.5459302325585473,1954.34165272177
3.5465116279073845,1954.3082126578308
3.5470930232562217,1954.2747414472785
3.547674418605059,1954.2412389110852
3.548255813953897,1954.2077043842928
3.548837209302734,1954.1742111005526
3.549418604651571,1954.141778932073
3.5500000000004084,1954.1096517548528
3.5505813953492464,1954.0774926978377
3.5511627906980836,1954.0453016448728
3.5517441860469208,1954.013078403816
3.552325581395758,1953.9808228148243
3.552906976744595,1953.948532736497
3.553488372093433,1953.916207671204
3.5540697674422703,1953.8838485032895
3.5546511627911075,1953.8514563934075
3.5552325581399447,1953.8190311424662
3.555813953488782,1953.7865725764534
3.5563953488376194,1953.7540805235594
3.5569767441864566,1953.7215548075542
3.5575581395352938,1953.688995253955
3.5581395348841314,1953.6564016905913
3.558720930232969,1953.6237851870812
3.559302325581806,1953.591157491753
3.5598837209306433,1953.5585226786923
3.5604651162794805,1953.5258553546582
3.5610465116283176,1953.4931530959109
3.5616279069771557,1953.4604156799053
3.562209302325993,1953.427642952966
3.56279069767483,1953.3948347175221
3.563372093023667,1953.3619904601728
3.5639534883725044,1953.3291101271557
3.5645348837213424,1953.2961937402054
3.5651162790701796,1953.2632411321931
3.5656976744190167,1953.230252107371
3.566279069767854,1953.1972264842673
3.566860465116692,1953.164164104565
3.567441860465529,1953.1310648229307
3.5680232558143663,1953.0979284203208
3.5686046511632035,1953.0647547788517
3.5691860465120406,1953.031543247468
3.5697674418608787,1952.9982940534426
3.570348837209716,1952.9650071130013
3.570930232558553,1952.931682269079
3.57151162790739,1952.8983193536103
3.5720930232562274,1952.8649182212703
3.5726744186050654,1952.8314787294544
3.5732558139539026,1952.798000328096
3.5738372093027397,1952.7644831437833
3.574418604651577,1952.7309271085212
3.575000000000414,1952.6973294261654
3.5755813953492517,1952.6636914179521
3.576162790698089,1952.6300140768847
3.576744186046926,1952.596297246068
3.5773255813957636,1952.5625407495447
3.5779069767446012,1952.5287466383852
3.5784883720934384,1952.4949132293307
3.5790697674422756,1952.4610400247636
3.5796511627911127,1952.427126434463
3.58023255813995,1952.393172268471
3.580813953488788,1952.3591773405324
3.581395348837625,1952.3251414589995
3.5819767441864623,1952.2910644109252
3.5825581395352994,1952.2569460186853
3.5831395348841366,1952.2227860378568
3.5837209302329747,1952.1885842611052
3.584302325581812,1952.1543404817992
3.584883720930649,1952.1200529755904
3.585465116279486,1952.085722139685
3.586046511628324,1952.0513450436492
3.5866279069771614,1952.0169239186828
3.5872093023259986,1951.9824596393187
3.5877906976748357,1951.9479519654792
3.588372093023673,1951.9134006573156
3.588953488372511,1951.878805448436
3.589534883721348,1951.8441660999788
3.5901162790701853,1951.809468282144
3.5906976744190224,1951.7747251972933
3.5912790697678596,1951.7399371153278
3.5918604651166977,1951.7051037313308
3.592441860465535,1951.6702248518718
3.593023255814372,1951.635300024341
3.593604651163209,1951.6003287822716
3.5941860465120468,1951.5653112050204
3.594767441860884,1951.5302470171296
3.595348837209721,1951.4951359319468
3.5959302325585583,1951.4599776415896
3.596511627907396,1951.424771872381
3.5970930232562335,1951.389631516718
3.5976744186050706,1951.3553415068989
3.598255813953908,1951.321384620442
3.598837209302745,1951.2874953769585
3.599418604651582,1951.2535562522173
3.60000000000042,1951.2195675099292
3.6005813953492574,1951.1855296398244
3.6011627906980945,1951.1514408920016
3.6017441860469317,1951.117300940687
3.602325581395769,1951.0830215626975
3.602906976744607,1951.0487895849294
3.603488372093444,1951.015321326487
3.6040697674422812,1950.9817965046032
3.6046511627911184,1950.9482139767647
3.6052325581399565,1950.9145757660865
3.6058139534887936,1950.880885546325
3.606395348837631,1950.8471361492432
3.606976744186468,1950.8133300363038
3.607558139535305,1950.7794726730701
3.608139534884143,1950.7455637768
3.6087209302329804,1950.7116808998514
3.6093023255818175,1950.6798171617143
3.6098837209306547,1950.6478962680374
3.610465116279492,1950.6159260739453
3.61104651162833,1950.5839098753886
3.611627906977167,1950.551852846593
3.6122093023260042,1950.5197519720402
3.6127906976748414,1950.4876132533989
3.613372093023679,1950.4554367871906
3.613953488372516,1950.4232132315549
3.6145348837213533,1950.3909423395924
3.6151162790701905,1950.358623831331
3.615697674419028,1950.3262869475595
3.6162790697678657,1950.2939274158596
3.616860465116703,1950.2615188516331
3.61744186046554,1950.229060213833
3.6180232558143772,1950.1965526408972
3.6186046511632144,1950.1639958407022
3.6191860465120524,1950.131389539569
3.6197674418608896,1950.098721929003
3.6203488372097268,1950.0660021959898
3.620930232558564,1950.0332286656633
3.621511627907402,1950.0003998474288
3.622093023256239,1949.967519790105
3.6226744186050763,1949.9349044215116
3.6232558139539135,1949.9031239072715
3.6238372093027507,1949.872180753205
3.6244186046515887,1949.8419594319123
3.625000000000426,1949.8124600174856
3.625581395349263,1949.783427481516
3.6261627906981,1949.7551637108995
3.6267441860469374,1949.7268865033025
3.6273255813957754,1949.6985890785033
3.6279069767446126,1949.6702528738165
3.6284883720934498,1949.6417654368088
3.629069767442287,1949.6132482815462
3.6296511627911245,1949.584701295065
3.630232558139962,1949.5561218993057
3.6308139534887993,1949.5275007824841
3.6313953488376365,1949.4988494758359
3.6319767441864736,1949.4701678672948
3.6325581395353113,1949.4414558190413
3.6331395348841484,1949.4127132076621
3.6337209302329856,1949.3839398910895
3.6343023255818228,1949.3551357249933
3.6348837209306604,1949.3262966531256
3.635465116279498,1949.2974263142432
3.636046511628335,1949.2685247856164
3.6366279069771723,1949.239580364829
3.6372093023260095,1949.2106417510258
3.6377906976748466,1949.181664416065
3.6383720930236847,1949.1526558003975
3.638953488372522,1949.1236163434783
3.639534883721359,1949.0945448746677
3.640116279070196,1949.065440152656
3.6406976744190342,1949.0363020072539
3.6412790697678714,1949.0071289435205
3.6418604651167086,1948.977921457316
3.6424418604655457,1948.9486766695188
3.643023255814383,1948.9193968783895
3.643604651163221,1948.8900824494244
3.644186046512058,1948.8607276888986
3.6447674418608953,1948.8313395177793
3.6453488372097325,1948.8019179780224
3.6459302325585696,1948.7724657500194
3.6465116279074077,1948.7429839533393
3.647093023256245,1948.7134684415248
3.647674418605082,1948.6839244309963
3.648255813953919,1948.6542563582234
3.648837209302757,1948.6244211662138
3.6494186046515944,1948.594555050398
3.6500000000004316,1948.5646578557175
3.6505813953492687,1948.534729463964
3.651162790698106,1948.5047697364246
3.6517441860469435,1948.4747785008071
3.6523255813957807,1948.4447397759031
3.652906976744618,1948.4146635138795
3.653488372093455,1948.3845525247705
3.6540697674422926,1948.3544094576182
3.6546511627911302,1948.324234160936
3.6552325581399674,1948.2948635346165
3.6558139534888046,1948.2674938819139
3.6563953488376417,1948.2405222947862
3.6569767441864798,1948.2142545614668
3.657558139535317,1948.1879604947078
3.658139534884154,1948.1616394163982
3.6587209302329913,1948.1352974121123
3.6593023255818284,1948.1089392539382
3.6598837209306665,1948.0825610813436
3.6604651162795037,1948.0561554387184
3.661046511628341,1948.0297219857175
3.661627906977178,1948.0032608301995
3.662209302326015,1947.9767718532073
3.662790697674853,1947.9502549392985
3.6633720930236904,1947.9237107423658
3.6639534883725275,1947.8979035536152
3.6645348837213647,1947.8722964370734
3.6651162790702028,1947.846686899679
3.66569767441904,1947.8210333326979
3.666279069767877,1947.7955751019078
3.6668604651167143,1947.7703597660309
3.6674418604655514,1947.7451314968669
3.668023255814389,1947.7198880119342
3.6686046511632266,1947.694600081322
3.669186046512064,1947.669308858867
3.669767441860901,1947.643972781605
3.670348837209738,1947.618631834704
3.6709302325585758,1947.5932563632048
3.671511627907413,1947.5678082886202
3.67209302325625,1947.542267967893
3.6726744186050873,1947.5166342543744
3.673255813953925,1947.4909012424346
3.6738372093027625,1947.4650724927662
3.6744186046515996,1947.4391437412328
3.675000000000437,1947.4131534531957
3.675581395349274,1947.3871507674983
3.676162790698112,1947.361128754961
3.676744186046949,1947.3350975404007
3.6773255813957864,1947.3090340180738
3.6779069767446235,1947.2829609511218
3.6784883720934607,1947.256865162501
3.6790697674422987,1947.2307538299399
3.679651162791136,1947.2046197347822
3.680232558139973,1947.178466810125
3.6808139534888102,1947.152293811924
3.6813953488376474,1947.1261160114113
3.6819767441864855,1947.0999101240918
3.6825581395353226,1947.073693255486
3.68313953488416,1947.0474555536714
3.683720930232997,1947.0217769526805
3.684302325581835,1946.9964625344437
3.684883720930672,1946.9715060689741
3.6854651162795093,1946.9469759885405
3.6860465116283465,1946.922918783434
3.6866279069771837,1946.8991735412862
3.6872093023260213,1946.8757341521489
3.687790697674859,1946.8527739567326
3.688372093023696,1946.8297955229355
3.6889534883725332,1946.8068117831479
3.6895348837213704,1946.7838120309011
3.690116279070208,1946.7607991329717
3.690697674419045,1946.7377728941076
3.6912790697678823,1946.7147357609015
3.6918604651167195,1946.6916825125281
3.6924418604655576,1946.6686164319217
3.6930232558143947,1946.6455353737233
3.693604651163232,1946.622438842395
3.694186046512069,1946.5993306356079
3.694767441860906,1946.5762060816473
3.6953488372097443,1946.553062625634
3.6959302325585814,1946.5299178361527
3.6965116279074186,1946.5067534997443
3.6970930232562558,1946.4835750571942
3.697674418605093,1946.4603793914262
3.698255813953931,1946.4371717715815
3.698837209302768,1946.4143073429202
3.6994186046516053,1946.3915884698092
3.7000000000004425,1946.3688677466582
3.7005813953492805,1946.3461071972579
3.7011627906981177,1946.3233399175942
3.701744186046955,1946.3005590077444
3.702325581395792,1946.277763897098
3.702906976744629,1946.2549548735524
3.7034883720934673,1946.2321320176445
3.7040697674423044,1946.2093470925286
3.7046511627911416,1946.1869219744347
3.7052325581399788,1946.1644933939303
3.705813953488816,1946.1420473929352
3.7063953488376535,1946.1195882631032
3.706976744186491,1946.0971154928357
3.7075581395353283,1946.0746308478208
3.7081395348841655,1946.052126544923
3.7087209302330026,1946.0296106219043
3.7093023255818403,1946.0070801681636
3.7098837209306774,1945.984535969392
3.7104651162795146,1945.9619785661855
3.7110465116283518,1945.9394030133994
3.71162790697719,1945.916814678618
3.712209302326027,1945.8942123070913
3.712790697674864,1945.8715947866822
3.7133720930237013,1945.8489632612338
3.7139534883725385,1945.8263160654928
3.7145348837213765,1945.803655270728
3.7151162790702137,1945.780978576209
3.715697674419051,1945.7582880059106
3.716279069767888,1945.735581317498
3.716860465116725,1945.7128578220006
3.7174418604655632,1945.6901152560524
3.7180232558144004,1945.6673599915562
3.7186046511632376,1945.6445894092142
3.7191860465120747,1945.6218031001176
3.719767441860913,1945.599001837949
3.72034883720975,1945.5761734042303
3.720930232558587,1945.5533267936107
3.7215116279074243,1945.530464872903
3.7220930232562615,1945.5075860841214
3.7226744186050995,1945.4846919894223
3.7232558139539367,1945.4617821848458
3.723837209302774,1945.4388565390275
3.724418604651611,1945.4159150481455
3.725000000000448,1945.392956510699
3.725581395349286,1945.369974832632
3.7261627906981234,1945.3469690341453
3.7267441860469606,1945.3239418996684
3.7273255813957977,1945.300898542969
3.7279069767446353,1945.2778388787576
3.7284883720934725,1945.2547628349191
3.7290697674423097,1945.2316703480303
3.729651162791147,1945.2085091572787
3.730232558139984,1945.1852843911092
3.730813953488822,1945.1620502996238
3.731395348837659,1945.1387994959562
3.7319767441864964,1945.1155290133029
3.7325581395353336,1945.0921439652811
3.7331395348841707,1945.0687160772113
3.7337209302330088,1945.045279566362
3.734302325581846,1945.0218197655793
3.734883720930683,1944.998337382415
3.7354651162795203,1944.9748261607156
3.7360465116283574,1944.9512989910415
3.7366279069771955,1944.9277555999258
3.7372093023260327,1944.9041961086461
3.73779069767487,1944.8806201515724
3.738372093023707,1944.8570242346086
3.738953488372545,1944.8334155180696
3.739534883721382,1944.8097653695072
3.7401162790702194,1944.7859931117252
3.7406976744190565,1944.76221913583
3.7412790697678937,1944.738598233617
3.7418604651167318,1944.7156577291469
3.742441860465569,1944.6938504429659
3.743023255814406,1944.672579990466
3.7436046511632433,1944.651301092655
3.7441860465120804,1944.6300070963327
3.744767441860918,1944.6086979119382
3.7453488372097556,1944.5873734747124
3.745930232558593,1944.5660337452393
3.74651162790743,1944.5446789192617
3.7470930232562676,1944.5233082799018
3.7476744186051048,1944.5019223547997
3.748255813953942,1944.4805209601664
3.748837209302779,1944.4591039966758
3.7494186046516162,1944.437671361046
3.7500000000004543,1944.4162505195827
3.7505813953492915,1944.396516114544
3.7511627906981286,1944.376766356222
3.751744186046966,1944.3570019071517
3.752325581395803,1944.3372090875323
3.752906976744641,1944.3174096357752
3.753488372093478,1944.297587304394
3.7540697674423154,1944.27775290047
3.7546511627911525,1944.2579001688146
3.7552325581399906,1944.2380313430326
3.7558139534888277,1944.2181464262137
3.756395348837665,1944.1982453131109
3.756976744186502,1944.1783279340675
3.7575581395353392,1944.1583942488396
3.7581395348841773,1944.1383685884139
3.7587209302330145,1944.118267910763
3.7593023255818516,1944.0981504763947
3.759883720930689,1944.0780129382988
3.760465116279526,1944.057853002496
3.761046511628364,1944.0376769296608
3.761627906977201,1944.0174812117855
3.7622093023260383,1943.9972683117956
3.7627906976748755,1943.9770380676339
3.763372093023713,1943.9567904302257
3.7639534883725503,1943.936525184133
3.764534883721388,1943.9162427358417
3.765116279070225,1943.8959477318253
3.7656976744190622,1943.8756470512697
3.7662790697679,1943.8553286342897
3.766860465116737,1943.8349037852863
3.767441860465574,1943.8144410718005
3.7680232558144113,1943.7939364087786
3.7686046511632485,1943.7734173522133
3.7691860465120866,1943.7528800163107
3.7697674418609237,1943.7323196172222
3.770348837209761,1943.7117164918855
3.770930232558598,1943.6911017918771
3.771511627907435,1943.6704576100447
3.7720930232562733,1943.6497844042242
3.7726744186051104,1943.6290874017611
3.7732558139539476,1943.608371409454
3.7738372093027848,1943.5876362244126
3.774418604651623,1943.5668823788835
3.77500000000046,1943.5461098791773
3.775581395349297,1943.5253152196617
3.7761627906981343,1943.5044922777806
3.7767441860469715,1943.483626431859
3.7773255813958095,1943.4627482038377
3.7779069767446467,1943.4418620187187
3.778488372093484,1943.4209545964432
3.779069767442321,1943.4000425332783
3.779651162791158,1943.379014417641
3.7802325581399963,1943.3578990156263
3.7808139534888334,1943.336678010684
3.7813953488376706,1943.3153375796942
3.7819767441865078,1943.2939051260698
3.7825581395353454,1943.2723767499892
3.7831395348841825,1943.250714578142
3.78372093023302,1943.2289459424842
3.7843023255818573,1943.2070780006356
3.7848837209306945,1943.1852039147236
3.785465116279532,1943.1633157386498
3.7860465116283692,1943.1414189230084
3.7866279069772064,1943.1195203405207
3.7872093023260436,1943.0976142650284
3.7877906976748807,1943.0757064048419
3.788372093023719,1943.0537919961941
3.788953488372556,1943.0318756180834
3.789534883721393,1943.0099588130313
3.7901162790702303,1942.988035243229
3.7906976744190684,1942.9661051288988
3.7912790697679055,1942.9441684885135
3.7918604651167427,1942.9222131805564
3.79244186046558,1942.9002534439978
3.793023255814417,1942.8782890374407
3.793604651163255,1942.8567645547873
3.7941860465120922,1942.836233476152
3.7947674418609294,1942.8156901212503
3.7953488372097666,1942.7952752412325
3.7959302325586037,1942.7749743107709
3.796511627907442,1942.7546674301393
3.797093023256279,1942.7343542200113
3.797674418605116,1942.7140392477656
3.7982558139539533,1942.693730228685
3.798837209302791,1942.6734183119884
3.7994186046516285,1942.6536158997624
3.8000000000004657,1942.6344833273172
3.800581395349303,1942.615454004993
3.80116279069814,1942.5965303784635
3.8017441860469776,1942.577731093395
3.802325581395815,1942.5589384784373
3.8029069767446524,1942.5401389965969
3.8034883720934896,1942.5213337263388
3.8040697674423267,1942.5025287234128
3.8046511627911643,1942.4837153563028
3.8052325581400015,1942.4649084316775
3.8058139534888387,1942.4469229576812
3.806395348837676,1942.429222795414
3.806976744186513,1942.4115191297276
3.807558139535351,1942.3938106242015
3.808139534884188,1942.3760950201704
3.8087209302330254,1942.3583785933054
3.8093023255818625,1942.340658049462
3.8098837209307006,1942.3229320746204
3.8104651162795378,1942.3052047719302
3.811046511628375,1942.287527531567
3.811627906977212,1942.2703262581633
3.8122093023260493,1942.2536621102468
3.8127906976748873,1942.2374873166384
3.8133720930237245,1942.2217412382356
3.8139534883725617,1942.2059900873394
3.814534883721399,1942.1902322421518
3.815116279070236,1942.174471344497
3.815697674419074,1942.1587075018965
3.816279069767911,1942.1429408590811
3.8168604651167484,1942.1271709589025
3.8174418604655855,1942.111397850345
3.818023255814423,1942.0956174984392
3.8186046511632608,1942.0798338407794
3.819186046512098,1942.0640411347044
3.819767441860935,1942.0482269794209
3.8203488372097723,1942.0324066834662
3.82093023255861,1942.0165841669393
3.821511627907447,1942.0007601654609
3.8220930232562846,1941.984934293073
3.822674418605122,1941.9691052052788
3.823255813953959,1941.9544670040655
3.8238372093027966,1941.9409528938643
3.8244186046516337,1941.92743941368
3.825000000000471,1941.9139163301336
3.825581395349308,1941.9003711280632
3.826162790698146,1941.8868213771354
3.8267441860469833,1941.873268669474
3.8273255813958205,1941.859712848329
3.8279069767446576,1941.8461536752336
3.828488372093495,1941.8325919279946
3.829069767442333,1941.8194076408968
3.82965116279117,1941.8074683504333
3.830232558140007,1941.795660911376
3.8308139534888443,1941.7838432289877
3.8313953488376815,1941.772010662316
3.8319767441865196,1941.7601782132951
3.8325581395353567,1941.748364534465
3.833139534884194,1941.7367453087031
3.833720930233031,1941.7251255166598
3.8343023255818682,1941.7135029612457
3.8348837209307063,1941.7018774911617
3.8354651162795435,1941.690250049205
3.8360465116283806,1941.6786166764884
3.836627906977218,1941.6669798831745
3.8372093023260554,1941.6553442161173
3.837790697674893,1941.6437039736857
3.83837209302373,1941.6320604660834
3.8389534883725673,1941.620414207148
3.8395348837214045,1941.6087649704054
3.840116279070242,1941.5973924877492
3.8406976744190793,1941.5862427580382
3.841279069767917,1941.5750923950027
3.841860465116754,1941.5639394235398
3.842441860465591,1941.5527835081348
3.843023255814429,1941.5416235739567
3.843604651163266,1941.5304627001276
3.844186046512103,1941.5192976757853
3.8447674418609403,1941.5081311776348
3.8453488372097784,1941.496959969511
3.8459302325586155,1941.4857877360766
3.8465116279074527,1941.4746105887814
3.84709302325629,1941.4634295446913
3.847674418605127,1941.4522432194312
3.848255813953965,1941.4410542272908
3.8488372093028023,1941.429875031107
3.8494186046516394,1941.4190900833476
3.8500000000004766,1941.4083118630535
3.8505813953493138,1941.3975321790517
3.851162790698152,1941.3867507100015
3.851744186046989,1941.3759555655422
3.852325581395826,1941.3651523526441
3.8529069767446633,1941.354346220638
3.8534883720935014,1941.3435370979112
3.8540697674423385,1941.3327252408835
3.8546511627911757,1941.3219072765085
3.855232558140013,1941.3110825997805
3.85581395348885,1941.3002453117826
3.8563953488376876,1941.28939561841
3.8569767441865253,1941.2785461166652
3.8575581395353624,1941.2676845423905
3.8581395348841996,1941.2568618659534
3.8587209302330367,1941.2461050201634
3.8593023255818744,1941.2354154969091
3.8598837209307115,1941.2247274528281
3.860465116279549,1941.2140266233496
3.8610465116283863,1941.2033252735102
3.861627906977224,1941.192616104096
3.862209302326061,1941.1819061831088
3.8627906976748982,1941.1711932598678
3.8633720930237354,1941.160477435356
3.8639534883725726,1941.1497586761573
3.8645348837214106,1941.1390369993326
3.865116279070248,1941.1286306635861
3.865697674419085,1941.1184961841318
3.866279069767922,1941.108640521553
3.8668604651167593,1941.0991573916917
3.8674418604655973,1941.0899282125613
3.8680232558144345,1941.0809459950724
3.8686046511632717,1941.0722395680002
3.869186046512109,1941.0635317295619
3.869767441860946,1941.0548206847627
3.870348837209784,1941.046107232903
3.8709302325586212,1941.0378579070812
3.8715116279074584,1941.0306716392552
3.8720930232562956,1941.024560504029
3.8726744186051336,1941.0184483844007
3.873255813953971,1941.012333281553
3.873837209302808,1941.006215214861
3.874418604651645,1941.0000941720873
3.8750000000004823,1940.993970155148
3.87558139534932,1940.9878324041363
3.8761627906981575,1940.9816804611005
3.8767441860469947,1940.9755155380801
3.877325581395832,1940.9693475464837
3.877906976744669,1940.9631808057754
3.8784883720935066,1940.9570023346132
3.8790697674423438,1940.9523598544579
3.8796511627911814,1940.9479051039502
3.8802325581400186,1940.9434399888103
3.880813953488856,1940.9389735229977
3.8813953488376933,1940.9344997078867
3.8819767441865305,1940.9300245473237
3.8825581395353677,1940.9255640814763
3.883139534884205,1940.9211067736055
3.883720930233043,1940.9166466223337
3.88430232558188,1940.9121830018032
3.884883720930717,1940.9077163425177
3.8854651162795544,1940.9032465521811
3.8860465116283915,1940.8987736144506
3.8866279069772296,1940.8942975296418
3.8872093023260668,1940.8898184546454
3.887790697674904,1940.8853358778904
3.888372093023741,1940.8808503142636
3.888953488372579,1940.8763615055996
3.8895348837214163,1940.8718693825888
3.8901162790702535,1940.8673739715134
3.8906976744190906,1940.8628715060715
3.891279069767928,1940.8583735249015
3.891860465116766,1940.8538684080975
3.892441860465603,1940.849360010363
3.89302325581444,1940.8448482809004
3.8936046511632774,1940.8403333846707
3.8941860465121145,1940.8358151361701
3.894767441860952,1940.8312936629068
3.8953488372097897,1940.826761572257
3.895930232558627,1940.8221787388018
3.896511627907464,1940.8175747203306
3.8970930232563017,1940.8129669707284
3.897674418605139,1940.8083555312162
3.898255813953976,1940.8037407963802
3.8988372093028136,1940.799122336557
3.899418604651651,1940.7945003373454
3.9000000000004884,1940.7898744454285
3.9005813953493256,1940.7852450828118
3.9011627906981627,1940.7806120857026
3.901744186047,1940.7759754411882
3.902325581395837,1940.77133522803
3.902906976744675,1940.766694124294
3.9034883720935123,1940.7620591206057
3.9040697674423495,1940.757419571906
3.9046511627911866,1940.7527769568248
3.905232558140024,1940.7481270297733
3.905813953488862,1940.7434720901983
3.906395348837699,1940.7388104269714
3.906976744186536,1940.734147075194
3.9075581395353733,1940.7294797837592
3.9081395348842114,1940.7248061936023
3.9087209302330486,1940.7201275087748
3.9093023255818857,1940.7154460267136
3.909883720930723,1940.710758015119
3.91046511627956,1940.7060669681575
3.911046511628398,1940.7013721277403
3.9116279069772353,1940.6967014714662
3.9122093023260724,1940.6920538138534
3.9127906976749096,1940.6873521058315
3.913372093023747,1940.6826384475476
3.9139534883725844,1940.6779210804516
3.914534883721422,1940.6731996816955
3.915116279070259,1940.6684737730468
3.9156976744190963,1940.6637426971467
3.916279069767934,1940.6590074673152
3.916860465116771,1940.654267988176
3.9174418604656083,1940.6495241822893
3.918023255814446,1940.6447760131005
3.918604651163283,1940.640020293876
3.9191860465121207,1940.6352602658094
3.919767441860958,1940.630491730364
3.920348837209795,1940.6257242794134
3.920930232558632,1940.620948290193
3.9215116279074693,1940.6161645726472
3.9220930232563074,1940.6113661327897
3.9226744186051445,1940.6065505320714
3.9232558139539817,1940.6017287341633
3.923837209302819,1940.5969036550136
3.924418604651657,1940.59207115852
3.925000000000494,1940.5872323661051
3.9255813953493313,1940.5823851407383
3.9261627906981684,1940.5775344550818
3.9267441860470056,1940.5726793921417
3.9273255813958436,1940.56781855476
3.927906976744681,1940.5629578737062
3.928488372093518,1940.558095146002
3.929069767442355,1940.5532430567475
3.9296511627911923,1940.548390217762
3.9302325581400304,1940.5435330499497
3.9308139534888675,1940.538669658049
3.9313953488377047,1940.5338010710861
3.931976744186542,1940.528921095537
3.932558139535379,1940.5240361264057
3.9331395348842166,1940.5191440615733
3.9337209302330542,1940.514239919773
3.9343023255818914,1940.5093330864397
3.9348837209307286,1940.5044224665626
3.935465116279566,1940.4995075544268
3.9360465116284034,1940.4945850159475
3.9366279069772405,1940.4898512977243
3.937209302326078,1940.4865462924827
3.9377906976749153,1940.4839765230377
3.938372093023753,1940.481404165556
3.93895348837259,1940.4788249636508
3.9395348837214272,1940.4762415397493
3.9401162790702644,1940.4736537607196
3.9406976744191016,1940.47155764253
3.9412790697679396,1940.470530799383
3.941860465116777,1940.4695010109504
3.942441860465614,1940.468466892352
3.943023255814451,1940.4674317658387
3.943604651163289,1940.4663913406437
3.9441860465121263,1940.465349210884
3.9447674418609635,1940.4642917241142
3.9453488372098007,1940.4632268635955
3.945930232558638,1940.4621599564687
3.946511627907476,1940.4610818027904
3.947093023256313,1940.4600014294176
3.9476744186051502,1940.4589166274786
3.9482558139539874,1940.4578274939695
3.9488372093028246,1940.4567342259004
3.9494186046516626,1940.4556371011417
3.9500000000005,1940.4545361583582
3.950581395349337,1940.4534308511254
3.951162790698174,1940.4523245662085
3.9517441860470117,1940.4512268534338
3.952325581395849,1940.4501247488333
3.9529069767446865,1940.449017743463
3.9534883720935237,1940.4479063501299
3.954069767442361,1940.446790516627
3.9546511627911984,1940.4456703480312
3.9552325581400356,1940.444545341747
3.9558139534888728,1940.443416755768
3.9563953488377104,1940.4423662031393
3.9569767441865475,1940.441394148985
3.957558139535385,1940.4404187750033
3.9581395348842223,1940.4394410960276
3.9587209302330595,1940.43845904951
3.9593023255818967,1940.4374726388976
3.9598837209307347,1940.4364751918404
3.960465116279572,1940.4354814881751
3.961046511628409,1940.4344785728747
3.961627906977246,1940.4334713372675
3.9622093023260834,1940.4324597515476
3.9627906976749214,1940.4314437871435
3.9633720930237586,1940.430423533277
3.9639534883725958,1940.4293989126631
3.964534883721433,1940.4283699597215
3.96511627907027,1940.4274132452153
3.965697674419108,1940.4264860621129
3.9662790697679453,1940.4255570734213
3.9668604651167825,1940.4246237596335
3.9674418604656196,1940.4236861391107
3.968023255814457,1940.4227442118893
3.968604651163295,1940.4218358484616
3.969186046512132,1940.4209386690422
3.969767441860969,1940.4200399036429
3.9703488372098064,1940.4191174987918
3.970930232558644,1940.4181817358096
3.971511627907481,1940.417244074219
3.9720930232563187,1940.4163026185186
3.972674418605156,1940.4153564617056
3.973255813953993,1940.4144056135488
3.9738372093028307,1940.4134467858767
3.974418604651668,1940.4124826201898
3.975000000000505,1940.411513210664
3.9755813953493426,1940.4105393504149
3.97616279069818,1940.4095611005407
3.9767441860470174,1940.4085783865012
3.9773255813958546,1940.407590986134
3.9779069767446917,1940.4065978998105
3.978488372093529,1940.4056020148341
3.979069767442367,1940.4046009093015
3.979651162791204,1940.4036014568583
3.9802325581400413,1940.402602898858
3.9808139534888785,1940.4015860127386
3.9813953488377156,1940.4005680591379
3.9819767441865537,1940.3995455560416
3.982558139535391,1940.3985185055824
3.983139534884228,1940.397487847026
3.983720930233065,1940.3964438401852
3.9843023255819023,1940.3953977574297
3.9848837209307404,1940.3943448335444
3.9854651162795776,1940.3932849303555
3.9860465116284147,1940.3922206624893
3.986627906977252,1940.391151751896
3.98720930232609,1940.3900764631674
3.987790697674927,1940.3889950068549
3.9883720930237643,1940.3879649502967
3.9889534883726014,1940.3870225571843
3.9895348837214386,1940.386110886291
3.990116279070276,1940.3851966920006
3.9906976744191134,1940.3842773435283
3.991279069767951,1940.3833539074753
3.991860465116788,1940.3824257403323
3.9924418604656253,1940.3814932498988
3.993023255814463,1940.3805560276285
3.9936046511633,1940.379614203558
3.9941860465121373,1940.3786677756939
3.994767441860975,1940.3777167500866
3.9953488372098125,1940.376758052264
3.9959302325586497,1940.3757945499465
3.996511627907487,1940.3748264206224
3.997093023256324,1940.3738917435207
3.997674418605161,1940.3730325067293
3.998255813953999,1940.3721730296334
3.9988372093028364,1940.3713089110547
3.9994186046516735,1940.3704401434627
4.000000000000511,1940.3695667211641
