Drift (%),Base Shear (kN)
0.0005813953488372109,1.3019222666587311
0.0011627906976744203,2.6036717990768885
0.0017441860465116294,3.905246248404147
0.002325581395348839,5.206642385122768
0.0029069767441860478,6.5078596994973115
0.003488372093023257,7.808897854241484
0.004069767441860466,9.109756480520259
0.004651162790697675,10.410435347246624
0.0052325581395348845,11.710934065147711
0.005813953488372094,13.011251948336845
0.006395348837209304,14.311388706619033
0.006976744186046514,15.611343126584005
0.007558139534883724,16.91111514262911
0.008139534883720934,18.210703395951604
0.008720930232558145,19.510107797767738
0.009302325581395354,20.80932791720148
0.009883720930232563,22.108363785359085
0.010465116279069773,23.407215278664193
0.011046511627906982,24.705881631005038
0.011627906976744191,26.004363597051363
0.0122093023255814,27.30266040108724
0.012790697674418611,28.60077218256678
0.01337209302325582,29.898697521074375
0.01395348837209303,31.19643725085543
0.014534883720930241,32.493990495061134
0.01511627906976745,33.79135804841968
0.01569767441860466,35.08853721307431
0.01627906976744187,36.38553162970632
0.01686046511627908,37.68233729602617
0.01744186046511629,38.978950353886496
0.0180232558139535,40.275377684227955
0.01860465116279071,41.57161897435842
0.01918604651162792,42.86766587299597
0.01976744186046513,44.163519235385685
0.020348837209302337,45.45919636684936
0.02093023255813955,46.75468015183361
0.021511627906976756,48.049977379037784
0.022093023255813967,49.34507217276264
0.022674418604651178,50.639988965997254
0.023255813953488386,51.9346922181645
0.023837209302325593,53.22919240313828
0.0244186046511628,54.523481225855654
0.025000000000000012,55.81757068965154
0.025581395348837216,57.11151984288752
0.026162790697674427,58.405229174933474
0.02674418604651163,59.6987636327375
0.02732558139534884,60.99210104773759
0.027906976744186046,62.285285666268095
0.028488372093023254,63.5782341077154
0.029069767441860458,64.87099613444914
0.02965116279069767,66.16362609434982
0.030232558139534873,67.4560073198414
0.030813953488372084,68.74816725458805
0.03139534883720929,70.04016288090342
0.0319767441860465,71.33190609466745
0.0325581395348837,72.62326611848566
0.033139534883720914,73.91468141520136
0.033720930232558115,75.20587099375733
0.03430232558139533,76.4967824299245
0.03488372093023253,77.78692350898113
0.035465116279069744,79.07680117539373
0.036046511627906945,80.3659330585032
0.03662790697674416,81.65496868286017
0.03720930232558136,82.94379825380881
0.03779069767441857,84.23204478561277
0.038372093023255775,85.51988221075453
0.03895348837209298,86.80717249250412
0.03953488372093019,88.09408932309202
0.0401162790697674,89.38079953739407
0.040697674418604605,90.6673575467247
0.04127906976744181,91.9535906261282
0.04186046511627902,93.23939163062306
0.04244186046511623,94.52490943635483
0.043023255813953436,95.80965120375386
0.04360465116279064,97.09341079445815
0.044186046511627844,98.3765313740483
0.04476744186046506,99.65889310977163
0.04534883720930226,100.9405619763749
0.045930232558139474,102.22153549375284
0.046511627906976674,103.50204937253996
0.04709302325581389,104.78218838490027
0.047674418604651096,106.06100063279702
0.048255813953488304,107.33837695681112
0.04883720930232552,108.61431619631367
0.04941860465116272,109.88961699546394
0.049999999999999926,111.16359825083782
0.05058139534883713,112.43554750295725
0.05116279069767435,113.705586386501
0.05174418604651155,114.97394895813679
0.05232558139534876,116.24072792197357
0.05290697674418596,117.50647023540782
0.05348837209302317,118.77185383253621
0.05406976744186038,120.03656974774748
0.05465116279069758,121.29982751123532
0.05523255813953479,122.56051721598091
0.055813953488372,123.81971184829045
0.05639534883720921,125.07696331897334
0.05697674418604641,126.33104469491404
0.05755813953488362,127.58131209192538
0.05813953488372083,128.8290583925958
0.05872093023255803,130.07497544222835
0.05930232558139524,131.3185342707197
0.05988372093023245,132.5598454283261
0.06046511627906966,133.7976896147192
0.06104651162790686,135.0303447605705
0.06162790697674407,136.2598418200415
0.06220930232558127,137.48485078134294
0.06279069767441849,138.70716787739858
0.0633720930232557,139.92891827176172
0.0639534883720929,141.14989624362795
0.06453488372093011,142.36905247679834
0.06511627906976732,143.58642901418318
0.06569767441860452,144.8000302650667
0.06627906976744173,146.01047703536
0.06686046511627894,147.21779064036713
0.06744186046511615,148.42225133737546
0.06802325581395335,149.6225942530594
0.06860465116279056,150.8195434695179
0.06918604651162776,152.01040822396916
0.06976744186046498,153.19887802585816
0.07034883720930218,154.3854253757967
0.07093023255813939,155.56867705688254
0.07151162790697659,156.75063142175762
0.0720930232558138,157.93148322166851
0.07267441860465101,159.11024632670018
0.07325581395348821,160.28765464653708
0.07383720930232542,161.46340228265876
0.07441860465116264,162.6382148966104
0.07499999999999984,163.81091454916267
0.07558139534883704,164.97925418860584
0.07616279069767425,166.14278467262207
0.07674418604651147,167.30469687490017
0.07732558139534867,168.4631860191339
0.07790697674418587,169.61887864872995
0.07848837209302308,170.77235192853846
0.0790697674418603,171.9227862145549
0.07965116279069749,173.07145628804517
0.0802325581395347,174.21768806225185
0.0808139534883719,175.36140864014692
0.08139534883720913,176.50244182797277
0.08197674418604632,177.6401032614179
0.08255813953488353,178.77594582310496
0.08313953488372074,179.90913756512077
0.08372093023255794,181.03807672949233
0.08430232558139515,182.1650378270737
0.08488372093023236,183.28986944458396
0.08546511627906957,184.41146999694547
0.08604651162790677,185.53079445530497
0.08662790697674398,186.64854675483792
0.08720930232558119,187.7638572966729
0.0877906976744184,188.87815888831346
0.0883720930232556,189.98763240611544
0.08895348837209281,191.09204801017614
0.08953488372093002,192.19438901384063
0.09011627906976723,193.29301547790521
0.09069767441860443,194.38828609468493
0.09127906976744164,195.48186004205212
0.09186046511627885,196.57286775255355
0.09244186046511604,197.66074131309088
0.09302325581395327,198.74603350069998
0.09360465116279049,199.82916624511458
0.0941860465116277,200.9095323706704
0.09476744186046492,201.98568377860886
0.09534883720930212,203.0594820581033
0.09593023255813936,204.1308459671282
0.09651162790697657,205.20000338410733
0.09709302325581379,206.2658651912502
0.09767441860465101,207.32938844144456
0.09825581395348823,208.38927369818785
0.09883720930232544,209.44554373320014
0.09941860465116266,210.49771542317467
0.09999999999999987,211.5480793101423
0.10058139534883709,212.59660229748314
0.10116279069767431,213.64196130521879
0.10174418604651152,214.6834656002918
0.10232558139534874,215.722022313292
0.10290697674418597,216.75817102289
0.10348837209302318,217.7920356852522
0.1040697674418604,218.8234437227344
0.10465116279069761,219.85240818297936
0.10523255813953483,220.87991723228598
0.10581395348837205,221.90505492447886
0.10639534883720926,222.92704846990705
0.10697674418604648,223.9452550255866
0.10755813953488369,224.9597783630286
0.10813953488372091,225.97094975719
0.10872093023255815,226.97823094210833
0.10930232558139535,227.98207383431873
0.10988372093023258,228.98353625864223
0.1104651162790698,229.98265102069965
0.111046511627907,230.97714871493213
0.11162790697674423,231.97049318118127
0.11220930232558143,232.96294920577893
0.11279069767441866,233.9541045604536
0.11337209302325586,234.94348613311996
0.11395348837209308,235.92999087653473
0.11453488372093032,236.91435992615368
0.11511627906976754,237.89567467810298
0.11569767441860475,238.87340820460145
0.11627906976744197,239.84817381987443
0.11686046511627918,240.8181381924741
0.1174418604651164,241.78432190655312
0.11802325581395362,242.74810616744605
0.11860465116279083,243.71054061174033
0.11918604651162805,244.6716848986757
0.11976744186046526,245.63110791020677
0.12034883720930249,246.5891422705104
0.12093023255813971,247.5460810397924
0.12151162790697692,248.50126593405375
0.12209302325581414,249.45510841992132
0.12267441860465136,250.40847787444307
0.12325581395348857,251.36090836453567
0.12383720930232579,252.3120706030638
0.124418604651163,253.26154670604583
0.12500000000000022,254.20981574527423
0.12558139534883744,255.1564835203022
0.12616279069767466,256.10179228896504
0.1267441860465119,257.04541554835174
0.1273255813953491,257.98771874552034
0.12790697674418633,258.92836840624466
0.12848837209302352,259.8639163101803
0.12906976744186074,260.7972653466674
0.12965116279069797,261.7291928183496
0.1302325581395352,262.6583550553461
0.13081395348837238,263.5850262680596
0.1313953488372096,264.51052801037616
0.13197674418604685,265.4352128978538
0.13255813953488407,266.3591763183008
0.13313953488372127,267.2813948573841
0.1337209302325585,268.2031738446421
0.1343023255813957,269.12431754985084
0.13488372093023293,270.04421929892516
0.13546511627907015,270.9625489216299
0.13604651162790735,271.87921512175336
0.13662790697674457,272.7948111811734
0.1372093023255818,273.709627073753
0.137790697674419,274.62350097867727
0.13837209302325623,275.53612907799334
0.13895348837209345,276.4476180379913
0.13953488372093067,277.3570230259929
0.1401162790697679,278.26463063771547
0.1406976744186051,279.1709363044814
0.1412790697674423,280.0761592198361
0.14186046511627953,280.9800841200207
0.14244186046511675,281.88002902290236
0.14302325581395398,282.7774321817297
0.1436046511627912,283.67425914127
0.14418604651162842,284.5694548624933
0.14476744186046564,285.4633397303269
0.14534883720930283,286.35630096531963
0.14593023255814006,287.2474571078127
0.14651162790697728,288.1362483874023
0.1470930232558145,289.02284023410704
0.1476744186046517,289.90839735139434
0.1482558139534889,290.7930297803498
0.14883720930232616,291.67586963051536
0.14941860465116338,292.5564123896828
0.15000000000000058,293.4355648887999
0.1505813953488378,294.3121867162864
0.15116279069767502,295.18627428383263
0.15174418604651224,296.0580646116686
0.15232558139534946,296.9287765588986
0.15290697674418666,297.7979330442797
0.15348837209302388,298.66615671879424
0.1540697674418611,299.5326747708806
0.15465116279069832,300.39742946932836
0.15523255813953554,301.26004016428254
0.15581395348837276,302.1211421804477
0.15639534883720999,302.98137156905614
0.1569767441860472,303.8408476927311
0.1575581395348844,304.69950306818333
0.15813953488372162,305.55711915871655
0.15872093023255884,306.41395324923525
0.15930232558139606,307.2697687875068
0.15988372093023326,308.1241026129519
0.1604651162790705,308.9774654740878
0.16104651162790773,309.8297972969735
0.16162790697674495,310.6805642103913
0.16220930232558214,311.53002655494896
0.16279069767441937,312.3783359992355
0.1633720930232566,313.2256019783431
0.1639534883720938,314.0721002068398
0.164534883720931,314.9173138101534
0.16511627906976822,315.761754948889
0.16569767441860545,316.6049795919278
0.1662790697674427,317.444541974424
0.1668604651162799,318.28280814401006
0.1674418604651171,319.11921886319084
0.16802325581395433,319.95420068681506
0.16860465116279155,320.7865156129015
0.16918604651162877,321.6153331341692
0.16976744186046597,322.4426595831998
0.1703488372093032,323.26888761023275
0.1709302325581404,324.0936335164058
0.17151162790697763,324.9145049858692
0.17209302325581485,325.73306980703126
0.17267441860465207,326.5506976647191
0.1732558139534893,327.36727160138514
0.17383720930232652,328.182531786219
0.1744186046511637,328.9956130400563
0.17500000000000093,329.808246245613
0.17558139534883815,330.6201877759945
0.17616279069767538,331.43177517390757
0.17674418604651257,332.2425210216857
0.1773255813953498,333.052644558353
0.17790697674418704,333.8617349417495
0.17848837209302426,334.6699296417596
0.17906976744186145,335.47721679951394
0.17965116279069868,336.2841170813617
0.1802325581395359,337.0904717769886
0.18081395348837312,337.896065913649
0.1813953488372103,338.7006464754483
0.18197674418604753,339.50389807274354
0.18255813953488476,340.30621854245817
0.18313953488372198,341.10807770702365
0.1837209302325592,341.9093154516384
0.18430232558139642,342.709433880731
0.18488372093023364,343.5089638227272
0.18546511627907086,344.30803881722574
0.18604651162790806,345.10603999517673
0.18662790697674528,345.9022157726916
0.18720930232558247,346.6960246337749
0.1877906976744197,347.48801388213826
0.18837209302325691,348.2788433504352
0.18895348837209414,349.0690899355745
0.18953488372093136,349.8581862432804
0.19011627906976858,350.64564823610465
0.1906976744186058,351.4320018078501
0.19127906976744302,352.21715674921677
0.19186046511628022,353.0014667788136
0.19244186046511744,353.7848341275939
0.19302325581395466,354.56739517030184
0.19360465116279188,355.3495248180773
0.19418604651162907,356.1306898218515
0.19476744186046632,356.91118229745484
0.19534883720930354,357.6908529889729
0.19593023255814074,358.46990341768094
0.19651162790697796,359.24859299236243
0.19709302325581515,360.02655323077806
0.1976744186046524,360.80411703574543
0.19825581395348962,361.5814914524361
0.19883720930232684,362.35857690418237
0.19941860465116407,363.1350334519459
0.20000000000000126,363.91093529959977
0.2005813953488385,364.68585376366406
0.2011627906976757,365.4599057702104
0.20174418604651292,366.23302683747886
0.20232558139535012,367.0050919109535
0.20290697674418737,367.776340011931
0.2034883720930246,368.5465442214242
0.20406976744186178,369.31577446850395
0.20465116279069903,370.0838321530265
0.20523255813953623,370.85110453449295
0.20581395348837345,371.6175498066153
0.20639534883721064,372.38187250527426
0.2069767441860479,373.14527866524946
0.20755813953488508,373.90764797716133
0.20813953488372233,374.66865735277975
0.20872093023255955,375.42839096676005
0.20930232558139675,376.18585512566835
0.209883720930234,376.9412527162674
0.2104651162790712,377.6958028767606
0.2110465116279084,378.4498471010233
0.2116279069767456,379.2018237020181
0.21220930232558285,379.951991325301
0.21279069767442005,380.70112029510085
0.21337209302325727,381.4491287497589
0.21395348837209446,382.19641732231764
0.2145348837209317,382.943271540712
0.21511627906976893,383.68970631123057
0.21569767441860616,384.435226926947
0.21627906976744338,385.17937438966135
0.21686046511628057,385.92153259903574
0.21744186046511782,386.66299438593853
0.218023255813955,387.4038254497986
0.21860465116279224,388.1434213756786
0.21918604651162943,388.88229003676275
0.21976744186046668,389.6209742573319
0.2203488372093039,390.3591476335307
0.2209302325581411,391.09703390499175
0.22151162790697834,391.8339488759507
0.22209302325581554,392.57043448271287
0.22267441860465276,393.3064240681287
0.22325581395348995,394.04203311708204
0.2238372093023272,394.7773037845964
0.2244186046511644,395.51227489810464
0.22500000000000164,396.24697646839724
0.22558139534883884,396.98123311574165
0.22616279069767606,397.71499693758847
0.2267441860465133,398.4478082714167
0.2273255813953505,399.1795914043072
0.22790697674418772,399.91079947571524
0.22848837209302492,400.6413655675698
0.22906976744186217,401.37082338821455
0.22965116279069936,402.09744243721843
0.23023255813953658,402.8235297343635
0.23081395348837377,403.5491034751689
0.23139534883721102,404.274209695709
0.23197674418604824,404.9987299675224
0.23255813953488547,405.7221764912304
0.2331395348837227,406.4448735704208
0.23372093023255988,407.1657560579187
0.23430232558139713,407.88613376212396
0.23488372093023432,408.60598824498953
0.23546511627907155,409.3252572313222
0.23604651162790874,410.0442466049429
0.236627906976746,410.7624146558279
0.23720930232558318,411.4801101456409
0.2377906976744204,412.1973749768513
0.23837209302325765,412.9143691916189
0.23895348837209485,413.63066920718677
0.23953488372093207,414.346395179971
0.24011627906976926,415.06175675346213
0.2406976744186065,415.77654003679214
0.2412790697674437,416.4904803989146
0.24186046511628095,417.20273479077446
0.24244186046511815,417.9140850929802
0.24302325581395537,418.6252204550313
0.24360465116279262,419.33614575254677
0.2441860465116298,420.0467610713106
0.24476744186046703,420.75697185476173
0.24534883720930423,421.46681168173717
0.24593023255814148,422.1758966720031
0.24651162790697867,422.8837224388858
0.2470930232558159,423.5912461856458
0.24767441860465308,424.2979916577341
0.24825581395349033,425.00431834530013
0.24883720930232756,425.70990593757614
0.24941860465116478,426.41531190707013
0.250000000000002,427.1204425885222
0.2505813953488392,427.82503603074855
0.25116279069767644,428.528894489525
0.2517441860465136,429.2322000225355
0.2523255813953509,429.9351270747452
0.25290697674418805,430.63751414645947
0.25348837209302527,431.3397081563095
0.2540697674418625,432.04171441454673
0.2546511627906997,432.7429831338459
0.25523255813953694,433.44355538927516
0.25581395348837416,434.14395635063545
0.2563953488372114,434.84406269410766
0.2569767441860486,435.5435647455833
0.2575581395348858,436.2426440154597
0.258139534883723,436.94129355153837
0.25872093023256026,437.63945746199306
0.25930232558139743,438.3372589711416
0.2598837209302347,439.0346002765553
0.26046511627907193,439.73127665254526
0.2610465116279091,440.4274432361718
0.26162790697674637,441.1230496469797
0.26220930232558354,441.81820765760693
0.26279069767442076,442.5127446814777
0.263372093023258,443.2065216593591
0.2639534883720952,443.89957763640894
0.2645348837209324,444.5919687951172
0.26511627906976964,445.2836880545289
0.2656976744186068,445.97481454597636
0.2662790697674441,446.6654042293351
0.2668604651162813,447.35548589071595
0.26744186046511853,448.04525124522667
0.26802325581395575,448.7340537680575
0.2686046511627929,449.4221078346336
0.2691860465116302,450.10968378412105
0.26976744186046736,450.79670065251577
0.2703488372093046,451.483274021864
0.2709302325581418,452.16929624444526
0.271511627906979,452.8549422347061
0.27209302325581625,453.5398342227449
0.27267441860465347,454.22423235558364
0.2732558139534907,454.9082630335881
0.2738372093023279,455.5920828247659
0.27441860465116513,456.2751861022219
0.27500000000000235,456.9577641393422
0.2755813953488396,457.63985051508683
0.27616279069767674,458.3216894797878
0.276744186046514,459.003333818283
0.2773255813953512,459.6843446917601
0.2779069767441884,460.3650406083055
0.2784883720930257,461.04558463979174
0.27906976744186285,461.72595095071426
0.27965116279070007,462.40606143620136
0.2802325581395373,463.08591472195894
0.2808139534883745,463.7654382265972
0.28139534883721173,464.4447662082273
0.28197674418604896,465.1238891271695
0.2825581395348861,465.80256653849307
0.2831395348837234,466.4807823294208
0.2837209302325606,467.1583058965943
0.28430232558139784,467.83516764595356
0.28488372093023506,468.51133956938935
0.28546511627907223,469.1870841515775
0.2860465116279095,469.86250552145077
0.28662790697674667,470.5376005761863
0.2872093023255839,471.2122656348628
0.2877906976744211,471.8863593520864
0.28837209302325834,472.5599888521241
0.28895348837209556,473.2332916550145
0.2895348837209328,473.9052936669964
0.29011627906977,474.5768567745033
0.2906976744186072,475.2477447421502
0.29127906976744444,475.918000072985
0.2918604651162816,476.5878168617105
0.2924418604651189,477.25694041486537
0.29302325581395605,477.9253117414684
0.29360465116279333,478.59293466542357
0.2941860465116305,479.2599704677754
0.2947674418604677,479.92662197546736
0.295348837209305,480.59293502751285
0.29593023255814216,481.25863685456227
0.2965116279069794,481.9230147441071
0.2970930232558166,482.5870045908323
0.2976744186046538,483.2507475343377
0.29825581395349104,483.9142847365311
0.29883720930232827,484.5771708404092
0.29941860465116543,485.23910766107286
0.3000000000000027,485.9006148628711
0.30058139534883993,486.5617868434125
0.30116279069767715,487.22261800244314
0.3017441860465144,487.883317630096
0.30232558139535154,488.54370414297654
0.3029069767441888,489.2037021028812
0.303488372093026,489.86349901232535
0.3040697674418632,490.52309598508043
0.3046511627907004,491.1823030036259
0.30523255813953765,491.8413595199629
0.30581395348837487,492.50013720918605
0.3063953488372121,493.1586601952778
0.3069767441860493,493.816870883878
0.30755813953488653,494.47482651441953
0.30813953488372375,495.1325636743839
0.308720930232561,495.7901200991025
0.3093023255813982,496.4473266681625
0.30988372093023536,497.10391539927076
0.31046511627907264,497.7599938467302
0.3110465116279098,498.4158591682096
0.311627906976747,499.0714338427769
0.3122093023255843,499.7266186136676
0.31279069767442147,500.3815882653446
0.3133720930232587,501.0361809984674
0.3139534883720959,501.69059787481683
0.31453488372093313,502.34472014163555
0.31511627906977036,502.99854077820123
0.3156976744186076,503.65193883203625
0.31627906976744474,504.3051630347038
0.316860465116282,504.95820238765776
0.3174418604651192,505.6109598986897
0.31802325581395646,506.26343851149954
0.3186046511627937,506.91567116670166
0.31918604651163085,507.5676663751707
0.3197674418604681,508.21941470693463
0.3203488372093053,508.870773738218
0.3209302325581425,509.52179847363476
0.32151162790697974,510.1725841275211
0.32209302325581696,510.82269094089685
0.3226744186046542,511.47240933792375
0.3232558139534914,512.1216950621896
0.3238372093023286,512.7707939694994
0.32441860465116584,513.4197261261298
0.32500000000000306,514.0684671811208
0.32558139534884023,514.7168745162343
0.3261627906976775,515.3649972448214
0.3267441860465147,516.0129388807846
0.32732558139535195,516.6604091631997
0.3279069767441891,517.3076077673652
0.32848837209302634,517.954593516441
0.32906976744186356,518.6012994266853
0.3296511627907008,519.2477321120782
0.330232558139538,519.8939447464916
0.3308139534883752,520.5399515272454
0.33139534883721244,521.1855163604679
0.33197674418604967,521.8306788566869
0.3325581395348869,522.4754904869933
0.33313953488372405,523.1196753502556
0.33372093023256133,523.7630885228103
0.3343023255813985,524.4062507864779
0.3348837209302358,525.0491993283327
0.335465116279073,525.6918525215847
0.33604651162791016,526.3339925922342
0.33662790697674744,526.9758672553638
0.3372093023255846,527.6169766851559
0.3377906976744218,528.2577181143711
0.33837209302325905,528.8980713865262
0.33895348837209627,529.5381168520107
0.3395348837209335,530.1778745509099
0.3401162790697707,530.8173045282367
0.34069767441860793,531.4562689914673
0.34127906976744515,532.0950151801081
0.3418604651162824,532.7334332494615
0.3424418604651196,533.3716532104529
0.3430232558139568,534.0096429085498
0.343604651162794,534.6473111786884
0.34418604651163126,535.2846635147991
0.3447674418604684,535.921751173189
0.34534883720930565,536.558458090483
0.34593023255814287,537.1949149024574
0.3465116279069801,537.8311474937277
0.3470930232558173,538.4671702017674
0.34767441860465453,539.1030099624272
0.34825581395349176,539.7386142367566
0.348837209302329,540.3740229256701
0.3494186046511662,541.0091574757265
0.35000000000000336,541.6440277013709
0.35058139534884064,542.2786515817043
0.3511627906976778,542.9129874726983
0.3517441860465151,543.5469490087057
0.3523255813953523,544.1804519461181
0.35290697674418947,544.8135699521612
0.35348837209302675,545.4463639284265
0.3540697674418639,546.0787235005015
0.35465116279070114,546.7107902854935
0.35523255813953836,547.3424985196357
0.3558139534883756,547.9740366276801
0.3563953488372128,548.6053058917524
0.35697674418605,549.2362786270528
0.3575581395348872,549.8669615676403
0.35813953488372446,550.497289726895
0.3587209302325617,551.1273159019821
0.35930232558139885,551.7571706990019
0.35988372093023613,552.386456171523
0.3604651162790733,553.0153823138179
0.36104651162791057,553.6439910886871
0.36162790697674774,554.2722276765361
0.36220930232558496,554.9002157658547
0.3627906976744222,555.5279092398852
0.3633720930232594,556.1553131488043
0.3639534883720966,556.7823826046874
0.36453488372093384,557.4092737647388
0.36511627906977107,558.035762602416
0.3656976744186083,558.6620023088612
0.3662790697674455,559.2880309092608
0.3668604651162827,559.9137351706966
0.36744186046511995,560.5391323216821
0.3680232558139571,561.1644276723382
0.3686046511627944,561.7894925885246
0.36918604651163156,562.4143018990843
0.3697674418604688,563.038634508881
0.37034883720930606,563.662685241279
0.3709302325581432,564.2865011557259
0.37151162790698045,564.9099576179933
0.37209302325581767,565.5331961551859
0.37267441860465483,566.1562506313571
0.373255813953492,566.7790672614615
0.3738372093023292,567.4016744933652
0.3744186046511664,568.023752694908
0.37500000000000355,568.6456476774514
0.3755813953488407,569.2671569244529
0.3761627906976779,569.8877978865622
0.3767441860465151,570.5077106801194
0.37732558139535227,571.1273495657864
0.37790697674418944,571.7467473383389
0.3784883720930266,572.3657647838085
0.37906976744186377,572.9845929926493
0.37965116279070094,573.6029436270197
0.38023255813953816,574.2205678866193
0.3808139534883753,574.8378370605093
0.3813953488372125,575.4547581621068
0.38197674418604965,576.0713102165785
0.3825581395348868,576.6875185535862
0.38313953488372404,577.3034860534726
0.3837209302325612,577.9189816923649
0.3843023255813984,578.5338423142719
0.38488372093023554,579.148319383927
0.3854651162790727,579.7625333401465
0.3860465116279099,580.3764872102831
0.3866279069767471,580.9901901020414
0.38720930232558426,581.6034388342836
0.3877906976744214,582.2163491131495
0.3883720930232586,582.8289412745489
0.3889534883720958,583.441185895174
0.3895348837209329,584.0530662464978
0.39011627906977014,584.6644087029773
0.39069767441860737,585.275230613549
0.3912790697674444,585.8856833933935
0.39186046511628164,586.4958292058825
0.3924418604651188,587.1056791223053
0.39302325581395603,587.7152107106969
0.3936046511627932,588.3243454152501
0.3941860465116303,588.9331510269014
0.3947674418604675,589.5416252310939
0.3953488372093047,590.149815587597
0.3959302325581419,590.7577238358549
0.3965116279069791,591.3652226742247
0.3970930232558162,591.9723838932172
0.3976744186046534,592.578873220367
0.3982558139534906,593.1846431291547
0.3988372093023278,593.7897087939782
0.39941860465116497,594.3941513826753
0.4000000000000021,594.9981364629548
0.4005813953488393,595.6016744266963
0.40116279069767646,596.204750784874
0.4017441860465137,596.8073781281493
0.40232558139535085,597.4094043597105
0.40290697674418796,598.010842806745
0.4034883720930252,598.6116428497224
0.40406976744186235,599.211976480118
0.40465116279069957,599.8117596550302
0.40523255813953674,600.410958315575
0.40581395348837385,601.0096767370367
0.40639534883721107,601.607896602431
0.40697674418604823,602.2054862612182
0.40755813953488546,602.8020478567936
0.4081395348837226,603.3979354803818
0.40872093023255973,603.9930798221102
0.40930232558139695,604.5877803542336
0.4098837209302341,605.1818704195351
0.41046511627907134,605.7752898757336
0.4110465116279085,606.367803075187
0.4116279069767456,606.9595450719021
0.41220930232558284,607.5503356712754
0.41279069767442,608.1403595650778
0.41337209302325717,608.7297601809811
0.4139534883720944,609.318442784919
0.4145348837209315,609.9063736483544
0.41511627906976867,610.4935068418
0.4156976744186059,611.0797922315633
0.41627906976744306,611.66525740643
0.4168604651162803,612.2497501338338
0.4174418604651174,612.8332799976191
0.41802325581395455,613.4158492167091
0.4186046511627918,613.9974941245238
0.41918604651162894,614.5781305801901
0.41976744186046616,615.1576770650535
0.42034883720930327,615.7360795443318
0.42093023255814044,616.3133213301093
0.42151162790697766,616.8894414438475
0.4220930232558148,617.4644237765632
0.42267441860465205,618.0382592457191
0.42325581395348916,618.610898258736
0.4238372093023263,619.1823595261991
0.42441860465116354,619.7526486962283
0.4250000000000007,620.3216254352211
0.42558139534883793,620.8893628985005
0.42616279069767504,621.4557285413392
0.4267441860465122,622.0205346546371
0.42732558139534943,622.583857696321
0.4279069767441866,623.1457264889235
0.4284883720930238,623.7060262567071
0.4290697674418609,624.2647636100655
0.4296511627906981,624.8221115613176
0.4302325581395353,625.3778818668084
0.4308139534883725,625.9322037762455
0.4313953488372097,626.4849650326928
0.4319767441860468,627.0361142245526
0.432558139534884,627.5855242479538
0.4331395348837212,628.1331960750226
0.43372093023255837,628.6791651111645
0.4343023255813956,629.2234900307765
0.43488372093023264,629.7660577625579
0.43546511627906986,630.3069911152558
0.4360465116279071,630.8463111238367
0.43662790697674425,631.3839476773513
0.4372093023255814,631.9201036855286
0.4377906976744185,632.4548104937478
0.43837209302325575,632.9880373503279
0.4389534883720929,633.5198712789053
0.43953488372093014,634.0503172933742
0.4401162790697673,634.5792357659692
0.4406976744186044,635.1065033124634
0.44127906976744163,635.6324055754067
0.4418604651162788,636.1570168743839
0.442441860465116,636.6802551342531
0.4430232558139532,637.2022807731954
0.4436046511627903,637.7230348806492
0.4441860465116275,638.2424130324727
0.4447674418604647,638.7604263718687
0.4453488372093019,639.2773391977926
0.4459302325581391,639.7931246453746
0.4465116279069762,640.3078495512117
0.4470930232558134,640.821351202171
0.44767441860465057,641.3334864832492
0.4482558139534878,641.8442892896929
0.44883720930232496,642.3536375319425
0.44941860465116207,642.8613454643994
0.4499999999999993,643.3674385828898
0.45058139534883646,643.8718572364024
0.4511627906976737,644.3749270219882
0.45174418604651084,644.8773125557389
0.45232558139534795,645.3788436011763
0.4529069767441852,645.879677965835
0.45348837209302234,646.3796020223567
0.45406976744185956,646.8784422991018
0.45465116279069673,647.3764402695947
0.45523255813953384,647.873470051596
0.45581395348837106,648.3700576991669
0.4563953488372082,648.8679306099824
0.45697674418604545,649.3658226382757
0.4575581395348826,649.8631059980238
0.4581395348837197,650.3596677999765
0.4587209302325569,650.8552034247242
0.4593023255813941,651.3499536255824
0.45988372093023133,651.8440121262025
0.4604651162790685,652.3381229021718
0.4610465116279056,652.8336648600385
0.4616279069767428,653.3295145373236
0.46220930232558,653.8250815018814
0.46279069767441716,654.3198797723362
0.4633720930232544,654.8139796649228
0.4639534883720915,655.3073851892184
0.46453488372092866,655.8000963236788
0.4651162790697659,656.2921792388258
0.46569767441860305,656.7835402973133
0.46627906976744027,657.2744087111336
0.4668604651162774,657.7643077897847
0.46744186046511454,658.2515780100575
0.46802325581395177,658.7367175721099
0.46860465116278893,659.2211334402665
0.46918604651162615,659.7048685123683
0.46976744186046326,660.1879372182315
0.47034883720930043,660.670321873758
0.47093023255813765,661.151684349221
0.4715116279069748,661.6331054137585
0.47209302325581204,662.1147398750578
0.47267441860464915,662.5958739071755
0.4732558139534863,663.0764183434311
0.47383720930232354,663.5560610409526
0.4744186046511607,664.0350018237001
0.4749999999999979,664.5132203479353
0.47558139534883503,664.9903138696532
0.4761627906976722,665.4667412507605
0.4767441860465094,665.9425290563693
0.4773255813953466,666.4173613132353
0.4779069767441838,666.8913802595132
0.4784883720930209,667.3644598903422
0.4790697674418581,667.836671911369
0.4796511627906953,668.3099250917676
0.4802325581395325,668.783448575251
0.4808139534883697,669.2562667692071
0.4813953488372068,669.7296552423612
0.48197674418604397,670.2029992748455
0.48255813953488114,670.6757656222869
0.48313953488371836,671.1482303025696
0.4837209302325556,671.6200942789113
0.48430232558139263,672.091306385788
0.48488372093022986,672.562077409415
0.485465116279067,673.0323217023621
0.48604651162790424,673.5020288134072
0.4866279069767414,673.971141248668
0.4872093023255785,674.4395376973871
0.48779069767441574,674.9070967540312
0.4883720930232529,675.3740440494137
0.48895348837209013,675.8403074272605
0.4895348837209273,676.3060769262775
0.4901162790697644,676.771226623514
0.4906976744186016,677.235669025789
0.4912790697674388,677.6994169500296
0.491860465116276,678.1622207059349
0.4924418604651132,678.6242078914775
0.4930232558139503,679.085562934137
0.4936046511627875,679.5460817043086
0.4941860465116247,680.0055959362214
0.4947674418604619,680.4640850005445
0.49534883720929906,680.9212656694825
0.4959302325581362,681.3768366067
0.4965116279069734,681.8309304940746
0.49709302325581056,682.2834562056053
0.4976744186046478,682.7353554890828
0.49825581395348495,683.1874695802436
0.49883720930232206,683.6392187447217
0.4994186046511593,684.0902000806822
0.49999999999999645,684.539664402806
0.5005813953488336,684.9883391644115
0.5011627906976709,685.4365600316886
0.501744186046508,685.8842678326249
0.5023255813953451,686.3314533938752
0.5029069767441824,686.7778494950492
0.5034883720930196,687.2247013135341
0.5040697674418567,687.6709542660578
0.5046511627906938,688.1167322553482
0.505232558139531,688.5613144288244
0.5058139534883682,689.0045523924641
0.5063953488372054,689.4464874394016
0.5069767441860427,689.887072619718
0.5075581395348797,690.3263576327752
0.5081395348837169,690.7642252744098
0.508720930232554,691.2006719618194
0.5093023255813913,691.6362263695712
0.5098837209302285,692.0721698054039
0.5104651162790655,692.50704963946
0.5110465116279028,692.9404758911834
0.51162790697674,693.3738638734819
0.5122093023255772,693.8056210955142
0.5127906976744143,694.2356307086121
0.5133720930232515,694.6639726673352
0.5139534883720887,695.0905237455473
0.5145348837209258,695.5152916954489
0.5151162790697631,695.9384124847129
0.5156976744186001,696.35956332263
0.5162790697674373,696.7786218015992
0.5168604651162746,697.1955511728048
0.5174418604651118,697.610750917753
0.5180232558139489,698.0240932603381
0.5186046511627861,698.4354823688983
0.5191860465116233,698.8449134710204
0.5197674418604604,699.2523559110508
0.5203488372092976,699.6578433939105
0.5209302325581349,700.0609907656791
0.5215116279069719,700.4620756872903
0.5220930232558091,700.8613164701962
0.5226744186046464,701.2586185763781
0.5232558139534835,701.6542047291781
0.5238372093023207,702.0482656683832
0.5244186046511579,702.4405939349015
0.524999999999995,702.8312112333864
0.5255813953488322,703.2201367471408
0.5261627906976694,703.6072106054573
0.5267441860465066,703.9929659925812
0.5273255813953437,704.377648976618
0.5279069767441809,704.7611002595648
0.528488372093018,705.142854977011
0.5290697674418553,705.5229900137541
0.5296511627906925,705.9015420386179
0.5302325581395295,706.278434194896
0.5308139534883668,706.6537834334634
0.531395348837204,707.0275483774036
0.5319767441860411,707.399768238794
0.5325581395348783,707.7705157229676
0.5331395348837155,708.1399111616969
0.5337209302325526,708.5078777334838
0.5343023255813898,708.8744394451683
0.5348837209302271,709.2396793622172
0.5354651162790642,709.6051485851835
0.5360465116279013,709.9695307035212
0.5366279069767386,710.3326121464775
0.5372093023255757,710.6952629435837
0.5377906976744129,711.0569113481174
0.5383720930232501,711.418303879445
0.5389534883720872,711.7793773016018
0.5395348837209244,712.1399953372897
0.5401162790697616,712.4994806105569
0.5406976744185988,712.8578657960273
0.541279069767436,713.2150456457541
0.5418604651162731,713.5711049917028
0.5424418604651103,713.9262909936425
0.5430232558139475,714.2806028619381
0.5436046511627847,714.633926868198
0.5441860465116218,714.9861454926581
0.544767441860459,715.3374852917625
0.5453488372092962,715.6877674157482
0.5459302325581333,716.036977359593
0.5465116279069706,716.3859698697033
0.5470930232558078,716.7373164081732
0.5476744186046448,717.0901164877373
0.5482558139534821,717.443024304583
0.5488372093023193,717.7960474898408
0.5494186046511564,718.1481318592911
0.5499999999999936,718.4993951313099
0.5505813953488308,718.8499492401022
0.5511627906976679,719.2000287516161
0.5517441860465051,719.5496077256056
0.5523255813953423,719.9015974838594
0.5529069767441795,720.2546388186475
0.5534883720930166,720.6085994025448
0.5540697674418538,720.962718951661
0.554651162790691,721.3161564973844
0.5552325581395282,721.6687523474232
0.5558139534883654,722.0205066185757
0.5563953488372025,722.37131906934
0.5569767441860397,722.7211365433823
0.5575581395348769,723.0698707937147
0.558139534883714,723.4175778967839
0.5587209302325513,723.7643266468089
0.5593023255813884,724.1102572419607
0.5598837209302255,724.4552619873808
0.5604651162790628,724.7992935887381
0.5610465116279,725.1423920653144
0.5616279069767371,725.4845142719741
0.5622093023255743,725.8263949274124
0.5627906976744115,726.1676251373796
0.5633720930232486,726.5075966606597
0.5639534883720858,726.846329835035
0.5645348837209231,727.1843459147414
0.5651162790697601,727.5218235320625
0.5656976744185973,727.8586526512901
0.5662790697674346,728.1947726433673
0.5668604651162718,728.5295810319512
0.5674418604651089,728.8628407008646
0.5680232558139461,729.1945879534961
0.5686046511627832,729.5249029663836
0.5691860465116204,729.8536907873215
0.5697674418604576,730.1809463709162
0.5703488372092949,730.506552692411
0.5709302325581319,730.8304931849987
0.5715116279069691,731.1526758942188
0.5720930232558064,731.4732262483159
0.5726744186046435,731.7935593068113
0.5732558139534807,732.1126083160261
0.5738372093023179,732.4300376974238
0.574418604651155,732.7464007300495
0.5749999999999922,733.0607225546985
0.5755813953488293,733.3731176193542
0.5761627906976665,733.683464936615
0.5767441860465037,733.9917652342747
0.5773255813953408,734.2979688752864
0.577906976744178,734.6019553506165
0.5784883720930153,734.9037146523365
0.5790697674418525,735.2032942442873
0.5796511627906895,735.4985775176858
0.5802325581395268,735.7915800911287
0.580813953488364,736.0821366247171
0.5813953488372011,736.3698673837756
0.5819767441860383,736.6517121843656
0.5825581395348755,736.930890414737
0.5831395348837126,737.2066688989125
0.5837209302325498,737.4793315460723
0.5843023255813871,737.7482520934395
0.5848837209302242,738.0138097897457
0.5854651162790613,738.2760439947583
0.5860465116278986,738.5350016487513
0.5866279069767357,738.7906701258566
0.5872093023255729,739.0430557028255
0.5877906976744101,739.2916773477281
0.5883720930232472,739.5372634527969
0.5889534883720844,739.7800035323249
0.5895348837209216,740.0200370580332
0.5901162790697588,740.2575113193836
0.590697674418596,740.4926327099975
0.591279069767433,740.7256554780096
0.5918604651162703,740.9566915907468
0.5924418604651075,741.1863175066792
0.5930232558139447,741.4148628362684
0.5936046511627818,741.6418356285056
0.594186046511619,741.8646326641777
0.5947674418604562,742.0874294295578
0.5953488372092933,742.3116279334128
0.5959302325581306,742.5336390591634
0.5965116279069678,742.7536281206749
0.5970930232558048,742.9768279587288
0.5976744186046421,743.2049602408185
0.5982558139534793,743.4311934043707
0.5988372093023164,743.655901978698
0.5994186046511536,743.8788058067098
0.5999999999999908,744.1000351555768
0.6005813953488279,744.3196486143595
0.6011627906976651,744.538632467205
0.6017441860465023,744.7561781684723
0.6023255813953395,744.9725103983013
0.6029069767441766,745.1877159073435
0.6034883720930138,745.4019588253645
0.604069767441851,745.6160494441583
0.6046511627906882,745.8297759336143
0.6052325581395254,746.0426966768007
0.6058139534883625,746.2549291556816
0.6063953488371997,746.4666809438978
0.6069767441860369,746.6777230285531
0.607558139534874,746.8881953095909
0.6081395348837113,747.0978888573379
0.6087209302325484,747.3069031481912
0.6093023255813855,747.5175942585569
0.6098837209302228,747.7373046868518
0.61046511627906,747.956385770052
0.6110465116278971,748.1757771053201
0.6116279069767343,748.3960778783523
0.6122093023255715,748.6157058110442
0.6127906976744086,748.8353142322512
0.6133720930232458,749.055450260597
0.6139534883720831,749.2751665952478
0.6145348837209201,749.4942433658526
0.6151162790697573,749.712671468413
0.6156976744185946,749.9306307275393
0.6162790697674317,750.1482455114906
0.6168604651162689,750.3653230945661
0.6174418604651061,750.581811482843
0.6180232558139432,750.7978064390368
0.6186046511627804,751.0134745090987
0.6191860465116176,751.2288648394448
0.6197674418604548,751.4435792508796
0.6203488372092919,751.6576565543515
0.6209302325581291,751.8712442529234
0.6215116279069663,752.0844140609474
0.6220930232558035,752.2971003323422
0.6226744186046407,752.5093570470154
0.6232558139534777,752.7216582791551
0.623837209302315,752.9346241913591
0.6244186046511522,753.1482380297285
0.6249999999999893,753.3614408668121
0.6255813953488265,753.573999243029
0.6261627906976637,753.7859337677023
0.6267441860465008,753.9971692861186
0.627325581395338,754.2077844176995
0.6279069767441753,754.417747951403
0.6284883720930124,754.6271059384409
0.6290697674418495,754.8358157444679
0.6296511627906868,755.0438769480694
0.630232558139524,755.2512952923805
0.6308139534883611,755.4580792200808
0.6313953488371983,755.6642190688934
0.6319767441860354,755.8697101405202
0.6325581395348726,756.0745753319084
0.6331395348837098,756.2807602804204
0.633720930232547,756.4876554738778
0.6343023255813842,756.6939201866004
0.6348837209302213,756.9003137646617
0.6354651162790586,757.1082540446379
0.6360465116278957,757.3155196641761
0.6366279069767329,757.5222554388033
0.63720930232557,757.7295483685513
0.6377906976744072,757.9380338583904
0.6383720930232444,758.1458200420435
0.6389534883720815,758.3529601252231
0.6395348837209188,758.5594547005419
0.6401162790697559,758.7653004790965
0.640697674418593,758.9707549480888
0.6412790697674303,759.1754954900586
0.6418604651162675,759.3795833276527
0.6424418604651047,759.5830043242622
0.6430232558139417,759.7857077473999
0.643604651162779,759.9877292727945
0.6441860465116162,760.1890181877601
0.6447674418604533,760.3894832133885
0.6453488372092906,760.5892494184928
0.6459302325581276,760.7882675904369
0.6465116279069648,760.9865772312847
0.647093023255802,761.1841539909828
0.6476744186046393,761.380948442663
0.6482558139534764,761.5770341689032
0.6488372093023135,761.7723586863059
0.6494186046511508,761.9670071341793
0.6499999999999879,762.1607935768681
0.6505813953488251,762.3546557356026
0.6511627906976623,762.5490781987817
0.6517441860464994,762.7425862885711
0.6523255813953366,762.9352986095854
0.6529069767441738,763.1271884713126
0.653488372093011,763.3182236543992
0.6540697674418482,763.5084638971636
0.6546511627906852,763.6977267235269
0.6552325581395225,763.8861498925838
0.6558139534883597,764.0736998744281
0.6563953488371969,764.2602822284405
0.656976744186034,764.4458564510604
0.6575581395348712,764.6303808918663
0.6581395348837084,764.8138253968499
0.6587209302325455,764.9961986631782
0.6593023255813828,765.1774325435225
0.65988372093022,765.3575871094242
0.660465116279057,765.5365969308899
0.6610465116278943,765.7144321148598
0.6616279069767315,765.891080155745
0.6622093023255686,766.066497741665
0.6627906976744058,766.2406693249135
0.663372093023243,766.4137413116066
0.6639534883720801,766.5857649373336
0.6645348837209173,766.7566947539036
0.6651162790697546,766.9264954683265
0.6656976744185917,767.0951386325636
0.6662790697674288,767.2628118111294
0.666860465116266,767.4294662509258
0.6674418604651032,767.5948371061965
0.6680232558139404,767.7589236106187
0.6686046511627776,767.9216795793533
0.6691860465116147,768.0829634056678
0.6697674418604519,768.2426892563226
0.6703488372092891,768.400787872072
0.6709302325581262,768.5575963565741
0.6715116279069635,768.7127296592819
0.6720930232558006,768.8661695463231
0.6726744186046377,769.0179316378086
0.673255813953475,769.1679016596873
0.6738372093023122,769.3159129495566
0.6744186046511493,769.4619264395735
0.6749999999999865,769.6059602462942
0.6755813953488237,769.7480307665226
0.6761627906976608,769.8880572509746
0.676744186046498,770.0262308313307
0.6773255813953353,770.163026597601
0.6779069767441723,770.2981842905849
0.6784883720930095,770.4312098158209
0.6790697674418468,770.5620223941391
0.6796511627906839,770.690641250625
0.6802325581395211,770.8174732252893
0.6808139534883583,770.9419557737422
0.6813953488371954,771.0640593934629
0.6819767441860326,771.1837404828497
0.6825581395348698,771.3010436679374
0.683139534883707,771.4155118215865
0.6837209302325441,771.5269024215662
0.6843023255813813,771.6357817896426
0.6848837209302185,771.7419593863983
0.6854651162790557,771.843995090653
0.6860465116278929,771.9432273289393
0.68662790697673,772.0399641336498
0.6872093023255672,772.134152427077
0.6877906976744044,772.225773736121
0.6883720930232415,772.3147925856512
0.6889534883720788,772.4011470296152
0.6895348837209159,772.4847949576722
0.690116279069753,772.5658555317123
0.6906976744185902,772.6443527940736
0.6912790697674275,772.7202454013769
0.6918604651162646,772.7936134186642
0.6924418604651017,772.8644478628521
0.693023255813939,772.9327689800045
0.6936046511627761,772.9986114618265
0.6941860465116133,773.0620036563857
0.6947674418604505,773.1221725064763
0.6953488372092876,773.1790825169164
0.6959302325581248,773.2337268508148
0.696511627906962,773.2861880907382
0.6970930232557992,773.3365965082727
0.6976744186046364,773.3850265524679
0.6982558139534735,773.4315178377977
0.6988372093023107,773.4761293830228
0.6994186046511479,773.5189719015011
0.6999999999999851,773.5601206104619
0.7005813953488222,773.5998699237699
0.7011627906976594,773.6381265597133
0.7017441860464966,773.6749151273975
0.7023255813953337,773.7102972259224
0.702906976744171,773.7443318939992
0.7034883720930082,773.77798934839
0.7040697674418452,773.8118270239995
0.7046511627906825,773.8457390427707
0.7052325581395197,773.8796453567036
0.7058139534883568,773.9128747436107
0.706395348837194,773.9451079212281
0.7069767441860312,773.9763623326095
0.7075581395348683,774.0067116577349
0.7081395348837055,774.036197277799
0.7087209302325428,774.065204504501
0.70930232558138,774.0935451923781
0.709883720930217,774.1210809662849
0.7104651162790543,774.1478331298141
0.7110465116278915,774.1737970626693
0.7116279069767286,774.1995778323098
0.7122093023255658,774.227839974652
0.712790697674403,774.2567062522392
0.7133720930232401,774.2850799286298
0.7139534883720773,774.3143406941363
0.7145348837209144,774.3441278860181
0.7151162790697517,774.37339975837
0.7156976744185888,774.402092744184
0.716279069767426,774.4302192872892
0.7168604651162632,774.4579419407769
0.7174418604651004,774.4852500943219
0.7180232558139376,774.5122323929991
0.7186046511627747,774.538804612027
0.7191860465116119,774.5651891984018
0.719767441860449,774.5912535206834
0.7203488372092862,774.6170196876541
0.7209302325581235,774.6423390907914
0.7215116279069606,774.6675093336808
0.7220930232557977,774.6931384772396
0.722674418604635,774.718987818216
0.7232558139534722,774.7450221672586
0.7238372093023093,774.7712253010961
0.7244186046511465,774.7975851118315
0.7249999999999837,774.8240420018475
0.7255813953488208,774.8501743413381
0.726162790697658,774.875917330178
0.7267441860464953,774.9012795930307
0.7273255813953323,774.9262691459608
0.7279069767441695,774.9508771982826
0.7284883720930068,774.9751276907753
0.7290697674418439,774.9990287038497
0.7296511627906811,775.0225875179921
0.7302325581395183,775.0458105316897
0.7308139534883554,775.0687053464741
0.7313953488371926,775.0912787393657
0.7319767441860298,775.113667851993
0.732558139534867,775.1357848786978
0.7331395348837041,775.1576990196875
0.7337209302325413,775.1793823777543
0.7343023255813785,775.2007852274003
0.7348837209302157,775.2233342247998
0.7354651162790529,775.2473324424726
0.73604651162789,775.2715247092506
0.7366279069767272,775.295438125236
0.7372093023255644,775.3190850374203
0.7377906976744015,775.3428058764739
0.7383720930232387,775.3676760499873
0.7389534883720759,775.3923319945671
0.739534883720913,775.4167387825828
0.7401162790697502,775.4408981652977
0.7406976744185875,775.4648121624093
0.7412790697674246,775.4884847317586
0.7418604651162617,775.511917829463
0.742441860465099,775.5351055243718
0.7430232558139361,775.5580442549618
0.7436046511627733,775.5807374558269
0.7441860465116105,775.6031907161048
0.7447674418604477,775.6254689878839
0.7453488372092849,775.6475192523719
0.7459302325581221,775.6693427764021
0.7465116279069592,775.6909401486674
0.7470930232557964,775.7122921451745
0.7476744186046336,775.7334900331069
0.7482558139534707,775.7544413246076
0.748837209302308,775.7751398555437
0.7494186046511452,775.7956570531233
0.7499999999999822,775.8159421399164
0.7505813953488195,775.8360511147255
0.7511627906976567,775.8558659137451
0.7517441860464938,775.8754924236323
0.752325581395331,775.8948490727291
0.7529069767441682,775.9140550975344
0.7534883720930053,775.9330766630361
0.7540697674418425,775.951835198716
0.7546511627906798,775.970408893223
0.755232558139517,775.9887221354008
0.755813953488354,776.0069382510923
0.7563953488371913,776.0252796135036
0.7569767441860284,776.0436792993653
0.7575581395348656,776.0621880432551
0.7581395348837028,776.0806439701167
0.75872093023254,776.0988883789635
0.7593023255813771,776.1169541876466
0.7598837209302143,776.1347961266492
0.7604651162790516,776.1524029721049
0.7610465116278887,776.1700043527685
0.7616279069767258,776.1876620044841
0.7622093023255629,776.2053823969036
0.7627906976744002,776.2231936514088
0.7633720930232374,776.2410700025248
0.7639534883720746,776.2589682165742
0.7645348837209117,776.2769735633938
0.7651162790697489,776.2948383192942
0.765697674418586,776.3125644607777
0.7662790697674232,776.3301570004259
0.7668604651162605,776.3476597207897
0.7674418604650975,776.3649355099237
0.7680232558139347,776.3820049677572
0.768604651162772,776.399122591364
0.7691860465116092,776.4167432886964
0.7697674418604463,776.434217938981
0.7703488372092835,776.4514480763956
0.7709302325581207,776.4684286305022
0.7715116279069578,776.4856741146832
0.772093023255795,776.5037900553762
0.7726744186046323,776.5223533408604
0.7732558139534693,776.5407684916447
0.7738372093023065,776.5589490964497
0.7744186046511438,776.5774256386026
0.7749999999999809,776.5960489498249
0.7755813953488181,776.6144238967764
0.7761627906976553,776.6325574489317
0.7767441860464924,776.650440794053
0.7773255813953296,776.6680803622716
0.7779069767441668,776.6854764553175
0.778488372093004,776.7026278762633
0.7790697674418411,776.7195332705825
0.7796511627906783,776.7361736570349
0.7802325581395155,776.752564878019
0.7808139534883527,776.768730553664
0.7813953488371899,776.7846463521732
0.781976744186027,776.8003172376883
0.7825581395348643,776.815733374334
0.7831395348837015,776.8308985132356
0.7837209302325385,776.8458204903217
0.7843023255813757,776.8606425977108
0.7848837209302129,776.8754147368503
0.78546511627905,776.8901861499546
0.7860465116278872,776.904855811054
0.7866279069767245,776.919411112718
0.7872093023255616,776.9338470848547
0.7877906976743988,776.948157421242
0.7883720930232361,776.9622339384371
0.7889534883720732,776.976046751199
0.7895348837209102,776.9896566584589
0.7901162790697475,777.0031202647943
0.7906976744185846,777.0163591465083
0.7912790697674218,777.0292912812928
0.791860465116259,777.0419424950993
0.7924418604650962,777.0543163491899
0.7930232558139334,777.0664022810489
0.7936046511627706,777.0781999849037
0.7941860465116077,777.0897072812518
0.794767441860445,777.1009255981421
0.795348837209282,777.1118643489025
0.7959302325581192,777.1224927121269
0.7965116279069564,777.1328106462245
0.7970930232557936,777.1427837774567
0.7976744186046307,777.1524071486934
0.798255813953468,777.1616724680761
0.7988372093023052,777.1706373876274
0.7994186046511423,777.1792950437654
0.7999999999999795,777.1876669839602
0.8005813953488166,777.1957524184946
0.8011627906976537,777.2035449177708
0.801744186046491,777.2110780434593
0.8023255813953282,777.2183802767936
0.8029069767441653,777.225445564412
0.8034883720930025,777.2322756278198
0.8040697674418398,777.2388994380037
0.8046511627906769,777.2452533929478
0.8052325581395141,777.2513810134424
0.8058139534883513,777.2572238187207
0.8063953488371883,777.2627574916659
0.8069767441860255,777.2679817699664
0.8075581395348628,777.272892778765
0.8081395348836999,777.2774289898288
0.8087209302325371,777.2816069508975
0.8093023255813743,777.285464850331
0.8098837209302114,777.2890006039167
0.8104651162790487,777.2922134273856
0.8110465116278859,777.2951431324
0.811627906976723,777.2978355721918
0.8122093023255601,777.3001990574785
0.8127906976743973,777.3022810498387
0.8133720930232344,777.3040319998286
0.8139534883720717,777.3056151036806
0.8145348837209089,777.3069585255287
0.815116279069746,777.3080747704248
0.8156976744185832,777.3088485404911
0.8162790697674205,777.3093756300236
0.8168604651162577,777.3096737174706
0.8174418604650948,777.3096222094339
0.8180232558139319,777.3092003193615
0.818604651162769,777.308392957917
0.8191860465116062,777.3073479852885
0.8197674418604435,777.305945564736
0.8203488372092806,777.3041378364838
0.8209302325581178,777.3019874928775
0.821511627906955,777.2995664680684
0.8220930232557923,777.2968389907793
0.8226744186046294,777.293722504552
0.8232558139534666,777.2902010220987
0.8238372093023036,777.2863198899547
0.8244186046511408,777.2824114081274
0.824999999999978,777.2784163984962
0.8255813953488153,777.2740932419016
0.8261627906976524,777.2693867851935
0.8267441860464896,777.2642943748014
0.8273255813953267,777.258813362199
0.827906976744164,777.2528886129166
0.8284883720930012,777.2460057951374
0.8290697674418384,777.2387486352287
0.8296511627906754,777.2311500006654
0.8302325581395126,777.2232150529637
0.8308139534883497,777.214946635663
0.831395348837187,777.2058386927654
0.8319767441860242,777.19555789767
0.8325581395348614,777.1849466639306
0.8331395348836985,777.1740054014484
0.8337209302325357,777.1626207280998
0.834302325581373,777.1506891263242
0.8348837209302101,777.1384243306342
0.8354651162790472,777.1258243612664
0.8360465116278843,777.1129860397299
0.8366279069767215,777.0999917754091
0.8372093023255587,777.0866973365873
0.837790697674396,777.0730314029885
0.8383720930232331,777.0589602369047
0.8389534883720703,777.044489180597
0.8395348837209075,777.0295975500426
0.8401162790697447,777.0143329637274
0.8406976744185819,776.9987110082061
0.841279069767419,776.9826585755505
0.8418604651162561,776.9661367011059
0.8424418604650933,776.9486751011257
0.8430232558139304,776.9306752600844
0.8436046511627677,776.912305736169
0.8441860465116049,776.8934696778206
0.8447674418604421,776.8741596227937
0.8453488372092792,776.8540376401946
0.8459302325581165,776.8329824114624
0.8465116279069537,776.8114147399596
0.8470930232557907,776.7895430781068
0.8476744186046279,776.7666192155745
0.848255813953465,776.7432988150239
0.8488372093023022,776.7192326496026
0.8494186046511395,776.6942262402612
0.8499999999999767,776.6685590046189
0.8505813953488138,776.6426918470162
0.851162790697651,776.6168013046575
0.8517441860464883,776.5908590930055
0.8523255813953254,776.5648834158377
0.8529069767441624,776.5388799811836
0.8534883720929997,776.5128687942187
0.8540697674418368,776.4868290510378
0.854651162790674,776.4606515180975
0.8552325581395113,776.4342078210736
0.8558139534883484,776.4073069229466
0.8563953488371856,776.3801685893612
0.8569767441860228,776.3526391615102
0.8575581395348599,776.3247672707581
0.8581395348836972,776.2965270906553
0.8587209302325342,776.2682449088156
0.8593023255813714,776.2398892171487
0.8598837209302086,776.2114290886508
0.8604651162790458,776.1828718510552
0.8610465116278829,776.1541912464336
0.8616279069767202,776.1253868118972
0.8622093023255574,776.0964580822147
0.8627906976743945,776.067404588392
0.8633720930232317,776.0382257422568
0.863953488372069,776.0089204288984
0.8645348837209059,775.9794889111107
0.8651162790697432,775.9499294937364
0.8656976744185804,775.9202426724297
0.8662790697674175,775.890604157948
0.8668604651162547,775.8609290178498
0.867441860465092,775.8311239328033
0.8680232558139291,775.8011883901559
0.8686046511627663,775.7711207829481
0.8691860465116035,775.7410609330964
0.8697674418604407,775.7111387402467
0.8703488372092777,775.6813723300611
0.870930232558115,775.651710259858
0.8715116279069521,775.6219857099932
0.8720930232557893,775.5921453140991
0.8726744186046265,775.5621715386816
0.8732558139534637,775.5320637749157
0.8738372093023009,775.5018124123325
0.8744186046511381,775.4718590161715
0.8749999999999752,775.4418581709693
0.8755813953488125,775.4115749706154
0.8761627906976495,775.3806898809289
0.8767441860464866,775.3495114935016
0.8773255813953239,775.3180424673795
0.8779069767441611,775.2864194250438
0.8784883720929982,775.2546748887986
0.8790697674418355,775.222824308093
0.8796511627906727,775.1908650338482
0.8802325581395098,775.1587901495452
0.880813953488347,775.1266083429553
0.8813953488371842,775.0943116991081
0.8819767441860212,775.0618137440817
0.8825581395348584,775.0291540204352
0.8831395348836957,774.9963119628396
0.8837209302325328,774.9632775843907
0.88430232558137,774.9301009469663
0.8848837209302072,774.8967459336689
0.8854651162790445,774.8632145135946
0.8860465116278816,774.8295137994718
0.8866279069767188,774.7956156618711
0.887209302325556,774.7616169171298
0.887790697674393,774.7274897338818
0.8883720930232302,774.6932330537464
0.8889534883720674,774.6588862066106
0.8895348837209046,774.624448904546
0.8901162790697418,774.5899250119527
0.8906976744185789,774.5553511899278
0.8912790697674162,774.5206855503952
0.8918604651162534,774.4859282735918
0.8924418604650906,774.4510443319505
0.8930232558139277,774.4160653613442
0.8936046511627648,774.3809475472433
0.8941860465116019,774.3456129280421
0.8947674418604392,774.3100825420136
0.8953488372092764,774.2743362892099
0.8959302325581135,774.2383247920134
0.8965116279069507,774.2020456402211
0.897093023255788,774.1656259026211
0.8976744186046252,774.1291017523113
0.8982558139534623,774.0924922503648
0.8988372093022995,774.0557665042927
0.8994186046511365,774.0189444183538
0.8999999999999737,773.9820303324968
0.9005813953488109,773.9449890227601
0.9011627906976482,773.907880036292
0.9017441860464853,773.8706725774136
0.9023255813953225,773.833368169101
0.9029069767441598,773.7959820457405
0.9034883720929969,773.7585056572957
0.9040697674418341,773.7209318716907
0.9046511627906713,773.6832624927227
0.9052325581395083,773.6455121227394
0.9058139534883455,773.6076633086614
0.9063953488371826,773.5697274883296
0.9069767441860199,773.5317138858378
0.9075581395348571,773.4936008021393
0.9081395348836943,773.4553879051676
0.9087209302325314,773.4170748685777
0.9093023255813687,773.3786613383866
0.9098837209302059,773.3401042768179
0.910465116279043,773.3011672207499
0.9110465116278801,773.2620461808426
0.9116279069767173,773.2226918017464
0.9122093023255544,773.1832392758996
0.9127906976743917,773.1436883038798
0.9133720930232289,773.104038563335
0.913953488372066,773.0642208115033
0.9145348837209032,773.0242989171161
0.9151162790697405,772.9842800572821
0.9156976744185776,772.944163929171
0.9162790697674148,772.9039030450035
0.9168604651162519,772.863599623972
0.917441860465089,772.8232144611616
0.9180232558139262,772.7827671720316
0.9186046511627635,772.7422152187327
0.9191860465116006,772.7014556073555
0.9197674418604378,772.6605835743103
0.920348837209275,772.619609370659
0.9209302325581122,772.5785672066786
0.9215116279069494,772.5373748913676
0.9220930232557865,772.4960609697797
0.9226744186046236,772.4546566175409
0.9232558139534608,772.4131614757225
0.923837209302298,772.3715370718262
0.9244186046511351,772.3297383986613
0.9249999999999724,772.2878477154682
0.9255813953488096,772.2458686439887
0.9261627906976467,772.2038009757067
0.926744186046484,772.1616444460362
0.9273255813953212,772.1193987887895
0.9279069767441581,772.0770030591258
0.9284883720929954,772.0345012644852
0.9290697674418326,771.9919493694291
0.9296511627906697,771.9493222073675
0.9302325581395069,771.9066003894335
0.9308139534883442,771.8638314790945
0.9313953488371813,771.8209742104107
0.9319767441860185,771.7780410149347
0.9325581395348557,771.735057361218
0.933139534883693,771.6919046294948
0.9337209302325299,771.6486904339429
0.9343023255813672,771.6054212065734
0.9348837209302043,771.5620595773222
0.9354651162790415,771.5186492219374
0.9360465116278787,771.4751680932917
0.9366279069767159,771.431593571004
0.9372093023255531,771.3879809925558
0.9377906976743903,771.3441929371497
0.9383720930232274,771.3002838180732
0.9389534883720647,771.256267252209
0.9395348837209017,771.212140077843
0.9401162790697389,771.1679036856833
0.9406976744185761,771.1235573443736
0.9412790697674133,771.0791000112141
0.9418604651162504,771.0345382250923
0.9424418604650877,770.9898035007237
0.9430232558139249,770.9449376724763
0.943604651162762,770.8999739352557
0.9441860465115992,770.854911971009
0.9447674418604365,770.8097451058583
0.9453488372092734,770.7644590028979
0.9459302325581107,770.7190712812085
0.9465116279069479,770.673555966269
0.947093023255785,770.627862455506
0.9476744186046222,770.5820264464248
0.9482558139534594,770.5360904376107
0.9488372093022966,770.4900540946747
0.9494186046511338,770.4439170811514
0.949999999999971,770.397679058378
0.9505813953488083,770.3513298657645
0.9511627906976452,770.3048712317071
0.9517441860464824,770.258172218719
0.9523255813953196,770.2113602267048
0.9529069767441568,770.1644754492287
0.953488372092994,770.1175324848983
0.9540697674418311,770.0705314152012
0.9546511627906684,770.0234697338906
0.9552325581395056,769.9763449421487
0.9558139534883427,769.9291526925693
0.9563953488371799,769.8818981013584
0.956976744186017,769.8345340622755
0.9575581395348541,769.7870619642548
0.9581395348836914,769.7394644337029
0.9587209302325286,769.6917461708535
0.9593023255813657,769.6439197116688
0.9598837209302029,769.5959846578771
0.9604651162790402,769.5480171018536
0.9610465116278774,769.5000306721457
0.9616279069767145,769.4519338294422
0.9622093023255517,769.4037181553098
0.9627906976743887,769.3553834008385
0.9633720930232259,769.3069275479885
0.9639534883720632,769.2583384496081
0.9645348837209003,769.2096376933486
0.9651162790697375,769.160824860769
0.9656976744185747,769.1118995290774
0.966279069767412,769.0628612714855
0.9668604651162491,769.0137096578553
0.9674418604650863,768.9644442550876
0.9680232558139235,768.9150646268938
0.9686046511627605,768.8655703344956
0.9691860465115977,768.8159609351533
0.969767441860435,768.766235982064
0.9703488372092721,768.7163950258597
0.9709302325581093,768.666437613855
0.9715116279069465,768.6163632902644
0.9720930232557836,768.5661715970356
0.9726744186046209,768.515855570595
0.9732558139534581,768.4653798396689
0.9738372093022952,768.4147764902679
0.9744186046511323,768.3640558615332
0.9749999999999694,768.3132174876536
0.9755813953488066,768.2622608958646
0.9761627906976439,768.2111856110846
0.976744186046481,768.1599911547003
0.9773255813953182,768.1086770442055
0.9779069767441554,768.0572427934148
0.9784883720929927,768.0056879125875
0.9790697674418298,767.9540119078966
0.979651162790667,767.9022033258163
0.980232558139504,767.8502462374563
0.9808139534883412,767.7981488692546
0.9813953488371784,767.7459213705494
0.9819767441860157,767.6935205925763
0.9825581395348528,767.6409909761671
0.98313953488369,767.5883338682098
0.9837209302325272,767.5355513955244
0.9843023255813644,767.482646944621
0.9848837209302016,767.4296153029128
0.9854651162790388,767.3764544835112
0.9860465116278758,767.3231698854297
0.986627906976713,767.2697582385415
0.9872093023255502,767.216213311903
0.9877906976743874,767.1625424003463
0.9883720930232246,767.1087433385019
0.9889534883720618,767.0548074726574
0.9895348837208989,767.0007437112479
0.9901162790697362,766.946551476872
0.9906976744185734,766.8922301866627
0.9912790697674105,766.8377730877661
0.9918604651162476,766.7831719588911
0.9924418604650848,766.7284098997334
0.9930232558139219,766.6735109575443
0.9936046511627592,766.6184807452454
0.9941860465115964,766.5633186508013
0.9947674418604335,766.5080240570666
0.9953488372092707,766.4525963406975
0.9959302325581079,766.3970348733427
0.9965116279069451,766.3413390200648
0.9970930232557823,766.285508139909
0.9976744186046194,766.2295415857045
0.9982558139534565,766.1734387040483
0.9988372093022937,766.1171645639466
0.9994186046511309,766.060719591248
0.9999999999999681,766.0041364557917
1.0005813953488052,765.947406128276
1.0011627906976426,765.8904634187825
1.0017441860464797,765.8333679283128
1.002325581395317,765.7761315810766
1.002906976744154,765.7187274889048
1.003488372092991,765.6611204259336
1.0040697674418282,765.6033705866919
1.0046511627906656,765.5454772501045
1.0052325581395027,765.4873523132936
1.00581395348834,765.4290601192205
1.006395348837177,765.3706225043263
1.0069767441860142,765.311949343074
1.0075581395348514,765.2525967165158
1.0081395348836886,765.1931177211034
1.0087209302325257,765.1334983078345
1.009302325581363,765.0736371839353
1.0098837209302,765.013486518731
1.0104651162790372,764.9528826673918
1.0110465116278744,764.8918283857238
1.0116279069767116,764.8304232762225
1.0122093023255487,764.7689269608932
1.0127906976743861,764.7073373513226
1.0133720930232233,764.6456372302714
1.0139534883720605,764.5838456552073
1.0145348837208976,764.5219538483482
1.0151162790697346,764.4599440146043
1.0156976744185717,764.3978482002002
1.0162790697674091,764.335666190248
1.0168604651162463,764.2734002276917
1.0174418604650834,764.2110490088709
1.0180232558139206,764.1486100524032
1.0186046511627578,764.0860808037767
1.019186046511595,764.0234568048921
1.0197674418604321,763.9607182660753
1.0203488372092693,763.8978683281443
1.0209302325581064,763.8349298418378
1.0215116279069436,763.7719023365464
1.0220930232557808,763.7086361613615
1.022674418604618,763.6449956435947
1.023255813953455,763.5811176518008
1.0238372093022923,763.5170059370633
1.0244186046511294,763.4527342169735
1.0249999999999668,763.3883010157049
1.025581395348804,763.3236368727828
1.0261627906976412,763.258824137201
1.026744186046478,763.193870810234
1.0273255813953153,763.1288663509704
1.0279069767441524,763.0637931786648
1.0284883720929898,762.9986494450415
1.029069767441827,762.9334549266074
1.0296511627906642,762.8681729891268
1.0302325581395013,762.8028416670821
1.0308139534883385,762.7374606523782
1.0313953488371757,762.6720296306041
1.0319767441860128,762.6065482821211
1.03255813953485,762.5409910692823
1.0331395348836871,762.4753812966156
1.0337209302325243,762.4097211607361
1.0343023255813615,762.3440103209281
1.0348837209301986,762.2782556554289
1.0354651162790358,762.2124563617381
1.036046511627873,762.1466052476171
1.0366279069767104,762.0807019408653
1.0372093023255475,762.0147460634892
1.0377906976743847,761.9487246010281
1.0383720930232216,761.8826352208138
1.0389534883720588,761.8164807764939
1.039534883720896,761.7502575367346
1.0401162790697334,761.6839788314835
1.0406976744185705,761.6176470000942
1.0412790697674077,761.5512617418973
1.0418604651162449,761.484822631425
1.042441860465082,761.4190741733163
1.0430232558139192,761.3558925545651
1.0436046511627564,761.2926575274156
1.0441860465115935,761.2293686404533
1.0447674418604307,761.1686218261191
1.0453488372092679,761.1118717142083
1.045930232558105,761.0550698365442
1.0465116279069422,760.9982157254252
1.0470930232557794,760.9413088986631
1.0476744186046165,760.8843488785466
1.0482558139534537,760.8273351611512
1.048837209302291,760.7702672724095
1.049418604651128,760.7131450934966
1.0499999999999652,760.6559682579833
1.0505813953488023,760.5987364191446
1.0511627906976395,760.5414492051003
1.0517441860464767,760.484106228268
1.052325581395314,760.42670711636
1.0529069767441512,760.3692525061024
1.0534883720929884,760.3145123339984
1.0540697674418256,760.2631972485528
1.0546511627906627,760.2120856634531
1.0552325581394997,760.1609205226436
1.055813953488337,760.1097014612056
1.0563953488371742,760.0584281271151
1.0569767441860114,760.0071001253382
1.0575581395348486,759.9557170821676
1.0581395348836857,759.9042786224338
1.058720930232523,759.8527843673714
1.05930232558136,759.801233933944
1.0598837209301972,759.749626940359
1.0604651162790346,759.6979629962169
1.0610465116278716,759.6462417273955
1.0616279069767087,759.5944627522802
1.062209302325546,759.5426256504323
1.062790697674383,759.4907300153856
1.0633720930232202,759.4387703613407
1.0639534883720576,759.3867321438232
1.0645348837208948,759.3346350365034
1.065116279069732,759.2824786271042
1.065697674418569,759.2302624924782
1.0662790697674063,759.1779862142325
1.0668604651162432,759.1256493505247
1.0674418604650804,759.0732514614884
1.0680232558139178,759.0207854725044
1.068604651162755,758.9682396139157
1.069186046511592,758.9156322785893
1.0697674418604293,758.8629630026498
1.0703488372092664,758.8102313146476
1.0709302325581036,758.7574367350759
1.0715116279069408,758.7045787733059
1.072093023255778,758.6516569315031
1.072674418604615,758.5986707263522
1.0732558139534523,758.5456196377419
1.0738372093022894,758.4925031364452
1.0744186046511266,758.4393206615118
1.0749999999999638,758.3860716589753
1.075581395348801,758.3327555660238
1.0761627906976383,758.2793718593567
1.0767441860464755,758.2259203230914
1.0773255813953126,758.17240077448
1.0779069767441498,758.1188129556099
1.0784883720929868,758.0651565813292
1.079069767441824,758.0114313597646
1.0796511627906613,757.9576323200366
1.0802325581394985,757.9037457778365
1.0808139534883356,757.8497902616748
1.0813953488371728,757.795765523524
1.08197674418601,757.7416713054413
1.0825581395348471,757.6875073471797
1.0831395348836843,757.6332734041426
1.0837209302325215,757.5789692397284
1.0843023255813586,757.5245946295457
1.0848837209301958,757.4701493534702
1.085465116279033,757.4156332000027
1.0860465116278701,757.3610459634513
1.0866279069767073,757.3063874431788
1.0872093023255445,757.2516574544367
1.0877906976743819,757.1968558196405
1.088372093023219,757.1419823691153
1.0889534883720562,757.0870369438487
1.0895348837208934,757.0320193954067
1.0901162790697303,756.9769295859843
1.0906976744185675,756.921767389205
1.0912790697674046,756.8665326894869
1.091860465116242,756.8112253848344
1.0924418604650792,756.7558453812223
1.0930232558139164,756.7003925968651
1.0936046511627535,756.6448669644748
1.0941860465115907,756.5892684283318
1.0947674418604278,756.5335969457922
1.095348837209265,756.4778524850843
1.0959302325581022,756.4220350275411
1.0965116279069393,756.3661417985098
1.0970930232557765,756.3101553889744
1.0976744186046137,756.2540967141712
1.0982558139534508,756.1979658121553
1.098837209302288,756.1417627329693
1.0994186046511252,756.0854875380204
1.0999999999999626,756.0291402949173
1.1005813953487997,755.9727210853038
1.101162790697637,755.9162300079048
1.1017441860464738,755.8596671664073
1.102325581395311,755.8030326734144
1.1029069767441482,755.7463247475634
1.1034883720929856,755.6895440405315
1.1040697674418227,755.6326920958317
1.10465116279066,755.5757690602544
1.105232558139497,755.5187750950523
1.1058139534883342,755.4617103443693
1.1063953488371714,755.4045749712277
1.1069767441860086,755.3473691425881
1.1075581395348457,755.2900930249232
1.1081395348836829,755.232746790608
1.10872093023252,755.1753306131935
1.1093023255813572,755.1178446669054
1.1098837209301944,755.0602891265326
1.1104651162790315,755.0026604298482
1.1110465116278687,754.9449526850858
1.111627906976706,754.8871761524247
1.1122093023255433,754.8293309978831
1.1127906976743804,754.7714173921855
1.1133720930232174,754.7134354977452
1.1139534883720545,754.6553854714248
1.1145348837208917,754.5973984754933
1.1151162790697289,754.5412757126315
1.1156976744185663,754.4850738434677
1.1162790697674034,754.428806201432
1.1168604651162406,754.3724648155198
1.1174418604650778,754.3183983571626
1.118023255813915,754.2660300249453
1.118604651162752,754.2135983568575
1.1191860465115893,754.1611034429047
1.1197674418604264,754.108545374973
1.1203488372092636,754.055924216219
1.1209302325581008,754.0032400391135
1.121511627906938,753.9504929123791
1.122093023255775,753.8976828656987
1.1226744186046123,753.8448099487271
1.1232558139534494,753.7918741937644
1.1238372093022868,753.7388756158542
1.124418604651124,753.6858142045668
1.124999999999961,753.6326899571309
1.125581395348798,753.5795027331334
1.1261627906976353,753.5262525958619
1.1267441860464724,753.4729395239615
1.1273255813953098,753.4210177805592
1.127906976744147,753.3713158417686
1.1284883720929841,753.3218594533549
1.1290697674418213,753.2723416319905
1.1296511627906585,753.2227622846726
1.1302325581394956,753.1731212891615
1.1308139534883326,753.1234185123964
1.13139534883717,753.0736538239929
1.1319767441860071,753.0238270853199
1.1325581395348443,752.9739381510364
1.1331395348836815,752.9239868521952
1.1337209302325186,752.873973015762
1.1343023255813558,752.8238964475264
1.134883720930193,752.7737569625572
1.1354651162790304,752.7235543016186
1.1360465116278675,752.6732882629254
1.1366279069767045,752.6229585826418
1.1372093023255416,752.5725650608091
1.1377906976743788,752.5221073995053
1.138372093023216,752.4715853676732
1.1389534883720531,752.4209986778521
1.1395348837208905,752.3703412796742
1.1401162790697277,752.3195966865967
1.1406976744185648,752.2687874860792
1.141279069767402,752.217913343984
1.1418604651162392,752.166973934801
1.1424418604650761,752.1159689227126
1.1430232558139135,752.0648858343333
1.1436046511627507,752.0137198387499
1.1441860465115878,751.9624881663167
1.144767441860425,751.9111904543862
1.1453488372092622,751.8598263077433
1.1459302325580993,751.8083953238015
1.1465116279069365,751.756897087321
1.1470930232557737,751.7053311580846
1.147674418604611,751.6536165103993
1.148255813953448,751.6016628021183
1.1488372093022852,751.5496383695919
1.1494186046511223,751.4975426795079
1.1499999999999595,751.4453755820861
1.1505813953487967,751.3931368676793
1.151162790697634,751.3408254574856
1.1517441860464712,751.2884407435092
1.1523255813953084,751.2359822155662
1.1529069767441456,751.1839271259051
1.1534883720929827,751.1319694479162
1.1540697674418197,751.0799365502498
1.1546511627906568,751.027827820903
1.1552325581394942,750.9757883518844
1.1558139534883314,750.9245184249617
1.1563953488371685,750.8734794806189
1.1569767441860057,750.8223626122656
1.1575581395348429,750.771167155793
1.15813953488368,750.7198926568718
1.1587209302325172,750.6685385460889
1.1593023255813546,750.6170758814243
1.1598837209301915,750.565512387291
1.1604651162790287,750.5138688156204
1.1610465116278659,750.4621443716995
1.161627906976703,750.4103382369274
1.1622093023255402,750.3584495733782
1.1627906976743774,750.3064775190275
1.1633720930232148,750.2544211716666
1.163953488372052,750.2022796255144
1.164534883720889,750.1500416253849
1.1651162790697263,750.0976797557836
1.1656976744185632,750.0454121638766
1.1662790697674004,749.9935176883455
1.1668604651162378,749.9418181979141
1.167441860465075,749.8903831326088
1.168023255813912,749.8388587498371
1.1686046511627493,749.7872440206621
1.1691860465115864,749.735537714175
1.1697674418604236,749.6837286741891
1.1703488372092608,749.631787892
1.170930232558098,749.5797540776242
1.171511627906935,749.527626133172
1.1720930232557722,749.4754027846567
1.1726744186046094,749.4230831904171
1.1732558139534466,749.3706660364827
1.1738372093022837,749.3181500140015
1.174418604651121,749.26553381913
1.1749999999999583,749.2128164043912
1.1755813953487955,749.1599965112615
1.1761627906976326,749.1070722492523
1.1767441860464696,749.0540421415852
1.1773255813953067,749.0009046488154
1.177906976744144,748.9476582561576
1.178488372092981,748.8943012986441
1.1790697674418185,748.8408320828777
1.1796511627906556,748.7872489475039
1.1802325581394928,748.733487361752
1.18081395348833,748.6793710403579
1.1813953488371671,748.625131894628
1.1819767441860043,748.5707678780973
1.1825581395348415,748.5160352277329
1.1831395348836786,748.4610436491455
1.1837209302325158,748.4059155160923
1.184302325581353,748.3506328127003
1.1848837209301901,748.2951988559842
1.1854651162790273,748.2396214658907
1.1860465116278645,748.1838983290133
1.1866279069767016,748.1280275328164
1.187209302325539,748.0720072720994
1.1877906976743762,748.0158356623859
1.1883720930232131,747.9595106774153
1.1889534883720503,747.9030303471575
1.1895348837208874,747.8463927129316
1.1901162790697246,747.7895956430111
1.190697674418562,747.7326369375501
1.1912790697673992,747.6754911361514
1.1918604651162363,747.618156715922
1.1924418604650735,747.5606565882605
1.1930232558139107,747.5029884887589
1.1936046511627478,747.4451495923129
1.194186046511585,747.3871374368766
1.1947674418604222,747.3289494915662
1.1953488372092593,747.2705831797435
1.1959302325580965,747.2125197343396
1.1965116279069337,747.1544638295704
1.1970930232557708,747.0962284743282
1.197674418604608,747.0378111192466
1.1982558139534452,746.9792091722865
1.1988372093022825,746.9204198731647
1.1994186046511197,746.8614405838393
1.1999999999999567,746.8022684960561
1.2005813953487938,746.7429007692433
1.201162790697631,746.6833347854453
1.2017441860464682,746.6235677001771
1.2023255813953053,746.5635967051601
1.2029069767441427,746.5034189317182
1.2034883720929799,746.4430276868826
1.204069767441817,746.3823838476998
1.2046511627906542,746.3215139279633
1.2052325581394914,746.2603928457529
1.2058139534883283,746.1990549219086
1.2063953488371657,746.1374885452948
1.2069767441860029,746.0756788747605
1.20755813953484,746.0136416512552
1.2081395348836772,745.9513739626478
1.2087209302325144,745.8888727453102
1.2093023255813515,745.8261349530271
1.2098837209301887,745.7631576908394
1.2104651162790259,745.6998977063668
1.2110465116278633,745.6363904993564
1.2116279069767002,745.5726369342843
1.2122093023255374,745.5086359255158
1.2127906976743745,745.4443860366957
1.2133720930232117,745.3798856175018
1.2139534883720489,745.3151340171474
1.2145348837208862,745.250130310459
1.2151162790697234,745.1850187075449
1.2156976744185606,745.1196847048693
1.2162790697673977,745.0541107997004
1.216860465116235,744.9882965625441
1.2174418604650719,744.9222416435314
1.2180232558139092,744.8559461990075
1.2186046511627464,744.7894095812255
1.2191860465115836,744.7226308622928
1.2197674418604207,744.6556103715685
1.220348837209258,744.5883485573111
1.220930232558095,744.5236776613228
1.2215116279069322,744.4598488937479
1.2220930232557694,744.3957850334862
1.2226744186046068,744.3316179679538
1.2232558139534437,744.2702455408883
1.223837209302281,744.2122444013778
1.224418604651118,744.1549038193778
1.2249999999999552,744.0973403119485
1.2255813953487924,744.0395546435894
1.2261627906976296,743.9815463026273
1.226744186046467,743.9233152380779
1.2273255813953041,743.8648614506898
1.2279069767441413,743.8061848469288
1.2284883720929785,743.7474031321672
1.2290697674418154,743.6891380254114
1.2296511627906526,743.6310232545563
1.23023255813949,743.5729488067675
1.2308139534883271,743.5148377600678
1.2313953488371643,743.4574654598742
1.2319767441860014,743.401503196625
1.2325581395348386,743.3469531781863
1.2331395348836758,743.2935698228724
1.233720930232513,743.2412920961387
1.2343023255813501,743.1893031814599
1.2348837209301873,743.1371132881598
1.2354651162790244,743.0847220059647
1.2360465116278616,743.0321289425625
1.2366279069766988,742.9793333917675
1.237209302325536,742.9263345876136
1.237790697674373,742.8731325631579
1.2383720930232105,742.8197268266182
1.2389534883720477,742.7661168780561
1.2395348837208848,742.712302122568
1.240116279069722,742.6582819305681
1.240697674418559,742.6040555501015
1.241279069767396,742.5497354670301
1.2418604651162335,742.4955838700139
1.2424418604650707,742.4412111413911
1.2430232558139078,742.3866308398309
1.243604651162745,742.3318414545739
1.2441860465115822,742.2794816729008
1.2447674418604193,742.2285000053337
1.2453488372092565,742.1779778509913
1.2459302325580937,742.1273060487301
1.2465116279069308,742.0764476819446
1.247093023255768,742.0253641764825
1.2476744186046052,741.9732980083982
1.2482558139534423,741.9210852534097
1.2488372093022795,741.8687260118526
1.2494186046511166,741.8162196698755
1.2499999999999538,741.7633475088618
1.2505813953487912,741.7102691217199
1.2511627906976284,741.6570388206106
1.2517441860464655,741.6036558003655
1.2523255813953025,741.5501198303347
1.2529069767441396,741.4964299680828
1.2534883720929768,741.442585629766
1.2540697674418142,741.3885863249944
1.2546511627906514,741.3344308432777
1.2552325581394885,741.2801185712804
1.2558139534883257,741.2256488299854
1.2563953488371629,741.1710202576218
1.256976744186,741.1164548327324
1.2575581395348372,741.0620619386549
1.2581395348836744,741.0145446069259
1.2587209302325115,740.9673874314898
1.2593023255813487,740.9201065957255
1.2598837209301859,740.872701821992
1.260465116279023,740.8251724393815
1.2610465116278602,740.7775175994001
1.2616279069766974,740.7297364729181
1.2622093023255347,740.6818285725157
1.262790697674372,740.6337932178664
1.263372093023209,740.585629684039
1.263953488372046,740.537337274533
1.2645348837208832,740.4889152369217
1.2651162790697204,740.4403627504406
1.2656976744185577,740.3916790373409
1.266279069767395,740.3428633859539
1.266860465116232,740.293914926061
1.2674418604650692,740.244832759111
1.2680232558139064,740.1956159708657
1.2686046511627436,740.146263567147
1.2691860465115807,740.0967744667615
1.269767441860418,740.0471477096928
1.270348837209255,739.997382317886
1.2709302325580922,739.947477240013
1.2715116279069294,739.8974314049683
1.2720930232557666,739.8472438246971
1.2726744186046037,739.796913313549
1.273255813953441,739.7464387158336
1.273837209302278,739.6958187034658
1.2744186046511154,739.645052282772
1.2749999999999526,739.5941382157023
1.2755813953487896,739.5430755152912
1.2761627906976267,739.4918626750155
1.276744186046464,739.440040205403
1.277325581395301,739.3868774317364
1.2779069767441384,739.333646652819
1.2784883720929756,739.2803472187983
1.2790697674418128,739.2269785640005
1.27965116279065,739.1735400962683
1.280232558139487,739.1200311065296
1.2808139534883243,739.0661489267588
1.2813953488371614,739.0121453832013
1.2819767441859986,738.9580653239854
1.2825581395348358,738.9039079647473
1.283139534883673,738.8493050947089
1.28372093023251,738.7944182531614
1.2843023255813473,738.7394445707561
1.2848837209301844,738.6843831240659
1.2854651162790216,738.6287174264347
1.286046511627859,738.5726825120918
1.2866279069766962,738.5165399748579
1.287209302325533,738.4602884743291
1.2877906976743703,738.4047047449195
1.2883720930232074,738.3506584676786
1.2889534883720446,738.2965017601539
1.289534883720882,738.2422328153326
1.2901162790697192,738.1878503070587
1.2906976744185563,738.1341868983845
1.2912790697673935,738.0826133604625
1.2918604651162306,738.032528681013
1.2924418604650678,737.9824601799229
1.293023255813905,737.9319282990394
1.2936046511627421,737.8811480065565
1.2941860465115793,737.8302398119885
1.2947674418604165,737.7796846549656
1.2953488372092536,737.7293791895486
1.2959302325580908,737.6789476017514
1.296511627906928,737.6283881336353
1.2970930232557651,737.5776988556714
1.2976744186046023,737.526877571043
1.2982558139534395,737.4759222102134
1.2988372093022766,737.4248299920621
1.2994186046511138,737.3735991196113
1.299999999999951,737.322227265916
1.3005813953487881,737.2707116844464
1.3011627906976253,737.2197539439937
1.3017441860464627,737.1696445456151
1.3023255813952999,737.1202586619371
1.302906976744137,737.0715638622464
1.3034883720929742,737.0260340560213
1.3040697674418111,736.9834510850591
1.3046511627906483,736.9407635351621
1.3052325581394857,736.8979701053937
1.3058139534883229,736.8550687493045
1.30639534883716,736.8120588200235
1.3069767441859972,736.7689389774956
1.3075581395348344,736.7257070605302
1.3081395348836715,736.6823619208883
1.3087209302325087,736.6389020350472
1.3093023255813458,736.5953248226044
1.309883720930183,736.5516296723168
1.3104651162790202,736.5078146267917
1.3110465116278573,736.4638783006986
1.3116279069766945,736.4198184224562
1.3122093023255317,736.3756338962087
1.3127906976743688,736.3313221312354
1.3133720930232062,736.2868819357863
1.3139534883720434,736.2423102116527
1.3145348837208806,736.1976061572817
1.3151162790697177,736.1527666087546
1.3156976744185547,736.1077903915278
1.3162790697673918,736.0626751897145
1.3168604651162292,736.0174187886516
1.3174418604650664,735.9720181590243
1.3180232558139036,735.9264708080234
1.3186046511627407,735.880774136752
1.319186046511578,735.8349254477605
1.319767441860415,735.7889219355197
1.3203488372092522,735.7427606973557
1.3209302325580894,735.6964386967213
1.3215116279069266,735.6499527768144
1.3220930232557637,735.6032996504648
1.3226744186046009,735.5564937844364
1.323255813953438,735.5102604300505
1.3238372093022752,735.4638504529263
1.3244186046511124,735.417259945725
1.3249999999999496,735.3704848121959
1.325581395348787,735.3237752081644
1.326162790697624,735.2795667302005
1.3267441860464613,735.2372705652057
1.3273255813952982,735.1957801010982
1.3279069767441354,735.154815028683
1.3284883720929725,735.114062380553
1.32906976744181,735.0751865194225
1.329651162790647,735.0369847567024
1.3302325581394843,734.9988207623883
1.3308139534883214,734.9606887529748
1.3313953488371586,734.922456121829
1.3319767441859958,734.8841222333501
1.332558139534833,734.8456860825892
1.33313953488367,734.8072727527353
1.3337209302325073,734.7688964837797
1.3343023255813444,734.7304186586651
1.3348837209301816,734.6918387141002
1.3354651162790188,734.6531558814402
1.336046511627856,734.6143689809688
1.336627906976693,734.5754775599886
1.3372093023255305,734.5372690390811
1.3377906976743676,734.4990846816287
1.3383720930232048,734.4607820830149
1.3389534883720418,734.4223709401847
1.339534883720879,734.3838541796232
1.340116279069716,734.3452306608147
1.3406976744185535,734.3065050858652
1.3412790697673906,734.2684196536876
1.3418604651162278,734.2303333107262
1.342441860465065,734.1921380337772
1.3430232558139021,734.1538317835668
1.3436046511627393,734.11541362349
1.3441860465115765,734.0787767886596
1.3447674418604136,734.0423014552061
1.3453488372092508,734.0095226242386
1.345930232558088,733.9774696680942
1.3465116279069251,733.9454214388554
1.3470930232557623,733.9132762917892
1.3476744186045995,733.8810317691868
1.3482558139534366,733.8486873541067
1.3488372093022738,733.816241674938
1.3494186046511112,733.7836918529791
1.3499999999999484,733.7510343016138
1.3505813953487853,733.718271321528
1.3511627906976225,733.6854046280614
1.3517441860464596,733.6524327240456
1.3523255813952968,733.6198204173642
1.3529069767441342,733.5871552438552
1.3534883720929713,733.5546100230656
1.3540697674418085,733.5223499849164
1.3546511627906457,733.4899933877082
1.3552325581394828,733.4580989546914
1.35581395348832,733.4261237373656
1.3563953488371572,733.3943270443165
1.3569767441859943,733.3627098240878
1.3575581395348315,733.3310003143525
1.3581395348836687,733.2996924232215
1.3587209302325058,733.2683135779006
1.359302325581343,733.2370108593187
1.3598837209301802,733.2059321809604
1.3604651162790173,733.1747638788258
1.3610465116278547,733.1435022552721
1.361627906976692,733.1121485969093
1.3622093023255288,733.0807043284943
1.362790697674366,733.049169099146
1.3633720930232032,733.0175425236852
1.3639534883720403,732.9858242267587
1.3645348837208777,732.953999439628
1.3651162790697149,732.9220815390565
1.365697674418552,732.8900710168
1.3662790697673892,732.8579472843234
1.3668604651162264,732.825621686527
1.3674418604650636,732.7930775373017
1.3680232558139005,732.7605038203785
1.3686046511627379,732.7282687290827
1.369186046511575,732.695945563026
1.3697674418604122,732.6635338353682
1.3703488372092494,732.6310330390844
1.3709302325580865,732.5986620938214
1.3715116279069237,732.566497471896
1.3720930232557609,732.5342421687035
1.372674418604598,732.5018956285259
1.3732558139534354,732.4694456943449
1.3738372093022724,732.437118299968
1.3744186046511095,732.4049412859981
1.3749999999999467,732.3726700407938
1.3755813953487839,732.3407381474783
1.376162790697621,732.3089969044938
1.3767441860464584,732.2773733329856
1.3773255813952956,732.2459015365793
1.3779069767441328,732.214330909872
1.37848837209297,732.1826606383772
1.379069767441807,732.1508896683226
1.379651162790644,732.119145634841
1.3802325581394814,732.0876100401889
1.3808139534883186,732.0559710242223
1.3813953488371558,732.0242277221728
1.381976744185993,731.9923792078276
1.38255813953483,731.9604238924239
1.3831395348836673,731.9287598018502
1.3837209302325044,731.896999211903
1.3843023255813416,731.8651285745904
1.384883720930179,731.8331468963567
1.385465116279016,731.8010527008729
1.386046511627853,731.7687776343845
1.3866279069766902,731.736121084407
1.3872093023255274,731.7033445612935
1.3877906976743646,731.6704467184035
1.388372093023202,731.637426677699
1.3889534883720391,731.6042830572557
1.3895348837208763,731.5710141815417
1.3901162790697135,731.537618572721
1.3906976744185506,731.5040947276865
1.3912790697673876,731.4704407614373
1.3918604651162247,731.4374266889499
1.3924418604650621,731.404693977977
1.3930232558138993,731.370548464937
1.3936046511627365,731.3362324378954
1.3941860465115736,731.3018695535757
1.3947674418604108,731.267458674489
1.395348837209248,731.2329985974462
1.3959302325580851,731.1984879286862
1.3965116279069223,731.1639253316454
1.3970930232557595,731.1293090364635
1.3976744186045966,731.094636483425
1.3982558139534338,731.0599086731032
1.398837209302271,731.0251251396205
1.3994186046511081,730.9902853067721
1.3999999999999453,730.9553888671862
1.4005813953487827,730.9204353377513
1.4011627906976198,730.8854242946542
1.401744186046457,730.850347792354
1.4023255813952942,730.8152112905625
1.4029069767441311,730.7800156933514
1.4034883720929683,730.7447602787145
1.4040697674418057,730.7094447770984
1.4046511627906428,730.6737376254987
1.40523255813948,730.6378335030021
1.4058139534883172,730.6018572218417
1.4063953488371543,730.5658089314277
1.4069767441859915,730.5296889504386
1.4075581395348287,730.4934964144986
1.4081395348836658,730.4572331014352
1.408720930232503,730.4254656860791
1.4093023255813402,730.3945916510401
1.4098837209301773,730.3636333537855
1.4104651162790145,730.3326007596415
1.4110465116278517,730.3014933209149
1.4116279069766888,730.2703106406807
1.4122093023255262,730.2394181800497
1.4127906976743634,730.2085869850685
1.4133720930232005,730.1776775796471
1.4139534883720377,730.1469513763321
1.4145348837208747,730.116379950419
1.4151162790697118,730.0857280578525
1.415697674418549,730.0549605346388
1.4162790697673864,730.0240629224307
1.4168604651162235,729.9930342885917
1.4174418604650607,729.9618736587482
1.4180232558138979,729.9305799103463
1.418604651162735,729.8991516565609
1.4191860465115722,729.8669431457947
1.4197674418604094,729.8346818460093
1.4203488372092465,729.8023668338458
1.4209302325580837,729.7699970586666
1.4215116279069209,729.7375714329008
1.422093023255758,729.7050889005328
1.4226744186045952,729.6725482671266
1.4232558139534324,729.6399483036838
1.4238372093022695,729.6072875478748
1.424418604651107,729.5745644647351
1.424999999999944,729.5417771596218
1.425581395348781,729.5091259643671
1.4261627906976182,729.4766966495384
1.4267441860464554,729.4441998705976
1.4273255813952925,729.4116337778777
1.42790697674413,729.3789964015428
1.428488372092967,729.3462860849679
1.4290697674418043,729.3134999613933
1.4296511627906414,729.2807236614381
1.4302325581394786,729.2482642220198
1.4308139534883157,729.2157253602265
1.4313953488371527,729.1831001514506
1.43197674418599,729.1503882064338
1.4325581395348272,729.1175935915757
1.4331395348836644,729.084715339011
1.4337209302325016,729.0517519703619
1.4343023255813387,729.0187017002825
1.434883720930176,728.9855617772853
1.435465116279013,728.9523319397574
1.4360465116278505,728.9190025033164
1.4366279069766876,728.885584481393
1.4372093023255246,728.8520790859875
1.4377906976743617,728.8184827211018
1.438372093023199,728.7847901097433
1.438953488372036,728.7509606424828
1.4395348837208732,728.71690696601
1.4401162790697106,728.6826353829417
1.4406976744185478,728.6482540449427
1.441279069767385,728.6137706845659
1.4418604651162221,728.5791867274869
1.4424418604650593,728.5445023344978
1.4430232558138962,728.5097109263262
1.4436046511627336,728.4748090236321
1.4441860465115708,728.439804336548
1.444767441860408,728.4046947230871
1.4453488372092451,728.3694737739362
1.4459302325580823,728.3341376640575
1.4465116279069195,728.2992159037852
1.4470930232557566,728.2654478049288
1.4476744186045938,728.2315978033898
1.4482558139534312,728.1976653423538
1.4488372093022681,728.1636497378096
1.4494186046511053,728.1295503064675
1.4499999999999424,728.0953661377732
1.4505813953487796,728.0611622268536
1.4511627906976168,728.0275593140605
1.4517441860464542,727.9938763008231
1.4523255813952913,727.9599893213241
1.4529069767441285,727.9259389040088
1.4534883720929657,727.8918158983084
1.4540697674418028,727.8576205558916
1.4546511627906398,727.8234454041196
1.455232558139477,727.7910576986943
1.4558139534883143,727.7586063095733
1.4563953488371515,727.726389335845
1.4569767441859887,727.6949415580739
1.4575581395348258,727.6640705869899
1.458139534883663,727.6331472025689
1.4587209302325002,727.6021710894561
1.4593023255813373,727.5710508696978
1.4598837209301747,727.5397501180821
1.4604651162790117,727.5084062681977
1.4610465116278488,727.4770183645104
1.461627906976686,727.4454976219358
1.4622093023255232,727.4137975929993
1.4627906976743603,727.382193054724
1.4633720930231975,727.3507164132162
1.4639534883720349,727.3191150231805
1.464534883720872,727.287348289745
1.4651162790697092,727.2555614390332
1.4656976744185464,727.2237538507468
1.4662790697673833,727.1919260513042
1.4668604651162205,727.160077741184
1.4674418604650579,727.1282082984901
1.468023255813895,727.0963182137042
1.4686046511627322,727.064407594896
1.4691860465115694,727.0324755921316
1.4697674418604065,727.0005219435466
1.4703488372092437,726.9686696758645
1.4709302325580809,726.9368806962702
1.471511627906918,726.9050727142811
1.4720930232557552,726.8732448257435
1.4726744186045924,726.841397450861
1.4732558139534295,726.81014756265
1.4738372093022667,726.7790053317536
1.4744186046511039,726.7483409247534
1.474999999999941,726.7178803235126
1.4755813953487784,726.6877527189671
1.4761627906976156,726.6579396691415
1.4767441860464527,726.628326433893
1.47732558139529,726.5991566206432
1.4779069767441269,726.5700272711005
1.478488372092964,726.5414801326015
1.4790697674418012,726.5129413129584
1.4796511627906386,726.4850165514315
1.4802325581394757,726.4571813476422
1.480813953488313,726.4293254126536
1.48139534883715,726.4014478972704
1.4819767441859872,726.373549759535
1.4825581395348244,726.345630649213
1.4831395348836616,726.3176905179164
1.4837209302324987,726.2897292596239
1.484302325581336,726.2617441936337
1.484883720930173,726.2337333603685
1.4854651162790102,726.2057020258624
1.4860465116278474,726.1776486977876
1.4866279069766846,726.1495723814586
1.4872093023255217,726.1214741710936
1.4877906976743591,726.0933542518504
1.4883720930231963,726.0652127916534
1.4889534883720335,726.037049341073
1.4895348837208706,726.0088638811039
1.490116279069708,725.9806563804915
1.4906976744185454,725.9524265641525
1.4912790697673828,725.9241740973223
1.4918604651162202,725.8958984525715
1.4924418604650573,725.8675998827497
1.4930232558138947,725.8395515987266
1.493604651162732,725.8116567027184
1.4941860465115693,725.7837371872772
1.4947674418604067,725.7557933034467
1.495348837209244,725.7278257962707
1.4959302325580814,725.6998313504279
1.4965116279069188,725.6718030450018
1.497093023255756,725.6437506485802
1.4976744186045934,725.6156719211461
1.4982558139534308,725.5875687087868
1.4988372093022682,725.5594406856248
1.4994186046511055,725.5312883908161
1.499999999999943,725.5031122689809
1.5005813953487803,725.4749112238432
1.5011627906976175,725.4466520027435
1.5017441860464549,725.418313232153
1.5023255813952923,725.389948762918
1.5029069767441294,725.3615588420315
1.5034883720929668,725.3331431450308
1.5040697674418042,725.3047011654522
1.5046511627906416,725.2762327456895
1.5052325581394788,725.247737067814
1.5058139534883161,725.2192134182378
1.5063953488371535,725.1906622658274
1.506976744185991,725.1622051198254
1.5075581395348283,725.1342512610188
1.5081395348836657,725.1062692718219
1.508720930232503,725.0782588519926
1.5093023255813403,725.0502197221906
1.5098837209301776,725.0223949932899
1.510465116279015,724.9951751844059
1.5110465116278524,724.9679239908735
1.5116279069766896,724.9406431228821
1.512209302325527,724.9133325221358
1.5127906976743644,724.8859919453251
1.5133720930232015,724.8586210368487
1.513953488372039,724.8312192064263
1.5145348837208763,724.8037459644331
1.5151162790697137,724.776126809082
1.515697674418551,724.7484776350316
1.5162790697673885,724.7207910623042
1.5168604651162256,724.6930749689276
1.517441860465063,724.6653291156191
1.5180232558139004,724.6375530312449
1.5186046511627378,724.6097460229902
1.5191860465115752,724.5819069004275
1.5197674418604126,724.5540357130992
1.52034883720925,724.526132317731
1.5209302325580871,724.4981962246329
1.5215116279069245,724.4705449119004
1.5220930232557617,724.4429928682679
1.522674418604599,724.4153932758808
1.5232558139534365,724.387763266997
1.5238372093022738,724.3601029355684
1.5244186046511112,724.3325817146707
1.5249999999999484,724.3052929831786
1.5255813953487858,724.2785226760153
1.5261627906976232,724.2518131995397
1.5267441860464606,724.2250640564299
1.527325581395298,724.1982870074083
1.5279069767441353,724.1718207481624
1.5284883720929725,724.1453470223045
1.52906976744181,724.1188157182792
1.5296511627906473,724.0922430004034
1.5302325581394847,724.0655948132804
1.5308139534883218,724.038998115984
1.5313953488371592,724.0126255581073
1.5319767441859966,723.9862183045699
1.5325581395348338,723.9597529276141
1.5331395348836712,723.9332509234885
1.5337209302325086,723.9066547267938
1.534302325581346,723.880122862379
1.5348837209301833,723.8537305820294
1.5354651162790207,723.827778215593
1.536046511627858,723.8019292006561
1.5366279069766953,723.7760634387937
1.5372093023255327,723.750180950456
1.53779069767437,723.7244074133661
1.5383720930232074,723.6988116471533
1.5389534883720448,723.6731889963178
1.5395348837208822,723.6475508822342
1.5401162790697194,723.6218911069041
1.5406976744185568,723.5962155727788
1.541279069767394,723.5705229831774
1.5418604651162313,723.5448150710739
1.5424418604650687,723.5190778015718
1.543023255813906,723.4933100648118
1.5436046511627435,723.4675265580242
1.5441860465115806,723.4417239911168
1.544767441860418,723.4158923848755
1.5453488372092554,723.3900439038421
1.5459302325580928,723.3641786628393
1.5465116279069302,723.3382961793432
1.5470930232557676,723.3123963531403
1.547674418604605,723.2864796615858
1.5482558139534421,723.2605444658274
1.5488372093022795,723.234590169801
1.549418604651117,723.2086172483284
1.549999999999954,723.1827313320234
1.5505813953487915,723.1570487226277
1.5511627906976289,723.1313462038356
1.5517441860464662,723.1056254733879
1.5523255813953034,723.0798863895602
1.5529069767441408,723.054128363796
1.5534883720929782,723.0283511148572
1.5540697674418156,723.0025543019497
1.554651162790653,722.9767376165245
1.5552325581394904,722.950900774586
1.5558139534883277,722.9251147515977
1.556395348837165,722.899559909735
1.5569767441860023,722.8742762722192
1.5575581395348397,722.8489990955372
1.558139534883677,722.8236995250012
1.5587209302325145,722.7983772797458
1.5593023255813516,722.7730321707797
1.559883720930189,722.7476639015534
1.5604651162790262,722.7222719055086
1.5610465116278636,722.6968557176731
1.561627906976701,722.6714140816177
1.5622093023255383,722.6459472214812
1.5627906976743755,722.6204541056553
1.5633720930232131,722.5949345259547
1.5639534883720503,722.5693877731868
1.564534883720888,722.5438131526395
1.565116279069725,722.5182099227179
1.5656976744185627,722.4925772383382
1.5662790697673998,722.4669138812768
1.566860465116237,722.4412190469477
1.5674418604650746,722.4154918892965
1.5680232558139118,722.3897302727254
1.5686046511627492,722.3638564891323
1.5691860465115863,722.3378912133402
1.5697674418604237,722.3118871068517
1.570348837209261,722.285842529445
1.5709302325580983,722.2597557970267
1.5715116279069359,722.2336257174835
1.572093023255773,722.2074516441778
1.5726744186046107,722.1812335695499
1.5732558139534478,722.154970557638
1.573837209302285,722.1286617796698
1.5744186046511226,722.1022119835764
1.5749999999999598,722.0756500598997
1.5755813953487974,722.0490469952931
1.5761627906976345,722.0225034689423
1.5767441860464722,721.9961481223565
1.5773255813953093,721.9697514716437
1.5779069767441465,721.9438789124287
1.5784883720929839,721.9185987634486
1.5790697674418213,721.893275283286
1.5796511627906586,721.867910217741
1.5802325581394958,721.8423288859864
1.5808139534883334,721.8166774614245
1.5813953488371706,721.79097518609
1.5819767441860078,721.7652391772858
1.5825581395348454,721.7394686330426
1.5831395348836825,721.7136414989169
1.5837209302325201,721.6877497081545
1.5843023255813573,721.6618241108938
1.584883720930195,721.6358650469721
1.585465116279032,721.6097497270524
1.5860465116278692,721.5834936087194
1.5866279069767069,721.5574001811684
1.587209302325544,721.5317296057007
1.5877906976743814,721.5060345711506
1.5883720930232186,721.4802617895716
1.5889534883720562,721.4544648968451
1.5895348837208934,721.4286447014894
1.5901162790697305,721.402796912431
1.5906976744185681,721.3768296044914
1.5912790697674053,721.350688163609
1.591860465116243,721.3245328747414
1.59244186046508,721.298363628067
1.5930232558139177,721.2721804758443
1.5936046511627548,721.245983399574
1.594186046511592,721.2197723008176
1.5947674418604296,721.1935471508195
1.5953488372092668,721.1673078263497
1.5959302325581044,721.1410544697561
1.5965116279069416,721.1145997335246
1.597093023255779,721.088138370588
1.5976744186046161,721.0616717911956
1.5982558139534535,721.0351985428932
1.598837209302291,721.008719682103
1.599418604651128,720.9822336508981
1.5999999999999657,720.9557365847475
1.6005813953488028,720.9292294691902
1.60116279069764,720.9027146476114
1.6017441860464776,720.8761931729941
1.6023255813953148,720.849665886171
1.6029069767441524,720.8231320959137
1.6034883720929896,720.7965924855758
1.6040697674418272,720.7700462041121
1.6046511627906643,720.7434938705527
1.6052325581395015,720.7169347978203
1.605813953488339,720.6903701935995
1.6063953488371763,720.663965713945
1.6069767441860137,720.6380285444675
1.6075581395348508,720.612085118405
1.6081395348836884,720.5861355315166
1.6087209302325256,720.5601793062149
1.6093023255813628,720.534217609558
1.6098837209302004,720.508248940768
1.6104651162790375,720.4822567897241
1.6110465116278752,720.4562518514639
1.6116279069767123,720.4302408041095
1.61220930232555,720.4042227703326
1.612790697674387,720.3781985838982
1.6133720930232243,720.3521672126606
1.6139534883720619,720.3261299455277
1.614534883720899,720.3000854895679
1.6151162790697366,720.2740342565598
1.6156976744185738,720.2479758105761
1.6162790697674112,720.2219090440557
1.6168604651162484,720.1958362752332
1.6174418604650858,720.1697565434333
1.6180232558139231,720.1436626843648
1.6186046511627603,720.1177440343608
1.619186046511598,720.0921089703047
1.619767441860435,720.0664675508821
1.6203488372092727,720.0408195003777
1.6209302325581099,720.0151645280954
1.621511627906947,719.9895010367117
1.6220930232557846,719.9638313462301
1.6226744186046218,719.9381549855453
1.6232558139534594,719.9124717553592
1.6238372093022966,719.8867822583227
1.624418604651134,719.8610866740294
1.6249999999999714,719.8353842849017
1.6255813953488085,719.809673604892
1.626162790697646,719.7839339588951
1.626744186046483,719.758184932501
1.6273255813953207,719.7324289980594
1.6279069767441579,719.7066661013047
1.6284883720929955,719.6808961532595
1.6290697674418326,719.655118994015
1.6296511627906698,719.6293339585136
1.6302325581395074,719.6035418874557
1.6308139534883446,719.5777427913982
1.6313953488371822,719.5519366178714
1.6319767441860193,719.5261233281182
1.632558139534857,719.5003027864575
1.6331395348836941,719.474474868536
1.6337209302325313,719.4486880844524
1.634302325581369,719.423266948513
1.634883720930206,719.3978382053738
1.6354651162790435,719.3724012529823
1.6360465116278806,719.3469566829982
1.636627906976718,719.3215043903953
1.6372093023255554,719.2960417898149
1.6377906976743926,719.2705702773002
1.6383720930232302,719.2450912821485
1.6389534883720673,719.2196046302528
1.639534883720905,719.1941102232914
1.6401162790697421,719.1686082080797
1.6406976744185793,719.1430985837997
1.6412790697674169,719.1175789791407
1.641860465116254,719.0920280735774
1.6424418604650917,719.0664693579769
1.6430232558139288,719.0409028293915
1.6436046511627662,719.0153284581853
1.6441860465116036,718.9897424711473
1.6447674418604408,718.9641465720671
1.6453488372092782,718.9385416092771
1.6459302325581153,718.9129282529133
1.646511627906953,718.8873068263222
1.64709302325579,718.8616773747291
1.6476744186046277,718.8360396812433
1.6482558139534649,718.8103908886505
1.648837209302302,718.7847339649753
1.6494186046511397,718.7590469479683
1.6499999999999768,718.7333449362181
1.6505813953488144,718.7076160648876
1.6511627906976516,718.6818549799422
1.6517441860464892,718.6560843983158
1.6523255813953264,718.6303047660382
1.6529069767441635,718.6045165889428
1.6534883720930011,718.5787190733196
1.6540697674418383,718.5529120400333
1.6546511627906757,718.5270939464732
1.6552325581395129,718.5013018274789
1.6558139534883505,718.4758989916882
1.6563953488371876,718.4504865417864
1.6569767441860248,718.4250631101047
1.6575581395348624,718.3996302885234
1.6581395348836996,718.3741869701046
1.6587209302325372,718.3487346253711
1.6593023255813744,718.3232722958581
1.659883720930212,718.2977999769946
1.6604651162790491,718.272317672072
1.6610465116278863,718.2468245207336
1.661627906976724,718.2213203116539
1.662209302325561,718.1958062354021
1.6627906976743985,718.1702818170759
1.6633720930232359,718.144747616404
1.6639534883720732,718.1192040062856
1.6645348837209104,718.0936505678869
1.6651162790697476,718.0680873724805
1.6656976744185852,718.0428419779035
1.6662790697674223,718.0176881496167
1.66686046511626,717.9925239383327
1.6674418604650971,717.967349750919
1.6680232558139343,717.9421655595089
1.668604651162772,717.91697129065
1.669186046511609,717.8917669151618
1.6697674418604467,717.8665523873054
1.6703488372092838,717.8413276925415
1.6709302325581215,717.8161704802261
1.6715116279069586,717.7911492683745
1.6720930232557958,717.766117755604
1.6726744186046334,717.7410758112533
1.6732558139534706,717.7160234406251
1.673837209302308,717.6909606119921
1.6744186046511451,717.6658873197134
1.6749999999999827,717.6408027812977
1.67558139534882,717.615706152751
1.676162790697657,717.5905986044946
1.6767441860464947,717.565478329546
1.6773255813953318,717.5404056562061
1.6779069767441694,717.5154903956192
1.6784883720930066,717.4907801683896
1.6790697674418442,717.4660670575034
1.6796511627906814,717.4413429912279
1.6802325581395186,717.4166084283466
1.6808139534883562,717.3918629034505
1.6813953488371933,717.3671063041235
1.6819767441860307,717.3423386016393
1.682558139534868,717.3175597794254
1.6831395348837055,717.2927687709831
1.6837209302325427,717.2679658648415
1.6843023255813798,717.243151223827
1.6848837209302174,717.2183256063735
1.6854651162790546,717.1934886655285
1.6860465116278922,717.1686401112426
1.6866279069767294,717.1437798725225
1.687209302325567,717.1189080937727
1.6877906976744042,717.0940246863014
1.6883720930232413,717.0691296713928
1.688953488372079,717.0442229411531
1.689534883720916,717.0195642539564
1.6901162790697537,716.9951544628865
1.6906976744185909,716.9710008665444
1.6912790697674283,716.9470540112357
1.6918604651162656,716.9230951595713
1.6924418604651028,716.8991243352267
1.6930232558139402,716.8751419084629
1.6936046511627774,716.8511477388057
1.694186046511615,716.8271417069499
1.6947674418604521,716.8031237375011
1.6953488372092897,716.7790933830386
1.695930232558127,716.7550506210418
1.696511627906964,716.7309956834155
1.6970930232558017,716.7069244022304
1.6976744186046389,716.6828404178106
1.6982558139534765,716.6587442236452
1.6988372093023136,716.6346357566359
1.699418604651151,716.6105575913135
1.6999999999999884,716.5866497954739
1.7005813953488256,716.5627290254033
1.701162790697663,716.5388912490266
1.7017441860465004,716.5151681796615
1.7023255813953377,716.4914323557142
1.702906976744175,716.4676837618374
1.703488372093012,716.4439171595567
1.7040697674418497,716.4201326182639
1.7046511627906868,716.3963347707255
1.7052325581395245,716.3725199378277
1.7058139534883616,716.3486886780751
1.7063953488371992,716.3248440594259
1.7069767441860364,716.3009862553884
1.7075581395348736,716.2771150808303
1.7081395348837112,716.2532297956182
1.7087209302325483,716.229331016246
1.709302325581386,716.20541747175
1.7098837209302231,716.1814892753085
1.7104651162790605,716.1575475444938
1.711046511627898,716.1335922681142
1.711627906976735,716.1096232012035
1.7122093023255724,716.0856402379563
1.7127906976744096,716.0616434801544
1.7133720930232472,716.0376327043012
1.7139534883720844,716.0136078182286
1.714534883720922,715.9895685932323
1.7151162790697592,715.9655135553697
1.7156976744185963,715.9414411985075
1.716279069767434,715.9173542747089
1.716860465116271,715.8932529476166
1.7174418604651087,715.8691370540599
1.7180232558139459,715.8450064839637
1.7186046511627833,715.8208611395248
1.7191860465116207,715.7967003351478
1.7197674418604578,715.7727068281355
1.7203488372092952,715.7488275681643
1.7209302325581326,715.724896056764
1.72151162790697,715.7009243674148
1.7220930232558072,715.6769358948052
1.7226744186046448,715.65293058822
1.723255813953482,715.6289083115198
1.723837209302319,715.6048688704041
1.7244186046511567,715.5808309296463
1.7249999999999939,715.5571925508146
1.7255813953488315,715.5338287698238
1.7261627906976686,715.5104791732882
1.7267441860465063,715.4871122054155
1.7273255813953434,715.4637277630765
1.7279069767441806,715.4403256898927
1.7284883720930182,715.4170657294899
1.7290697674418554,715.3939467530979
1.7296511627906928,715.3708080178311
1.7302325581395301,715.34765086544
1.7308139534883675,715.3244755003036
1.7313953488372047,715.3012816802037
1.7319767441860419,715.2780694879264
1.7325581395348795,715.2548388017854
1.7331395348837166,715.231589107161
1.7337209302325542,715.2083197894503
1.7343023255813914,715.1850315605227
1.7348837209302286,715.1617240121138
1.7354651162790662,715.1383971323119
1.7360465116279034,715.1150493647018
1.736627906976741,715.0916819889588
1.7372093023255781,715.06829507778
1.7377906976744155,715.0448886431238
1.738372093023253,715.0214623880444
1.73895348837209,714.9980161556202
1.7395348837209275,714.9745498065839
1.7401162790697648,714.9510623019971
1.7406976744186022,714.927552534365
1.7412790697674394,714.904022158434
1.741860465116277,714.8804710296222
1.7424418604651142,714.8568990593445
1.7430232558139513,714.8333061996425
1.743604651162789,714.8096921008862
1.7441860465116261,714.786081526453
1.7447674418604637,714.7628562231647
1.745348837209301,714.7396091667946
1.7459302325581385,714.7163403212686
1.7465116279069757,714.6930494971216
1.7470930232558128,714.6698560307428
1.7476744186046504,714.6468460700673
1.7482558139534876,714.6238137067089
1.748837209302325,714.6007586629635
1.7494186046511624,714.5776807619268
1.7499999999999998,714.5545794528722
1.750581395348837,714.5314488539465
1.751162790697674,714.5082919930359
1.7517441860465117,714.4851116056678
1.7523255813953489,714.461907473006
1.7529069767441865,714.4386794141377
1.7534883720930237,714.4154273283254
1.7540697674418613,714.3924190865919
1.7546511627906984,714.3694407877167
1.7552325581395356,714.3464376460296
1.7558139534883732,714.3234094592909
1.7563953488372104,714.3003560002511
1.7569767441860478,714.2772770306351
1.7575581395348852,714.2541723028645
1.7581395348837225,714.2310416206844
1.7587209302325597,714.2078847393838
1.759302325581397,714.1847012791104
1.7598837209302345,714.1614910083503
1.7604651162790717,714.1382536660695
1.7610465116279093,714.1149889735261
1.7616279069767464,714.0916935180244
1.762209302325584,714.0683691239508
1.7627906976744212,714.0450163566239
1.7633720930232584,714.0216351269984
1.763953488372096,713.998225178311
1.7645348837209331,713.9747859965908
1.7651162790697708,713.9513173174811
1.765697674418608,713.9278185814794
1.766279069767445,713.9042889941563
1.7668604651162827,713.8807288953557
1.7674418604651199,713.8571379125066
1.7680232558139573,713.8335156901467
1.7686046511627946,713.8098618493
1.769186046511632,713.7861759400613
1.7697674418604692,713.7624575208167
1.7703488372093064,713.7387062952907
1.770930232558144,713.7149218318474
1.7715116279069811,713.6911037066808
1.7720930232558187,713.6672514856599
1.772674418604656,713.6433646731302
1.7732558139534935,713.6194426825285
1.7738372093023307,713.5954851971738
1.7744186046511679,713.5714917071215
1.7750000000000055,713.5474616840639
1.7755813953488426,713.5233944702948
1.77616279069768,713.4992892539741
1.7767441860465174,713.4751440410752
1.7773255813953548,713.4509601781351
1.777906976744192,713.4267371000368
1.7784883720930293,713.4024740279934
1.7790697674418667,713.3781704125001
1.779651162790704,713.3538255375312
1.7802325581395415,713.3294387137846
1.7808139534883787,713.3052617594532
1.7813953488372163,713.2810950998949
1.7819767441860535,713.2568854083868
1.7825581395348906,713.2326319108585
1.7831395348837282,713.2083338562841
1.7837209302325654,713.1839904104536
1.784302325581403,713.1596007377627
1.7848837209302402,713.1351639615908
1.7854651162790776,713.1106791740643
1.786046511627915,713.0861454470144
1.7866279069767521,713.0615618595137
1.7872093023255895,713.0369273953089
1.7877906976744269,713.0122409985343
1.7883720930232643,712.987501511148
1.7889534883721014,712.9627077720693
1.789534883720939,712.9378586304643
1.7901162790697762,712.91295284779
1.7906976744186134,712.8879890794892
1.791279069767451,712.8629657819954
1.7918604651162882,712.837881428685
1.7924418604651258,712.8127347522186
1.793023255813963,712.7875241674232
1.7936046511628005,712.7622474710004
1.7941860465116377,712.7369034545274
1.7947674418604749,712.7114902638034
1.7953488372093123,712.686005933248
1.7959302325581497,712.6604486008628
1.796511627906987,712.6348161234381
1.7970930232558242,712.6091058717977
1.7976744186046618,712.5833153217052
1.798255813953499,712.5574417793443
1.7988372093023361,712.5314824750183
1.7994186046511738,712.5054342410259
1.800000000000011,712.4792919130149
1.8005813953488485,712.4530528854469
1.8011627906976857,712.4267146425268
1.8017441860465229,712.4002731133487
1.8023255813953605,712.3737239646946
1.8029069767441976,712.3470623770907
1.8034883720930353,712.3202832533597
1.8040697674418724,712.2933809907413
1.8046511627907098,712.2663495301633
1.8052325581395472,712.2391821672019
1.8058139534883844,712.2118714770882
1.8063953488372217,712.1844092656638
1.8069767441860591,712.1567863380429
1.8075581395348965,712.1289924206372
1.8081395348837337,712.1010159301749
1.8087209302325713,712.072849809273
1.8093023255814085,712.0444911823971
1.8098837209302456,712.0159362158024
1.8104651162790832,711.987180859697
1.8110465116279204,711.9582210846168
1.811627906976758,711.9290526328983
1.8122093023255952,711.8996710705603
1.8127906976744328,711.870071773018
1.81337209302327,711.8402479887304
1.8139534883721071,711.8101965778598
1.8145348837209445,711.7799123543007
1.815116279069782,711.7493711503255
1.8156976744186193,711.7185782157138
1.8162790697674565,711.6875348145812
1.816860465116294,711.6562346959907
1.8174418604651312,711.6246710944878
1.8180232558139684,711.5928373180907
1.818604651162806,711.5607262400578
1.8191860465116432,711.5283302914501
1.8197674418604808,711.4956411509885
1.820348837209318,711.4626506586396
1.8209302325581556,711.4293501040033
1.8215116279069927,711.3957301014326
1.82209302325583,711.3617807022415
1.8226744186046675,711.327491369972
1.8232558139535047,711.2928508953983
1.823837209302342,711.2578473268813
1.8244186046511794,711.2224679256341
1.8250000000000168,711.1866990259094
1.825581395348854,711.1505259886757
1.8261627906976914,711.1114482948686
1.8267441860465288,711.0719754533578
1.827325581395366,711.0322872862196
1.8279069767442035,710.992372228662
1.8284883720930407,710.952217323437
1.8290697674418783,710.9118055788831
1.8296511627907155,710.8711254560959
1.8302325581395527,710.8301564019073
1.8308139534883903,710.7888913080475
1.8313953488372274,710.7473259157317
1.831976744186065,710.7054562441401
1.8325581395349022,710.663276555995
1.8331395348837394,710.6207827335514
1.8337209302325768,710.577969041339
1.8343023255814142,710.5348297347587
1.8348837209302515,710.4913594875885
1.8354651162790887,710.447552870734
1.8360465116279263,710.4034039490324
1.8366279069767635,710.3589068513185
1.8372093023256006,710.3140552684699
1.8377906976744383,710.2688423913547
1.8383720930232754,710.2232628359903
1.838953488372113,710.1773090997393
1.8395348837209502,710.1310501574841
1.8401162790697878,710.0845634031026
1.840697674418625,710.0376814016262
1.8412790697674621,709.9903964665203
1.8418604651162997,709.942700820487
1.842441860465137,709.8945861181998
1.8430232558139743,709.8460439207511
1.8436046511628117,709.7970656443822
1.844186046511649,709.747642296081
1.8447674418604862,709.6977644562782
1.8453488372093236,709.6475136911372
1.845930232558161,709.5969375245354
1.8465116279069982,709.5458770042616
1.8470930232558358,709.4943213188642
1.847674418604673,709.4458469044598
1.8482558139535106,709.3984031924484
1.8488372093023477,709.350587107311
1.849418604651185,709.3022498059938
1.8500000000000225,709.2533788459375
1.8505813953488597,709.2039612597683
1.8511627906976973,709.1516010064655
1.8517441860465345,709.095608865223
1.8523255813953718,709.0395734823891
1.852906976744209,708.9837165345212
1.8534883720930464,708.9280254155256
1.8540697674418838,708.872621171082
1.854651162790721,708.8172420007297
1.8552325581395586,708.7618187360654
1.8558139534883957,708.7063508317441
1.8563953488372333,708.6508377439065
1.8569767441860705,708.595278904791
1.8575581395349077,708.5396737304233
1.8581395348837453,708.4840216264514
1.8587209302325824,708.4283219801531
1.85930232558142,708.3725741594993
1.8598837209302572,708.3167774998758
1.8604651162790948,708.2609313276145
1.861046511627932,708.20503499872
1.8616279069767692,708.1490877765502
1.8622093023256066,708.0930890099565
1.862790697674444,708.0370379447124
1.8633720930232813,707.9809338555975
1.8639534883721185,707.9247757961574
1.8645348837209559,707.8685630545554
1.8651162790697933,707.8122949078167
1.8656976744186304,707.7559705141481
1.866279069767468,707.6995890077022
1.8668604651163052,707.6507897552617
1.8674418604651428,707.6042006136023
1.86802325581398,707.5577239656275
1.8686046511628172,707.5111954464297
1.8691860465116548,707.4646142259921
1.869767441860492,707.417979445526
1.8703488372093295,707.3712902311564
1.8709302325581667,707.324545726323
1.871511627907004,707.2777450298765
1.8720930232558413,707.2308871755275
1.8726744186046786,707.1839712082581
1.873255813953516,707.1369961039705
1.8738372093023532,707.0901044123653
1.8744186046511908,707.0434633344165
1.875000000000028,706.9974300738503
1.8755813953488656,706.951335433362
1.8761627906977028,706.9051782418508
1.87674418604654,706.858957317954
1.8773255813953775,706.812671359929
1.8779069767442147,706.7663190380033
1.8784883720930523,706.7198989937899
1.8790697674418895,706.6734098038681
1.879651162790727,706.6268499843555
1.8802325581395642,706.5802179735009
1.8808139534884014,706.5335121443602
1.8813953488372388,706.4867308492061
1.8819767441860762,706.4398723420904
1.8825581395349136,706.392911139762
1.8831395348837507,706.3458370270196
1.8837209302325884,706.2986761421188
1.8843023255814255,706.2514288751051
1.8848837209302627,706.2040930216834
1.8854651162791003,706.1566662715204
1.8860465116279375,706.1091462029751
1.886627906976775,706.0615302717409
1.8872093023256122,706.0138157309966
1.8877906976744498,705.9659997236796
1.888372093023287,705.9180793012397
1.8889534883721242,705.8700514006298
1.8895348837209618,705.8219127015741
1.890116279069799,705.7736596872165
1.8906976744186363,705.7252886258767
1.8912790697674735,705.6767955518591
1.8918604651163111,705.6281762505537
1.8924418604651483,705.5794262314871
1.8930232558139855,705.5305407055711
1.893604651162823,705.4815145545488
1.8941860465116602,705.432342301238
1.8947674418604978,705.3830180729348
1.895348837209335,705.333535547488
1.8959302325581726,705.2838879175316
1.8965116279070098,705.2340678279559
1.897093023255847,705.1840673061753
1.8976744186046846,705.1338776362444
1.8982558139535217,705.0834893941706
1.8988372093023593,705.0328923225719
1.8994186046511965,704.9820751361598
1.9000000000000337,704.93102541367
1.900581395348871,704.8797294333995
1.9011627906977084,704.8281719862373
1.9017441860465458,704.7763361270434
1.902325581395383,704.7242028827577
1.9029069767442206,704.67175621895
1.9034883720930578,704.61899605872
1.904069767441895,704.5659171081574
1.9046511627907325,704.512513917268
1.9052325581395697,704.4587808750744
1.9058139534884073,704.4047122020229
1.9063953488372445,704.3503019497144
1.906976744186082,704.2955439831528
1.9075581395349193,704.2404319819673
1.9081395348837564,704.184959546377
1.908720930232594,704.1291200588867
1.9093023255814312,704.0729067780132
1.9098837209302686,704.0163128116453
1.9104651162791058,703.9593310533712
1.9110465116279434,703.9019541704372
1.9116279069767805,703.8441745960278
1.9122093023256177,703.7859845244985
1.9127906976744553,703.7273758952265
1.9133720930232925,703.6683403727615
1.91395348837213,703.608869334644
1.9145348837209673,703.5489538573545
1.9151162790698049,703.4885847013094
1.915697674418642,703.4277522951933
1.9162790697674792,703.3664467178996
1.9168604651163168,703.3046576817792
1.917441860465154,703.2423745145394
1.9180232558139916,703.1795861399027
1.9186046511628287,703.1162809915493
1.9191860465116661,703.0524465786755
1.9197674418605033,702.9880709253397
1.9203488372093407,702.923141141026
1.920930232558178,702.8576436818324
1.9215116279070152,702.7915391479845
1.9220930232558529,702.7248367085322
1.92267441860469,702.6575213892728
1.9232558139535276,702.5923300992382
1.9238372093023648,702.5325789189664
1.924418604651202,702.472902976183
1.9250000000000396,702.4133453847749
1.9255813953488767,702.3532592342787
1.9261627906977143,702.2896256579402
1.9267441860465515,702.2240496153971
1.927325581395389,702.1584496960943
1.9279069767442263,702.0928256914644
1.9284883720930635,702.0271773896077
1.9290697674419008,701.9615045750157
1.929651162790738,701.8958070285233
1.9302325581395756,701.8300845272012
1.9308139534884128,701.7643365001627
1.93139534883725,701.6985630397896
1.9319767441860876,701.6327645201557
1.9325581395349247,701.5669402557148
1.9331395348837623,701.5010904308119
1.9337209302325995,701.4352143099687
1.934302325581437,701.3693121230123
1.9348837209302743,701.3033831455234
1.9354651162791114,701.2374276198204
1.936046511627949,701.1714448489918
1.9366279069767862,701.1054349077417
1.9372093023256238,701.0393971649638
1.937790697674461,700.9742920095297
1.9383720930232984,700.9097828879796
1.9389534883721355,700.8452471106708
1.939534883720973,700.7806831668695
1.9401162790698103,700.7160907725821
1.9406976744186475,700.651469628218
1.941279069767485,700.5868194281768
1.9418604651163223,700.5221398606179
1.9424418604651599,700.4574306062648
1.943023255813997,700.3926913340375
1.9436046511628342,700.3279217134306
1.9441860465116718,700.2631214067937
1.944767441860509,700.1983262831287
1.9453488372093466,700.1345140087127
1.9459302325581838,700.0715081832885
1.9465116279070211,700.008553396406
1.9470930232558585,699.9455712163913
1.9476744186046957,699.8825440709672
1.948255813953533,699.8194426081117
1.9488372093023703,699.756311036856
1.9494186046512079,699.6931489836425
1.950000000000045,699.6299560654884
1.9505813953488826,699.5667318897131
1.9511627906977198,699.50347605357
1.951744186046557,699.4401881442684
1.9523255813953946,699.3768677382533
1.9529069767442317,699.3135144003727
1.9534883720930694,699.250127684003
1.9540697674419065,699.1867071305267
1.9546511627907441,699.1232522684653
1.9552325581395813,699.0597626128335
1.9558139534884185,698.9962189575103
1.956395348837256,698.9326175831403
1.9569767441860932,698.8689785440185
1.9575581395349306,698.8052879680781
1.9581395348837678,698.7415267501187
1.9587209302326054,698.6777246847437
1.9593023255814426,698.6138813054888
1.9598837209302797,698.5499959900774
1.9604651162791173,698.4860680979161
1.9610465116279545,698.4220969629164
1.9616279069767921,698.3580818991925
1.9622093023256293,698.294022199722
1.962790697674467,698.229917132133
1.963372093023304,698.1657659380498
1.9639534883721412,698.1015678337818
1.9645348837209788,698.0373220082042
1.965116279069816,697.973027621356
1.9656976744186534,697.9086838021154
1.9662790697674908,697.8442896460391
1.966860465116328,697.7798442144924
1.9674418604651653,697.7153465328036
1.9680232558140025,697.6507955873625
1.9686046511628401,697.5862280692489
1.9691860465116773,697.521802981418
1.969767441860515,697.4573216370677
1.970348837209352,697.3927828501613
1.9709302325581892,697.3281871401741
1.9715116279070268,697.2635316623235
1.972093023255864,697.1988148680468
1.9726744186047016,697.1340353429582
1.9732558139535388,697.0691916072042
1.9738372093023764,697.0042821112021
1.9744186046512135,696.9393052247659
1.9750000000000507,696.8742592345706
1.9755813953488883,696.809142337515
1.9761627906977255,696.7439526339028
1.9767441860465629,696.6786881204296
1.9773255813954,696.6133373480498
1.9779069767442377,696.547898394347
1.9784883720930748,696.4823784171235
1.979069767441912,696.4167748511722
1.9796511627907496,696.3510850485084
1.9802325581395868,696.2853081488782
1.9808139534884244,696.2213527969041
1.9813953488372615,696.1584184778974
1.9819767441860991,696.095377079023
1.9825581395349363,696.0322241615348
1.9831395348837735,695.9692641433215
1.983720930232611,695.9063221529423
1.9843023255814483,695.8432539842483
1.9848837209302856,695.7800535137995
1.985465116279123,695.7167140363493
1.9860465116279604,695.65322817191
1.9866279069767976,695.5895877624521
1.9872093023256348,695.5257837575682
1.9877906976744724,695.4618060624059
1.9883720930233095,695.398058952901
1.9889534883721471,695.3346615560424
1.9895348837209843,695.2710586988464
1.990116279069822,695.2072348557991
1.990697674418659,695.143172198642
1.9912790697674962,695.0800493151073
1.9918604651163339,695.0174791943689
1.992441860465171,694.9546540461105
1.9930232558140086,694.8915669146924
1.9936046511628458,694.8282105546272
1.9941860465116832,694.7645773038138
1.9947674418605206,694.7006591325827
1.9953488372093577,694.6387606542424
1.9959302325581951,694.5782336979082
1.9965116279070323,694.5173983373704
1.99709302325587,694.456244626112
1.997674418604707,694.3947620054989
1.9982558139535442,694.332939235928
1.9988372093023818,694.2707643310655
1.999418604651219,694.2082244822112
2.0000000000000564,694.1453059695666
2.0005813953488936,694.0821891404177
2.001162790697731,694.0244184084642
2.0017441860465683,693.9665289345243
2.0023255813954055,693.9081754374287
2.002906976744243,693.8493352646996
2.0034883720930803,693.7899835553103
2.004069767441918,693.7300928854285
2.004651162790755,693.6696328690251
2.0052325581395927,693.6085696405538
2.00581395348843,693.546872967215
2.006395348837267,693.4828961591425
2.0069767441861046,693.4168178923286
2.0075581395349418,693.3503661087714
2.0081395348837794,693.2835340452888
2.0087209302326166,693.2165492027542
2.009302325581454,693.1513034725401
2.0098837209302913,693.0872632396078
2.0104651162791285,693.0228298881248
2.011046511627966,692.9579741817398
2.0116279069768033,692.8926863736638
2.012209302325641,692.8269563265322
2.012790697674478,692.7607734880163
2.0133720930233157,692.6941268687387
2.013953488372153,692.6270050161899
2.01453488372099,692.5593959889444
2.0151162790698276,692.4912873238327
2.0156976744186648,692.4255720461368
2.0162790697675024,692.3610852671002
2.0168604651163395,692.296080673495
2.0174418604651767,692.2305442400075
2.0180232558140143,692.1644612755332
2.0186046511628515,692.0978163979936
2.0191860465116886,692.0313057025044
2.019767441860526,691.9645368221103
2.0203488372093634,691.8971580483446
2.0209302325582006,691.828261300625
2.021511627907038,691.7587484416001
2.0220930232558754,691.6878638598828
2.0226744186047125,691.6162362318706
2.02325581395355,691.543362724729
2.0238372093023873,691.4696805226716
2.024418604651225,691.3971724602518
2.025000000000062,691.3281219339704
2.0255813953488997,691.2580734696306
2.026162790697737,691.1872861001317
2.026744186046574,691.1155781477191
2.0273255813954116,691.0432383364611
2.027906976744249,690.9707846684561
2.0284883720930864,690.898229482962
2.0290697674419236,690.8255726329543
2.0296511627907607,690.7528107513695
2.0302325581395984,690.6796046874961
2.0308139534884355,690.606029879345
2.031395348837273,690.5323139841971
2.0319767441861103,690.4584524162444
2.032558139534948,690.3844403922368
2.033139534883785,690.3102726660999
2.0337209302326222,690.2359436306988
2.03430232558146,690.1614472494311
2.034883720930297,690.086777002197
2.0354651162791346,690.0119258328236
2.036046511627972,689.9389907278437
2.036627906976809,689.8664241621657
2.0372093023256466,689.795176553305
2.0377906976744837,689.7246831711367
2.038372093023321,689.6549555399585
2.038953488372158,689.5862454729256
2.0395348837209957,689.5178865847572
2.040116279069833,689.450830527577
2.0406976744186704,689.3837859417193
2.0412790697675076,689.3181811630473
2.041860465116345,689.2523315534226
2.0424418604651824,689.1861979687776
2.0430232558140196,689.1197600728989
2.043604651162857,689.0530133410989
2.0441860465116943,688.9859480814152
2.044767441860532,688.9185529002199
2.045348837209369,688.8508156072261
2.0459302325582063,688.7827284045945
2.046511627907044,688.7142829942113
2.047093023255881,688.6454702874489
2.0476744186047187,688.5772034508767
2.048255813953556,688.5157648812884
2.0488372093023934,688.457156220528
2.0494186046512306,688.3981779464949
2.0500000000000678,688.3388222027121
2.0505813953489054,688.2790812669567
2.0511627906977425,688.2189470000862
2.05174418604658,688.158410989848
2.0523255813954173,688.0974645326785
2.052906976744255,688.0360986114015
2.053488372093092,687.974303855296
2.0540697674419293,687.9120705308269
2.054651162790767,687.8493885101341
2.055232558139604,687.7862472468059
2.055813953488441,687.7226357423913
2.056395348837279,687.6585425280722
2.056976744186116,687.5966547869494
2.057558139534953,687.5375411500603
2.0581395348837903,687.4778786203516
2.058720930232628,687.4172260635064
2.059302325581465,687.3561435531886
2.0598837209303027,687.2945969861389
2.06046511627914,687.2325181565553
2.0610465116279775,687.1690975916731
2.0616279069768146,687.1047447701226
2.062209302325652,687.0398266248703
2.0627906976744894,686.9740263148482
2.0633720930233266,686.9070007237566
2.063953488372164,686.8395136226053
2.0645348837210014,686.7715570740887
2.0651162790698385,686.7020622184875
2.065697674418676,686.6326702349696
2.0662790697675133,686.5644020811208
2.066860465116351,686.4950389522252
2.067441860465188,686.4257945333112
2.0680232558140257,686.3575406209727
2.068604651162863,686.2886517799649
2.0691860465117,686.2198708008782
2.0697674418605376,686.1519732319204
2.070348837209375,686.0839832370664
2.0709302325582124,686.017058726888
2.0715116279070496,685.9507914934143
2.072093023255887,685.8844315300117
2.0726744186047243,685.8191590085441
2.0732558139535615,685.7544373810622
2.073837209302399,685.6896226557842
2.0744186046512363,685.6258005177149
2.0750000000000735,685.5625370779572
2.075581395348911,685.4991801030966
2.0761627906977482,685.4357291656096
2.0767441860465854,685.3721838345923
2.0773255813954226,685.308543675756
2.07790697674426,685.244808251363
2.0784883720930973,685.1809771201947
2.079069767441935,685.1170498375085
2.079651162790772,685.053025954997
2.0802325581396097,684.9894120877206
2.080813953488447,684.9265279659892
2.081395348837284,684.8636174460905
2.0819767441861217,684.8008660725362
2.082558139534959,684.7379974681959
2.0831395348837964,684.6750138482274
2.0837209302326336,684.6119343657069
2.084302325581471,684.5487585751137
2.0848837209303084,684.4854860273314
2.0854651162791455,684.4221162690267
2.086046511627983,684.358648844343
2.0866279069768203,684.2950832932028
2.087209302325658,684.2314191517314
2.087790697674495,684.167655952247
2.0883720930233327,684.1037932231117
2.08895348837217,684.039830488927
2.089534883721007,683.9757672703981
2.0901162790698447,683.9120785526895
2.090697674418682,683.8489119467674
2.0912790697675194,683.7856456105558
2.0918604651163566,683.7222790577626
2.092441860465194,683.6588117979788
2.0930232558140314,683.5952433366234
2.0936046511628685,683.5315731733104
2.0941860465117057,683.4678008062881
2.0947674418605433,683.4039257283505
2.0953488372093805,683.3399474277052
2.0959302325582176,683.275865387994
2.096511627907055,683.211679088557
2.0970930232558924,683.1473880041373
2.0976744186047296,683.0829916048305
2.098255813953567,683.0184893560562
2.0988372093024044,682.9538807185005
2.099418604651242,682.8891651480562
2.100000000000079,682.8243420957562
2.1005813953489163,682.7594110077147
2.101162790697754,682.6943713250581
2.101744186046591,682.6292224838609
2.1023255813954287,682.5639639150794
2.102906976744266,682.4985950444824
2.1034883720931035,682.4334210107336
2.1040697674419406,682.3681894084756
2.104651162790778,682.3028461969333
2.1052325581396154,682.2373907812347
2.1058139534884526,682.1718225625838
2.10639534883729,682.1061409375851
2.1069767441861273,682.0403452973756
2.107558139534965,681.9744350263057
2.108139534883802,681.9084024571237
2.1087209302326393,681.8422321442699
2.109302325581477,681.7759443449467
2.109883720930314,681.7095384153065
2.1104651162791517,681.6430081958603
2.111046511627989,681.5763320705317
2.1116279069768265,681.5095348519964
2.1122093023256636,681.442615866087
2.112790697674501,681.3755744320428
2.113372093023338,681.3084098624189
2.1139534883721756,681.2411214629897
2.1145348837210127,681.1740601613313
2.11511627906985,681.1068826589341
2.1156976744186875,681.0395796641399
2.1162790697675247,680.9721504574368
2.116860465116362,680.9045943120506
2.1174418604651994,680.83691049384
2.1180232558140366,680.7690922612248
2.118604651162874,680.7008320651105
2.1191860465117114,680.6324856699517
2.119767441860549,680.5640526554994
2.120348837209386,680.4955325978892
2.1209302325582233,680.4269250692029
2.121511627907061,680.3582296370878
2.122093023255898,680.289445868102
2.1226744186047357,680.2205733234562
2.123255813953573,680.151619336056
2.1238372093024105,680.0832272478646
2.1244186046512477,680.0147465576895
2.125000000000085,679.9461768186952
2.1255813953489224,679.8775175800582
2.1261627906977596,679.8087683869152
2.126744186046597,679.7399287803086
2.1273255813954344,679.6709982971331
2.1279069767442715,679.6019764700803
2.128488372093109,679.5328628275811
2.1290697674419463,679.4636568937486
2.129651162790784,679.3943581883201
2.130232558139621,679.3249662265962
2.1308139534884587,679.2554805193805
2.131395348837296,679.1859005728927
2.131976744186133,679.1162258886671
2.13255813953497,679.0466253849544
2.133139534883808,678.978104445201
2.133720930232645,678.909990467782
2.134302325581482,678.8417807924947
2.1348837209303198,678.7734749047532
2.135465116279157,678.7050722850438
2.136046511627994,678.6365724088528
2.1366279069768317,678.5679747465972
2.137209302325669,678.4992787635512
2.1377906976745065,678.4304839194823
2.1383720930233436,678.3615896694157
2.1389534883721812,678.2925954627818
2.1395348837210184,678.2235007250746
2.1401162790698556,678.1573347525658
2.140697674418693,678.0967284840531
2.1412790697675304,678.0397211073927
2.141860465116368,677.9828551747803
2.142441860465205,677.9269761348502
2.1430232558140427,677.8710040976916
2.14360465116288,677.814938543442
2.144186046511717,677.7589443207669
2.1447674418605547,677.7042536682479
2.145348837209392,677.6510266312343
2.1459302325582295,677.5988110678079
2.1465116279070666,677.5465006943459
2.1470930232559042,677.4940934538688
2.1476744186047414,677.4429287024617
2.1482558139535786,677.3935889605274
2.148837209302416,677.3441534130903
2.1494186046512533,677.2946215091613
2.150000000000091,677.2446738306858
2.150581395348928,677.1943836670092
2.1511627906977653,677.1441297322516
2.1517441860466024,677.0938004678874
2.15232558139544,677.042883507551
2.1529069767442772,676.992238869197
2.1534883720931144,676.9418049320765
2.154069767441952,676.8913154773145
2.154651162790789,676.8407703049681
2.1552325581396268,676.7901692172904
2.155813953488464,676.73951201342
2.156395348837301,676.688798488409
2.1569767441861387,676.6380284429031
2.157558139534976,676.5872016756266
2.1581395348838135,676.5363179797314
2.1587209302326507,676.4859069541601
2.1593023255814883,676.4361809360685
2.1598837209303254,676.3880799258457
2.1604651162791626,676.3407937028807
2.161046511628,676.2951652569288
2.1616279069768374,676.2502049674966
2.162209302325675,676.2065248832572
2.162790697674512,676.1628526977605
2.1633720930233493,676.1200938292582
2.163953488372187,676.0773575876184
2.164534883721024,676.035488891661
2.1651162790698617,675.9936278005403
2.165697674418699,675.95261688125
2.1662790697675365,675.9115493831699
2.1668604651163736,675.8704250965183
2.167441860465211,675.8292438100877
2.1680232558140484,675.7880053108207
2.1686046511628856,675.7467092920272
2.169186046511723,675.705538746463
2.1697674418605604,675.6644830773891
2.1703488372093975,675.6233694111775
2.1709302325582347,675.58219766319
2.1715116279070723,675.5409676130761
2.1720930232559095,675.4996790390275
2.1726744186047466,675.4583317176902
2.1732558139535842,675.4169254242036
2.1738372093024214,675.375459932202
2.174418604651259,675.3339350138659
2.175000000000096,675.2923504397774
2.1755813953489334,675.2506785581692
2.176162790697771,675.2089310958139
2.176744186046608,675.1671220961268
2.1773255813954457,675.1252513179994
2.177906976744283,675.0833185208886
2.1784883720931205,675.0413234516468
2.1790697674419577,674.9992658651396
2.179651162790795,674.957475431074
2.1802325581396325,674.9156371519451
2.1808139534884696,674.8737186419224
2.1813953488373072,674.8332672714602
2.1819767441861444,674.7967113189225
2.182558139534982,674.7600829924805
2.183139534883819,674.7233924724939
2.1837209302326563,674.6866395118186
2.184302325581494,674.6507136575306
2.184883720930331,674.6147257429732
2.1854651162791687,674.5786749085993
2.186046511628006,674.543460219746
2.1866279069768435,674.5095423771257
2.1872093023256807,674.4756267769592
2.187790697674518,674.4416529094709
2.1883720930233554,674.407620591035
2.1889534883721926,674.3735295838146
2.18953488372103,674.3393643412128
2.190116279069867,674.3051356462083
2.1906976744187046,674.2708481648355
2.1912790697675417,674.2365016514892
2.191860465116379,674.2027221896509
2.1924418604652165,674.1725651986585
2.1930232558140537,674.1421810675757
2.1936046511628913,674.1114326810557
2.1941860465117284,674.0806002832358
2.1947674418605656,674.0504960250236
2.195348837209403,674.0206595654009
2.1959302325582404,673.9907376790688
2.196511627907078,673.9614056026816
2.197093023255915,673.9324351142233
2.1976744186047528,673.9033777328715
2.19825581395359,673.8747269035892
2.198837209302427,673.8465811588535
2.1994186046512647,673.818347015882
2.200000000000102,673.7935635227831
2.2005813953489395,673.7715399744526
2.2011627906977767,673.7494306524911
2.2017441860466143,673.7272351611194
2.2023255813954514,673.7058754247317
2.2029069767442886,673.6844383733968
2.203488372093126,673.6629555362988
2.2040697674419634,673.6419859223294
2.204651162790801,673.6212523782692
2.205232558139638,673.6004120795191
2.2058139534884758,673.579464571882
2.206395348837313,673.558409389071
2.20697674418615,673.5372460562232
2.2075581395349877,673.5159740929357
2.208139534883825,673.494593024878
2.208720930232662,673.4731023798827
2.209302325581499,673.4515016709242
2.209883720930337,673.4297903935465
2.210465116279174,673.407959051051
2.211046511628011,673.3858044117617
2.2116279069768487,673.363275064753
2.212209302325686,673.3406088442182
2.2127906976745235,673.3178064221253
2.2133720930233607,673.294867158543
2.2139534883721983,673.2717904015856
2.2145348837210355,673.2485754938808
2.2151162790698726,673.2256357053221
2.2156976744187102,673.2068245133083
2.2162790697675474,673.1882610305622
2.216860465116385,673.1697482357137
2.217441860465222,673.1510918778541
2.21802325581406,673.1322906063472
2.218604651162897,673.1133548388698
2.219186046511734,673.0942869534678
2.2197674418605717,673.0750863227979
2.220348837209409,673.0557523142043
2.2209302325582465,673.0362842896523
2.2215116279070837,673.0166816056623
2.2220930232559213,672.9973076224776
2.2226744186047585,672.9778992137519
2.2232558139535956,672.9583554541159
2.2238372093024332,672.9386756843982
2.2244186046512704,672.9188592396869
2.225000000000108,672.8989054492579
2.225581395348945,672.879476981891
2.2261627906977823,672.8599389736736
2.22674418604662,672.8400190969926
2.227325581395457,672.8198149805356
2.2279069767442943,672.7995526718295
2.2284883720931314,672.7794359605269
2.229069767441969,672.7623531668978
2.229651162790806,672.7475167246292
2.2302325581396434,672.734636724671
2.230813953488481,672.7216012159032
2.231395348837318,672.7085638654744
2.2319767441861558,672.6955051801273
2.232558139534993,672.6822856680969
2.2331395348838305,672.668904451885
2.2337209302326677,672.6553606455808
2.234302325581505,672.6416900958214
2.2348837209303425,672.6281658255117
2.2354651162791797,672.6144770912576
2.2360465116280173,672.6006229768808
2.2366279069768544,672.5866025572357
2.237209302325692,672.5730405154576
2.237790697674529,672.5593317294912
2.2383720930233664,672.5454573192513
2.238953488372204,672.5314163481441
2.239534883721041,672.5172078827663
2.2401162790698788,672.5026681075823
2.240697674418716,672.4876764177442
2.2412790697675535,672.4725219051466
2.2418604651163907,672.4573068691662
2.242441860465228,672.4418891518603
2.2430232558140655,672.4262676277011
2.2436046511629026,672.4104411600148
2.2441860465117403,672.3944086007859
2.2447674418605774,672.3790621967726
2.2453488372094146,672.3639733431697
2.245930232558252,672.349017509023
2.2465116279070894,672.3341749659628
2.2470930232559265,672.3189531628943
2.2476744186047637,672.303328941618
2.2482558139536013,672.2874469402893
2.2488372093024385,672.271597338036
2.249418604651276,672.2556047660115
2.2500000000001132,672.2394751639011
2.2505813953489504,672.2232094383194
2.251162790697788,672.2068069904401
2.251744186046625,672.1902672166993
2.252325581395463,672.1735895087403
2.2529069767443,672.1567732533572
2.2534883720931376,672.1446478398087
2.2540697674419747,672.1327355791263
2.254651162790812,672.1206889468533
2.2552325581396495,672.1085073483888
2.2558139534884867,672.0961901843921
2.2563953488373243,672.0837357802434
2.2569767441861615,672.0711360722916
2.257558139534999,672.0583988129101
2.2581395348838362,672.0455233826311
2.2587209302326734,672.0325091569455
2.259302325581511,672.0193555062425
2.259883720930348,672.0060278175641
2.260465116279186,671.9925498459861
2.261046511628023,671.9789288517127
2.26162790697686,671.9651641789942
2.2622093023256977,671.9512551666203
2.262790697674535,671.9371607530322
2.2633720930233725,671.922587828525
2.2639534883722097,671.9078424287079
2.264534883721047,671.892920672904
2.2651162790698844,671.8778279666402
2.2656976744187216,671.8625634762144
2.2662790697675588,671.8471263606385
2.266860465116396,671.8316411669052
2.2674418604652335,671.8166437576854
2.2680232558140707,671.8016961064817
2.2686046511629083,671.7866843676413
2.2691860465117455,671.7714983987117
2.2697674418605827,671.7567811946589
2.2703488372094203,671.7418899628248
2.2709302325582574,671.7268238303451
2.271511627907095,671.7115758950821
2.272093023255932,671.6961474943648
2.27267441860477,671.680541355181
2.273255813953607,671.664756565201
2.273837209302444,671.6487922148999
2.2744186046512818,671.6326473829555
2.275000000000119,671.6163211380424
2.2755813953489565,671.5998125401155
2.2761627906977937,671.5831206402586
2.2767441860466313,671.5662444806062
2.2773255813954685,671.5491830942209
2.2779069767443056,671.5319355049629
2.2784883720931433,671.5174336570855
2.2790697674419804,671.504376450422
2.279651162790818,671.4911395619331
2.280232558139655,671.477712618821
2.280813953488493,671.4640968736177
2.28139534883733,671.4502996771221
2.281976744186167,671.4363200661559
2.2825581395350047,671.4221570681922
2.283139534883842,671.4078097012182
2.283720930232679,671.3932769735958
2.2843023255815167,671.378729638159
2.284883720930354,671.3643421907783
2.285465116279191,671.3495744826038
2.286046511628028,671.3347367685137
2.286627906976866,671.3197434397212
2.287209302325703,671.304372254087
2.2877906976745406,671.2888062245262
2.2883720930233777,671.2730712501976
2.2889534883722154,671.2571664718902
2.2895348837210525,671.2410910225593
2.2901162790698897,671.2248440272214
2.2906976744187273,671.2084246028459
2.2912790697675645,671.1918318582468
2.291860465116402,671.1750648939717
2.2924418604652392,671.1581228021871
2.2930232558140764,671.1410046665642
2.293604651162914,671.1237095621603
2.294186046511751,671.1062365553014
2.294767441860589,671.0885847034557
2.295348837209426,671.0707530551134
2.2959302325582636,671.0527406496586
2.2965116279071007,671.034546517239
2.297093023255938,671.0161696786352
2.2976744186047755,670.9976925199851
2.2982558139536127,670.9791056535838
2.2988372093024503,670.9603332642106
2.2994186046512874,670.9413743349386
2.300000000000125,670.9222278387887
2.300581395348962,670.9028927385812
2.3011627906977994,670.883367986786
2.301744186046637,670.8636525253677
2.302325581395474,670.8437452856293
2.3029069767443113,670.8236451880522
2.303488372093149,670.8033511421315
2.304069767441986,670.7827504386656
2.3046511627908233,670.7617672987116
2.3052325581396604,670.7406290672867
2.305813953488498,670.719335001109
2.306395348837335,670.6978843506578
2.306976744186173,670.6762402814117
2.30755813953501,670.6542725301379
2.3081395348838476,670.6321696182974
2.3087209302326848,670.6133860942595
2.309302325581522,670.5986218680447
2.3098837209303595,670.5837298002095
2.3104651162791967,670.5687093174837
2.3110465116280343,670.5535598420323
2.3116279069768715,670.5382807913954
2.312209302325709,670.522871578434
2.3127906976745463,670.5073316112754
2.3133720930233834,670.4916602932568
2.313953488372221,670.4758570228694
2.314534883721058,670.4599211936994
2.315116279069896,670.4438521943708
2.315697674418733,670.4276494084853
2.3162790697675706,670.4113122145612
2.3168604651164078,670.3948399859738
2.317441860465245,670.3782320908907
2.3180232558140825,670.3614878922102
2.3186046511629197,670.3443265750801
2.3191860465117573,670.3270378369787
2.3197674418605945,670.3096527007965
2.3203488372094316,670.2921707145905
2.3209302325582692,670.2745914270438
2.3215116279071064,670.2569143817816
2.3220930232559436,670.2391391180546
2.322674418604781,670.2212651712659
2.3232558139536184,670.2032920729243
2.3238372093024555,670.1852193505978
2.324418604651293,670.1670465278651
2.3250000000001303,670.1487731242674
2.3255813953489675,670.1303986552589
2.326162790697805,670.1119226321565
2.3267441860466422,670.0933445620891
2.32732558139548,670.0745831967253
2.327906976744317,670.0560235297525
2.328488372093154,670.03865749731
2.329069767441992,670.021182752612
2.329651162790829,670.003598764232
2.3302325581396666,669.9859049961233
2.3308139534885037,669.9685873356373
2.3313953488373413,669.9516600331999
2.3319767441861785,669.9348600705397
2.3325581395350157,669.917947852313
2.3331395348838533,669.9009228149931
2.3337209302326904,669.8837843900174
2.334302325581528,669.8665320037182
2.3348837209303652,669.8491650772639
2.335465116279203,669.8316830265719
2.33604651162804,669.8140852622884
2.336627906976877,669.7963711896697
2.3372093023257148,669.7801924488485
2.337790697674552,669.7660467250593
2.3383720930233896,669.7535354814767
2.3389534883722267,669.7424815607343
2.339534883721064,669.731306513634
2.3401162790699015,669.7200096869472
2.3406976744187387,669.7085904211604
2.341279069767576,669.6970480503883
2.3418604651164134,669.6853955764342
2.3424418604652506,669.6763562900263
2.3430232558140878,669.6677707907692
2.3436046511629254,669.6590619107328
2.3441860465117625,669.6502289658404
2.3447674418605997,669.641271265258
2.3453488372094373,669.6319481310423
2.3459302325582745,669.6223842132017
2.346511627907112,669.6127357626752
2.3470930232559493,669.6027928293116
2.347674418604787,669.5925458201243
2.348255813953624,669.5821872710496
2.348837209302461,669.5717166549741
2.349418604651299,669.5663707062588
2.350000000000136,669.569568986969
2.3505813953489736,669.5726671856286
2.3511627906978108,669.5756648435768
2.3517441860466484,669.5785614980441
2.3523255813954855,669.5813566821154
2.3529069767443227,669.5840499246718
2.3534883720931603,669.5866407503358
2.3540697674419975,669.5893003878679
2.354651162790835,669.5922089395358
2.3552325581396722,669.5950147677639
2.35581395348851,669.5977173848032
2.356395348837347,669.600316298388
2.356976744186184,669.6028110116528
2.357558139535022,669.6086057519193
2.358139534883859,669.6147290600284
2.358720930232696,669.6207481096328
2.3593023255815337,669.6266623973339
2.359883720930371,669.632471414951
2.360465116279208,669.6380137875236
2.3610465116280457,669.6433518488293
2.361627906976883,669.6486186260215
2.36220930232572,669.6538138726257
2.3627906976745576,669.6589373405807
2.363372093023395,669.6639887802222
2.363953488372232,669.6689679402695
2.3645348837210696,669.6738898780643
2.3651162790699067,669.6789126554277
2.3656976744187443,669.6838625551871
2.3662790697675815,669.6887393200153
2.366860465116419,669.6935426828609
2.3674418604652563,669.6981044481763
2.3680232558140935,669.7024989066099
2.368604651162931,669.7066634906344
2.3691860465117682,669.7105884895751
2.369767441860606,669.7144146670565
2.370348837209443,669.718141665822
2.3709302325582806,669.7217671476238
2.371511627907118,669.7252921036345
2.372093023255955,669.7287168000283
2.3726744186047926,669.7320408456304
2.3732558139536297,669.7352638832787
2.3738372093024673,669.7383855530464
2.3744186046513045,669.7414054806012
2.375000000000142,669.744323288771
2.3755813953489793,669.7471201569438
2.3761627906978164,669.7497991953923
2.376744186046654,669.7523740595475
2.377325581395491,669.7548443576727
2.3779069767443284,669.7572096953702
2.378488372093166,669.7594696754865
2.379069767442003,669.7616238981053
2.3796511627908403,669.7636719605201
2.380232558139678,669.7656134455035
2.380813953488515,669.7674479559805
2.3813953488373523,669.7691750811886
2.38197674418619,669.7707944069554
2.382558139535027,669.7723043762176
2.3831395348838647,669.7737026105515
2.383720930232702,669.7777747570798
2.384302325581539,669.7830815415352
2.3848837209303766,669.7880100663805
2.3854651162792138,669.792863730366
2.3860465116280514,669.7976428628034
2.3866279069768885,669.8023538599218
2.387209302325726,669.8069965092839
2.3877906976745633,669.8115705972612
2.3883720930234005,669.8162359665929
2.388953488372238,669.8208751496536
2.3895348837210753,669.825892344649
2.390116279069913,669.8332542034195
2.39069767441875,669.8405376164692
2.391279069767587,669.8477526427421
2.391860465116425,669.8548990650817
2.392441860465262,669.8619766650775
2.3930232558140996,669.8687089205769
2.3936046511629367,669.8753472605487
2.3941860465117744,669.8818977861719
2.3947674418606115,669.8883602032732
2.3953488372094487,669.8947342808239
2.3959302325582863,669.9010198794997
2.3965116279071235,669.907216706079
2.3970930232559606,669.9133244655739
2.3976744186047982,669.9226586758433
2.3982558139536354,669.9322695075142
2.3988372093024726,669.9417957182092
2.39941860465131,669.9512369478017
2.4000000000001473,669.9605929446014
2.4005813953489845,669.9698634208065
2.401162790697822,669.9790480151676
2.4017441860466593,669.988146646816
2.402325581395497,669.9971590699649
2.402906976744334,670.0060849967883
2.4034883720931712,670.0149241375127
2.404069767442009,670.0236761407674
2.404651162790846,670.0323406950085
2.4052325581396836,670.0409175818917
2.405813953488521,670.0494065033455
2.4063953488373584,670.0578071590721
2.4069767441861956,670.0658882161946
2.4075581395350327,670.0738502016105
2.4081395348838703,670.0817497415503
2.4087209302327075,670.0899837720755
2.409302325581545,670.0981134606673
2.4098837209303823,670.1061384158963
2.41046511627922,670.114058191435
2.411046511628057,670.1218723818874
2.411627906976894,670.1295804460717
2.412209302325732,670.1371818382801
2.412790697674569,670.14467609508
2.4133720930234066,670.1520628390635
2.4139534883722438,670.159338063953
2.414534883721081,670.1665032012216
2.4151162790699185,670.1735595607045
2.4156976744187557,670.1805070699315
2.416279069767593,670.187345290335
2.4168604651164305,670.1940737776915
2.4174418604652677,670.2006919733794
2.418023255814105,670.2077055529253
2.4186046511629424,670.2146209896034
2.4191860465117796,670.2214262008795
2.4197674418606168,670.2281206325429
2.4203488372094544,670.2347036438792
2.4209302325582915,670.2411749968867
2.421511627907129,670.2475341959904
2.4220930232559663,670.2537807363947
2.422674418604804,670.2599139933446
2.423255813953641,670.2659323450172
2.4238372093024783,670.2718623565411
2.424418604651316,670.2781319797979
2.425000000000153,670.2842877487788
2.4255813953489906,670.2903210815863
2.426162790697828,670.2962154364857
2.426744186046665,670.301994230093
2.4273255813955026,670.3076568538139
2.4279069767443398,670.3132026823602
2.4284883720931774,670.3186296229184
2.4290697674420145,670.3239373426296
2.429651162790852,670.3290776366705
2.4302325581396893,670.3340716358682
2.4308139534885265,670.3389376780232
2.431395348837364,670.3436754557625
2.4319767441862012,670.348291112791
2.432558139535039,670.3531841024661
2.433139534883876,670.3580498687481
2.433720930232713,670.3627931243394
2.434302325581551,670.3674130009198
2.434883720930388,670.3730891838159
2.435465116279225,670.3789709305117
2.4360465116280627,670.3847267436026
2.4366279069769,670.3903545111358
2.437209302325737,670.3958534372188
2.4377906976745747,670.4012119204633
2.438372093023412,670.4064401816153
2.438953488372249,670.4115369894957
2.4395348837210866,670.4165010549043
2.440116279069924,670.4213310265466
2.4406976744187614,670.426016964609
2.4412790697675986,670.4305629593005
2.441860465116436,670.4349704906462
2.4424418604652733,670.4392379092673
2.4430232558141105,670.4433634796468
2.443604651162948,670.4473453724321
2.4441860465117853,670.4511572675162
2.444767441860623,670.4548089767302
2.44534883720946,670.4583127019687
2.4459302325582977,670.4616662049103
2.446511627907135,670.4648670937835
2.447093023255972,670.4679128393589
2.4476744186048096,670.4708007672087
2.4482558139536468,670.4738701423228
2.4488372093024844,670.4769585159166
2.4494186046513216,670.4801777250452
2.450000000000159,670.4834454509946
2.4505813953489963,670.4876417432354
2.4511627906978335,670.4944968745832
2.451744186046671,670.5013577295799
2.4523255813955083,670.5083448827191
2.4529069767443454,670.5152654569401
2.453488372093183,670.5223577923599
2.45406976744202,670.5293059071718
2.4546511627908574,670.5364831050883
2.455232558139695,670.5434568665537
2.455813953488532,670.5502229469139
2.4563953488373693,670.5567772857486
2.456976744186207,670.563116107353
2.457558139535044,670.5692360316574
2.4581395348838813,670.5751341928258
2.458720930232719,670.5808083168276
2.459302325581556,670.5861629474338
2.4598837209303936,670.5911816548676
2.460465116279231,670.5959611661225
2.4610465116280684,670.6004566221674
2.4616279069769056,670.6045132348578
2.4622093023257428,670.6082313331358
2.4627906976745804,670.6117634347604
2.4633720930234175,670.6151140066415
2.463953488372255,670.6182879698948
2.4645348837210923,670.6212905306209
2.46511627906993,670.6241258516851
2.465697674418767,670.6267977774979
2.4662790697676042,670.6293131168502
2.466860465116442,670.6316760554201
2.467441860465279,670.6338895056854
2.4680232558141166,670.6359380218656
2.468604651162954,670.6378412292811
2.4691860465117914,670.6400212572497
2.4697674418606286,670.6420908948119
2.4703488372094657,670.6440312390339
2.4709302325583034,670.6460242593467
2.4715116279071405,670.6482749876185
2.4720930232559777,670.6502802852485
2.4726744186048153,670.6522399385761
2.4732558139536525,670.6617092468342
2.4738372093024896,670.6788026007142
2.4744186046513272,670.701655123559
2.4750000000001644,670.7253711723657
2.4755813953490016,670.7512920123462
2.476162790697839,670.7771297559731
2.4767441860466763,670.8028834919487
2.477325581395514,670.8285521112319
2.477906976744351,670.8541343340297
2.4784883720931883,670.8796287038971
2.479069767442026,670.9050335860809
2.479651162790863,670.9303471639296
2.4802325581397007,670.9555674336556
2.480813953488538,670.9806921977618
2.4813953488373754,671.0057190557168
2.4819767441862126,671.0306453930217
2.48255813953505,671.0553163668429
2.4831395348838874,671.080015401319
2.4837209302327246,671.105239911435
2.484302325581562,671.1303397454737
2.4848837209303993,671.1553109271255
2.485465116279237,671.1801487771116
2.486046511628074,671.204847835588
2.4866279069769113,671.2294028661083
2.487209302325749,671.2538092542985
2.487790697674586,671.2780609344974
2.4883720930234237,671.3021002969774
2.488953488372261,671.325782700785
2.489534883721098,671.3492761371452
2.4901162790699356,671.3725811427695
2.4906976744187728,671.3960725789698
2.49127906976761,671.4193486230294
2.4918604651164475,671.4424064903571
2.4924418604652847,671.4652367979853
2.493023255814122,671.4880758033613
2.4936046511629595,671.5109247891013
2.4941860465117967,671.5335159576143
2.494767441860634,671.5558387009623
2.4953488372094714,671.5779605027708
2.4959302325583086,671.6002137106774
2.496511627907146,671.62216767508
2.4970930232559834,671.6439123833791
2.4976744186048205,671.6655128473101
2.498255813953658,671.6871724472005
2.4988372093024953,671.7085989865395
2.499418604651333,671.7296937936521
2.50000000000017,671.7502932085521
2.5005813953490077,671.7707527630913
2.501162790697845,671.7911895273377
2.501744186046682,671.8113261600952
2.5023255813955196,671.8311721787167
2.502906976744357,671.850739214457
2.5034883720931944,671.8705078883883
2.5040697674420316,671.8900239451907
2.504651162790869,671.9092972098733
2.5052325581397064,671.9304327910139
2.5058139534885435,671.952855905162
2.506395348837381,671.975092075097
2.5069767441862183,671.9971608788006
2.507558139535056,672.0191261107833
2.508139534883893,672.0435043403168
2.5087209302327307,672.0677568658152
2.509302325581568,672.0918932855534
2.509883720930405,672.1159221060981
2.510465116279242,672.1398507644843
2.51104651162808,672.1657349272841
2.511627906976917,672.1915947064035
2.512209302325754,672.2173756586741
2.5127906976745917,672.2430818421808
2.513372093023429,672.2687215201895
2.513953488372266,672.2955700845574
2.5145348837211037,672.3230423427167
2.515116279069941,672.3503945140131
2.5156976744187785,672.3776704865264
2.5162790697676156,672.4048931120417
2.5168604651164532,672.4320567705282
2.5174418604652904,672.4606444066034
2.5180232558141276,672.4892036304353
2.518604651162965,672.517694709195
2.5191860465118023,672.5461214724471
2.51976744186064,672.5745023955875
2.520348837209477,672.6028378423212
2.5209302325583147,672.6322988809229
2.521511627907152,672.6617588165666
2.522093023255989,672.6911739297267
2.5226744186048267,672.720509066614
2.523255813953664,672.7497995172112
2.5238372093025014,672.779045252088
2.5244186046513386,672.8082464089348
2.5250000000001758,672.8374030457367
2.5255813953490134,672.8665151958332
2.5261627906978505,672.8955677234687
2.526744186046688,672.9245523924781
2.5273255813955253,672.9534912566877
2.527906976744363,672.9823842071169
2.5284883720932,673.0112305429217
2.5290697674420373,673.0400304485172
2.5296511627908744,673.0687843080743
2.530232558139712,673.097458027715
2.530813953488549,673.1260757762525
2.5313953488373864,673.1547725115502
2.531976744186224,673.1834697579424
2.532558139535061,673.2121192237865
2.5331395348838983,673.2407206847397
2.533720930232736,673.2692573864254
2.534302325581573,673.2977223093812
2.5348837209304107,673.3261372763808
2.535465116279248,673.3545021555778
2.5360465116280855,673.3828168487479
2.5366279069769226,673.4110813440107
2.53720930232576,673.439292679351
2.5377906976745974,673.4674155247498
2.5383720930234346,673.4954863950653
2.538953488372272,673.5235051663103
2.5395348837211094,673.5514716856154
2.540116279069947,673.5793857982864
2.540697674418784,673.6072470226142
2.5412790697676213,673.6350551194076
2.541860465116459,673.6628103338464
2.542441860465296,673.6905125010638
2.5430232558141337,673.7181597959037
2.543604651162971,673.7457531661197
2.5441860465118085,673.7732930123167
2.5447674418606456,673.80077916243
2.545348837209483,673.8282083114404
2.5459302325583204,673.8555783219874
2.5465116279071576,673.8828889129164
2.547093023255995,673.910140893679
2.5476744186048323,673.937336732599
2.5482558139536695,673.9644681550386
2.5488372093025067,673.9915290915129
2.5494186046513443,674.018521575682
2.5500000000001815,674.0455947045396
2.5505813953490186,674.0726169375527
2.5511627906978562,674.0995836901427
2.5517441860466934,674.1264947759283
2.552325581395531,674.1533500064791
2.552906976744368,674.1801491913137
2.5534883720932053,674.2068921121642
2.554069767442043,674.2335785972317
2.55465116279088,674.2602084512102
2.5552325581397177,674.2867814741853
2.555813953488555,674.3132973273775
2.556395348837392,674.3397558160386
2.5569767441862297,674.3661568514073
2.557558139535067,674.3925002246425
2.5581395348839044,674.4187857190295
2.5587209302327416,674.4450130833877
2.559302325581579,674.4711820929609
2.5598837209304164,674.4972925049852
2.5604651162792536,674.5233440920426
2.561046511628091,674.5493366042788
2.5616279069769283,674.5752698364952
2.562209302325766,674.6011435338115
2.562790697674603,674.6269574336322
2.5633720930234407,674.6527112635606
2.563953488372278,674.6784047444161
2.564534883721115,674.7040375854067
2.5651162790699527,674.7296087012555
2.56569767441879,674.7551156686574
2.5662790697676274,674.7805583746045
2.5668604651164646,674.8059224997028
2.5674418604653018,674.8311912346514
2.568023255814139,674.8563785896062
2.5686046511629765,674.8815028188305
2.5691860465118137,674.9065634589434
2.569767441860651,674.9315570438617
2.5703488372094885,674.9564859236347
2.5709302325583256,674.9813495981698
2.5715116279071633,675.0061445879453
2.5720930232560004,675.0308703029071
2.5726744186048376,675.0555233903876
2.573255813953675,675.0800958540842
2.5738372093025124,675.1045848179272
2.57441860465135,675.1289923915128
2.575000000000187,675.153326100698
2.5755813953490247,675.1775867749619
2.576162790697862,675.2017222159727
2.576744186046699,675.2256649142433
2.5773255813955367,675.2495476144993
2.577906976744374,675.273368478759
2.5784883720932115,675.2971253761692
2.5790697674420486,675.3208158933166
2.5796511627908862,675.3444372887893
2.5802325581397234,675.3679864380474
2.5808139534885606,675.391459770268
2.581395348837398,675.4148531869458
2.5819767441862354,675.4381619684356
2.582558139535073,675.4613806587555
2.58313953488391,675.4845031752244
2.5837209302327477,675.5075293830147
2.584302325581585,675.5304427955354
2.584883720930422,675.5532309229986
2.5854651162792597,675.575885263531
2.586046511628097,675.5983961270222
2.586627906976934,675.6207418630208
2.587209302325771,675.6451149444521
2.587790697674609,675.6706684581036
2.588372093023446,675.695994733304
2.588953488372283,675.7210482656455
2.5895348837211207,675.7457948896822
2.590116279069958,675.7702432826477
2.5906976744187955,675.7943762331055
2.5912790697676327,675.8193403155731
2.59186046511647,675.8456340331468
2.5924418604653074,675.8716710939161
2.5930232558141446,675.8974794715193
2.593604651162982,675.9230926298807
2.5941860465118194,675.9485442109223
2.594767441860657,675.97386430958
2.595348837209494,675.9990774507833
2.5959302325583313,676.025679329562
2.596511627907169,676.0530099249069
2.597093023256006,676.0802536695383
2.5976744186048437,676.1074415463821
2.598255813953681,676.1345774675909
2.5988372093025185,676.1616642063369
2.5994186046513557,676.1886695852381
2.600000000000193,676.2155539141622
2.6005813953490304,676.2431905347834
2.6011627906978676,676.2719359578612
2.601744186046705,676.3006116902288
2.6023255813955424,676.3292490216256
2.60290697674438,676.35784761638
2.603488372093217,676.3864069409403
2.6040697674420543,676.4149264011182
2.604651162790892,676.4434054432041
2.605232558139729,676.4718433587739
2.6058139534885663,676.5013009803937
2.6063953488374034,676.5312263634839
2.606976744186241,676.5610931663024
2.607558139535078,676.5909136411026
2.6081395348839154,676.620686706557
2.608720930232753,676.6504112136594
2.60930232558159,676.6800859423372
2.6098837209304278,676.7097095974942
2.610465116279265,676.7392808045416
2.6110465116281025,676.7689591882627
2.6116279069769397,676.7996627244386
2.612209302325777,676.8302912714421
2.6127906976746145,676.8608590327382
2.6133720930234516,676.8913640425336
2.6139534883722892,676.921804205418
2.6145348837211264,676.9521772923167
2.615116279069964,676.9824809286126
2.615697674418801,677.0127125823293
2.6162790697676384,677.0428695649503
2.616860465116476,677.0729489104959
2.617441860465313,677.1029346159273
2.6180232558141507,677.1328185247811
2.618604651162988,677.1626138313275
2.6191860465118255,677.192316865424
2.6197674418606627,677.221923712783
2.6203488372095,677.2514301919779
2.6209302325583375,677.2808318692479
2.6215116279071746,677.310123879375
2.6220930232560122,677.3393011203852
2.6226744186048494,677.3683585672655
2.6232558139536866,677.3972818951963
2.623837209302524,677.4260535733996
2.6244186046513613,677.4546859060147
2.6250000000001985,677.4831728196763
2.6255813953490357,677.5115074280064
2.6261627906978733,677.5396826272205
2.6267441860467104,677.5676909628407
2.6273255813955476,677.5955246525921
2.6279069767443852,677.623175906557
2.6284883720932224,677.650636688994
2.62906976744206,677.6778987870343
2.629651162790897,677.7049541976507
2.6302325581397348,677.7317949740178
2.630813953488572,677.758413286118
2.631395348837409,677.7848018641349
2.6319767441862467,677.8109540191319
2.632558139535084,677.8368635672657
2.6331395348839215,677.8625253723952
2.6337209302327587,677.8879354872599
2.6343023255815963,677.9130895711396
2.6348837209304334,677.9379762979102
2.6354651162792706,677.962596248453
2.636046511628108,677.986950044481
2.6366279069769454,678.0110384629133
2.637209302325783,678.0348811836741
2.63779069767462,678.0584906390174
2.6383720930234578,678.0818717773716
2.638953488372295,678.1050293496828
2.639534883721132,678.1279740080292
2.6401162790699697,678.1507150221032
2.640697674418807,678.1732615461245
2.6412790697676445,678.1956227896317
2.6418604651164816,678.2178079738776
2.642441860465319,678.239826133025
2.6430232558141564,678.2616859412096
2.6436046511629936,678.2833955644019
2.6441860465118308,678.3049621173326
2.644767441860668,678.3263919168007
2.6453488372095055,678.3476915838593
2.6459302325583427,678.3688666692095
2.6465116279071803,678.3899216741942
2.6470930232560175,678.4108591935985
2.6476744186048546,678.4316826066271
2.6482558139536923,678.4523944981983
2.6488372093025294,678.472996223621
2.649418604651367,678.4934859823976
2.650000000000204,678.513865516119
2.650581395349042,678.5341354036057
2.651162790697879,678.5542949645561
2.651744186046716,678.574343031219
2.6523255813955537,678.5942781394225
2.652906976744391,678.6140985840702
2.6534883720932285,678.6338025118018
2.6540697674420657,678.6533879967363
2.654651162790903,678.6728528606037
2.6552325581397405,678.6921949683156
2.6558139534885776,678.7114115643176
2.6563953488374152,678.730500599723
2.6569767441862524,678.7494628628559
2.65755813953509,678.7682971223646
2.658139534883927,678.7870019882544
2.6587209302327643,678.8055774628981
2.659302325581602,678.8240239207998
2.659883720930439,678.8423420785639
2.6604651162792767,678.8605302127659
2.661046511628114,678.8785868916688
2.661627906976951,678.8965136838401
2.6622093023257887,678.9143099545776
2.662790697674626,678.9319738336412
2.663372093023463,678.9495051739814
2.6639534883723,678.9669013647117
2.664534883721138,678.9841604034633
2.665116279069975,679.001281036148
2.6656976744188126,679.0182574068883
2.6662790697676497,679.0350883063292
2.666860465116487,679.0517728176939
2.6674418604653245,679.0683077266491
2.6680232558141617,679.0846893200245
2.6686046511629993,679.1009131022596
2.6691860465118364,679.1169751571782
2.669767441860674,679.1328715615246
2.670348837209511,679.148599357108
2.6709302325583484,679.1641569743445
2.671511627907186,679.1795416324297
2.672093023256023,679.194751161995
2.6726744186048608,679.209786504962
2.673255813953698,679.2246471346533
2.6738372093025355,679.2393354406652
2.6744186046513727,679.253853891966
2.67500000000021,679.2682075872633
2.6755813953490475,679.2823975797564
2.6761627906978847,679.2964313589848
2.6767441860467223,679.3103131399188
2.6773255813955594,679.3240486800594
2.677906976744397,679.3376426601803
2.678488372093234,679.3510976217326
2.6790697674420714,679.3644184470046
2.679651162790909,679.37760895058
2.680232558139746,679.3906718490947
2.6808139534885833,679.4036091201638
2.681395348837421,679.4164219150082
2.681976744186258,679.4291103035376
2.6825581395350953,679.4416739595291
2.6831395348839324,679.4541096930615
2.68372093023277,679.4664160894881
2.684302325581607,679.478591760778
2.684883720930445,679.4906354009311
2.685465116279282,679.502544079833
2.6860465116281196,679.5143140116518
2.6866279069769567,679.5259382771253
2.687209302325794,679.5374142337882
2.6877906976746315,679.5487365906413
2.6883720930234687,679.5599006061793
2.6889534883723063,679.570899367911
2.6895348837211435,679.5817273540124
2.6901162790699806,679.5923905218502
2.6906976744188182,679.6028911570974
2.6912790697676554,679.6132321704031
2.691860465116493,679.6234134257287
2.69244186046533,679.6334319142977
2.693023255814168,679.6432947250591
2.693604651163005,679.6529997687966
2.694186046511842,679.6625446748725
2.6947674418606797,679.6719252219422
2.695348837209517,679.6811416258399
2.6959302325583545,679.6901915189709
2.6965116279071917,679.6990674964994
2.6970930232560293,679.7077670795818
2.6976744186048665,679.7162814229614
2.6982558139537036,679.7246052201693
2.6988372093025412,679.7327279529477
2.6994186046513784,679.7406444650945
2.7000000000002156,679.7483446389751
2.700581395349053,679.7558135442042
2.7011627906978903,679.7630426709987
2.7017441860467275,679.7700199959291
2.7023255813955647,679.7767282670229
2.7029069767444023,679.7831536238084
2.7034883720932394,679.7892830990094
2.704069767442077,679.7950988900993
2.704651162790914,679.8005819180147
2.705232558139752,679.805715641251
2.705813953488589,679.8104807971927
2.706395348837426,679.8148570284532
2.7069767441862638,679.8188229057007
2.707558139535101,679.8223559084001
2.7081395348839385,679.8254327829138
2.7087209302327757,679.8280173876498
2.7093023255816133,679.830079577281
2.7098837209304505,679.8316077442184
2.7104651162792877,679.8325717145224
2.7110465116281253,679.8329402378953
2.7116279069769624,679.8326791952695
2.7122093023258,679.831793508076
2.712790697674637,679.8303193124018
2.713372093023475,679.8282948557012
2.713953488372312,679.8257588627056
2.714534883721149,679.8227461134175
2.7151162790699868,679.8192900446552
2.715697674418824,679.8154223230179
2.7162790697676615,679.8111721202595
2.7168604651164987,679.8065647555272
2.7174418604653363,679.801624718399
2.7180232558141735,679.7963730492244
2.7186046511630106,679.7908284458033
2.719186046511848,679.7850097697681
2.7197674418606854,679.7789290542214
2.7203488372095226,679.7726019144437
2.7209302325583598,679.7660402891147
2.721511627907197,679.7592543666927
2.7220930232560345,679.7522512368301
2.7226744186048717,679.7450364628269
2.7232558139537093,679.7376148907696
2.7238372093025465,679.7299899997972
2.724418604651384,679.7221655757807
2.7250000000002212,679.7141425520399
2.7255813953490584,679.7059218004008
2.726162790697896,679.6975033172666
2.726744186046733,679.6888873070255
2.727325581395571,679.6800732942555
2.727906976744408,679.6710604617485
2.7284883720932456,679.6618508848331
2.7290697674420827,679.6524472813952
2.72965116279092,679.6428530335074
2.7302325581397575,679.6330720850842
2.7308139534885947,679.6231112736555
2.7313953488374323,679.6129782391426
2.7319767441862695,679.6026825563108
2.732558139535107,679.5922302231643
2.7331395348839442,679.5816348190561
2.7337209302327814,679.5709093547531
2.734302325581619,679.5600637236976
2.734883720930456,679.5491064609358
2.735465116279294,679.538050024276
2.736046511628131,679.5269042207278
2.7366279069769686,679.5156803414711
2.7372093023258057,679.504384048586
2.737790697674643,679.4930202307459
2.73837209302348,679.4815983088823
2.7389534883723177,679.4701254348236
2.739534883721155,679.4586084522515
2.740116279069992,679.4470515704905
2.7406976744188296,679.4354582322937
2.7412790697676668,679.4238313287408
2.741860465116504,679.4121739784675
2.7424418604653416,679.4004888963445
2.7430232558141787,679.3887752514026
2.7436046511630163,679.377036916994
2.7441860465118535,679.3652762814111
2.744767441860691,679.3534922603808
2.7453488372095283,679.3446266236199
2.7459302325583654,679.3384629265419
2.746511627907203,679.3322784244918
2.74709302325604,679.3260756570422
2.747674418604878,679.3198527654998
2.748255813953715,679.3136067826252
2.7488372093025526,679.3073432947257
2.7494186046513898,679.3010620116582
2.750000000000227,679.294764397469
2.7505813953490645,679.2884478549345
2.7511627906979017,679.282114714331
2.7517441860467393,679.2757653562155
2.7523255813955765,679.2693981213488
2.7529069767444136,679.2630119185209
2.7534883720932513,679.2566094604961
2.7540697674420884,679.2501910887609
2.754651162790926,679.243757019289
2.755232558139763,679.2373058747617
2.755813953488601,679.2308385487573
2.756395348837438,679.2243526921163
2.756976744186275,679.2178485550536
2.7575581395351123,679.211327067907
2.75813953488395,679.2047875319897
2.758720930232787,679.1982295458943
2.7593023255816242,679.1916545731488
2.759883720930462,679.1850615585843
2.760465116279299,679.1784500528223
2.761046511628136,679.1718185833208
2.761627906976974,679.1651683024395
2.762209302325811,679.1584991238633
2.7627906976746486,679.1518115665996
2.7633720930234857,679.1451053238192
2.7639534883723234,679.1383797496097
2.7645348837211605,679.1316345953593
2.7651162790699977,679.1248717418871
2.7656976744188353,679.118091024298
2.7662790697676725,679.1112905820913
2.76686046511651,679.1046981606491
2.7674418604653472,679.103220711551
2.768023255814185,679.1061958737675
2.768604651163022,679.1093033614422
2.769186046511859,679.1123918642733
2.769767441860697,679.115460999446
2.770348837209534,679.1185119948733
2.7709302325583716,679.1215446360355
2.7715116279072087,679.1245576178634
2.7720930232560463,679.1275512623613
2.7726744186048835,679.1305255222977
2.7732558139537207,679.1334795767053
2.7738372093025583,679.1369837499354
2.7744186046513954,679.1408010515878
2.775000000000233,679.1445961435518
2.7755813953490702,679.1483699365093
2.7761627906979074,679.1521242667467
2.7767441860467446,679.1558590389063
2.777325581395582,679.1595743578445
2.7779069767444193,679.1632702783257
2.7784883720932565,679.166946810182
2.779069767442094,679.170603836167
2.7796511627909313,679.174240405132
2.780232558139769,679.177856903783
2.780813953488606,679.1814541091218
2.781395348837443,679.1850319756346
2.781976744186281,679.1885904000418
2.782558139535118,679.1921286283142
2.7831395348839556,679.1956466491552
2.7837209302327928,679.1991454241198
2.7843023255816304,679.2026245556062
2.7848837209304675,679.2060841471816
2.7854651162793047,679.2095238185216
2.7860465116281423,679.2129438774035
2.7866279069769795,679.2163441709909
2.787209302325817,679.2197248866569
2.7877906976746543,679.2230851373608
2.7883720930234914,679.2264249917301
2.788953488372329,679.2297434981051
2.789534883721166,679.23304179617
2.790116279070004,679.2363203160012
2.790697674418841,679.2395783768682
2.7912790697676786,679.2428162312946
2.7918604651165158,679.2460335281678
2.792441860465353,679.2492302329833
2.7930232558141905,679.252406292333
2.7936046511630277,679.2555616588413
2.7941860465118653,679.2586960177122
2.7947674418607025,679.261809138032
2.7953488372095396,679.264900682864
2.795930232558377,679.2679707881454
2.7965116279072144,679.2710185791643
2.7970930232560516,679.2740447210646
2.7976744186048887,679.2770489760903
2.7982558139537264,679.2800314284458
2.7988372093025635,679.2829915940608
2.799418604651401,679.2859295480276
2.8000000000002383,679.2888453939993
2.8005813953490755,679.2917387087303
2.801162790697913,679.2946091041817
2.8017441860467502,679.2974557606467
2.802325581395588,679.3009204548894
2.802906976744425,679.304549691424
2.8034883720932626,679.3082298798462
2.8040697674421,679.3126202290977
2.804651162790937,679.3169865085115
2.8052325581397746,679.3213280913867
2.8058139534886117,679.3256444635011
2.8063953488374493,679.3299358555156
2.8069767441862865,679.3342018460133
2.807558139535124,679.3384419529222
2.8081395348839613,679.3426558845878
2.8087209302327985,679.3468433218218
2.809302325581636,679.3510038015864
2.8098837209304732,679.3551361381507
2.810465116279311,679.359239889211
2.811046511628148,679.3633141715211
2.8116279069769856,679.3673586604175
2.812209302325823,679.3713733431018
2.81279069767466,679.3753577209881
2.8133720930234976,679.3793112520375
2.8139534883723347,679.3832333521417
2.814534883721172,679.3871230592547
2.815116279070009,679.3909796656259
2.8156976744188467,679.3948026641418
2.816279069767684,679.3985906328804
2.816860465116521,679.4023425300877
2.8174418604653586,679.406057394861
2.8180232558141958,679.4097342982661
2.8186046511630334,679.4133729153166
2.8191860465118705,679.4169661946306
2.8197674418607077,679.4205164914094
2.8203488372095453,679.4240247899106
2.8209302325583825,679.4274896309175
2.82151162790722,679.4309094114298
2.8220930232560573,679.43428325529
2.822674418604895,679.4376537758301
2.823255813953732,679.4416640224777
2.823837209302569,679.4456232322638
2.824418604651407,679.4495294087892
2.825000000000244,679.4533802900033
2.8255813953490816,679.4571737677837
2.8261627906979188,679.4609070533435
2.8267441860467564,679.4645779953771
2.8273255813955935,679.4681839990958
2.8279069767444307,679.471722122336
2.8284883720932683,679.4751891022371
2.8290697674421055,679.4785819283261
2.829651162790943,679.48189774104
2.8302325581397803,679.485133520413
2.830813953488618,679.488285642547
2.831395348837455,679.4913507036598
2.831976744186292,679.4943252219248
2.83255813953513,679.497205716704
2.833139534883967,679.4999879310856
2.833720930232804,679.5026671174558
2.8343023255816413,679.5052378813576
2.834883720930479,679.5076941478649
2.835465116279316,679.5100289629253
2.8360465116281532,679.512234361802
2.836627906976991,679.514265903856
2.837209302325828,679.5161071969112
2.8377906976746656,679.517790986515
2.838372093023503,679.5193046196615
2.8389534883723404,679.5206336293531
2.8395348837211776,679.5217614021975
2.8401162790700147,679.5226686551197
2.8406976744188523,679.5233330552014
2.8412790697676895,679.5237291099885
2.841860465116527,679.5238262970722
2.8424418604653643,679.5235883204409
2.843023255814202,679.522971611978
2.843604651163039,679.5219232958788
2.8441860465118762,679.5203784095888
2.844767441860714,679.5182560725003
2.845348837209551,679.5154549957531
2.8459302325583886,679.5119022572537
2.846511627907226,679.5076118306714
2.8470930232560634,679.5026167344663
2.8476744186049006,679.4969529789896
2.8482558139537377,679.4906568966445
2.8488372093025753,679.4837646143212
2.8494186046514125,679.4763122088889
2.85000000000025,679.4683350275933
2.8505813953490873,679.459867250842
2.8511627906979244,679.4509421533191
2.851744186046762,679.441592011275
2.852325581395599,679.4318474078643
2.8529069767444364,679.421737332269
2.8534883720932736,679.4114290225465
2.854069767442111,679.4014097519955
2.8546511627909483,679.3911037512585
2.8552325581397855,679.3809715911565
2.855813953488623,679.3708918819714
2.8563953488374603,679.3605895492678
2.856976744186298,679.3500686326996
2.857558139535135,679.3392952815846
2.8581395348839727,679.3283479578673
2.85872093023281,679.3172429638037
2.859302325581647,679.3059933494177
2.8598837209304846,679.2946110121301
2.8604651162793218,679.2831071902989
2.8610465116281594,679.271491640682
2.8616279069769965,679.2619521407854
2.862209302325834,679.2556772832464
2.8627906976746713,679.2523496330379
2.8633720930235085,679.2509627829176
2.863953488372346,679.2495234741302
2.8645348837211833,679.2480353786975
2.865116279070021,679.2465018872072
2.865697674418858,679.2449260773006
2.8662790697676956,679.2433107800882
2.866860465116533,679.2416585700638
2.86744186046537,679.2399717525512
2.8680232558142076,679.2382525617403
2.8686046511630447,679.2365030522974
2.8691860465118824,679.2347247909116
2.8697674418607195,679.2329192726654
2.8703488372095567,679.2310883465038
2.8709302325583943,679.2292325634146
2.8715116279072315,679.2273560391046
2.8720930232560686,679.225455922536
2.872674418604906,679.2235371477925
2.8732558139537434,679.2215993697971
2.8738372093025806,679.2196435325592
2.874418604651418,679.2176608798363
2.8750000000002554,679.2156537220047
2.8755813953490925,679.2136320836057
2.87616279069793,679.21159544876
2.8767441860467673,679.2095444302206
2.877325581395605,679.2074795899737
2.877906976744442,679.2054014426012
2.8784883720932797,679.2033104702714
2.879069767442117,679.2012060741432
2.879651162790954,679.1990896786716
2.8802325581397916,679.1969615381759
2.880813953488629,679.1948217565159
2.8813953488374664,679.1926719640492
2.8819767441863036,679.190510585728
2.882558139535141,679.1883386516544
2.8831395348839783,679.186157333054
2.8837209302328155,679.1839688861322
2.884302325581653,679.181784806265
2.8848837209304903,679.1795952254945
2.885465116279328,679.1773969027971
2.886046511628165,679.1751891202875
2.8866279069770022,679.1729719948801
2.88720930232584,679.1707456297154
2.887790697674677,679.168510114684
2.8883720930235146,679.1662655277709
2.8889534883723518,679.1640119365969
2.889534883721189,679.1617493979147
2.8901162790700266,679.1594775438953
2.8906976744188637,679.1571969108809
2.891279069767701,679.1549072671193
2.891860465116538,679.1526086775527
2.8924418604653757,679.1503012508227
2.893023255814213,679.1479850080101
2.8936046511630504,679.1456599471019
2.8941860465118876,679.143326059636
2.8947674418607248,679.1409833310757
2.8953488372095624,679.1386317408501
2.8959302325583995,679.1362712635826
2.896511627907237,679.1339018685816
2.8970930232560743,679.131523520957
2.897674418604912,679.1291361803086
2.898255813953749,679.1267398029439
2.8988372093025863,679.1243339551838
2.899418604651424,679.1219188159462
2.900000000000261,679.1194943721863
2.9005813953490986,679.1170606516886
2.901162790697936,679.1146175971699
2.9017441860467734,679.1121651432338
2.9023255813956106,679.1097032265533
2.9029069767444478,679.1072317816247
2.9034883720932854,679.1047507425362
2.9040697674421225,679.1022600434903
2.90465116279096,679.0997596188674
2.9052325581397973,679.0972494041496
2.905813953488635,679.0947293364732
2.906395348837472,679.0921993551802
2.9069767441863092,679.0896594024276
2.907558139535147,679.0871066753264
2.908139534883984,679.084537186746
2.908720930232821,679.0819564344985
2.909302325581659,679.0793626436057
2.909883720930496,679.0766651223355
2.910465116279333,679.0738932522198
2.9110465116281703,679.0711125849142
2.911627906977008,679.0683230886166
2.912209302325845,679.065524743963
2.9127906976746827,679.0627154478648
2.91337209302352,679.0598844431138
2.9139534883723575,679.0570102412504
2.9145348837211946,679.0541268793369
2.915116279070032,679.0512344090735
2.9156976744188694,679.0483328990506
2.9162790697677066,679.0454224339696
2.916860465116544,679.0425020680295
2.9174418604653813,679.0401663502734
2.9180232558142185,679.0381038753261
2.918604651163056,679.0360297741252
2.9191860465118933,679.0339456390874
2.919767441860731,679.0318460229287
2.920348837209568,679.0302974754155
2.9209302325584057,679.029054603667
2.921511627907243,679.0278036488442
2.92209302325608,679.026544825956
2.9226744186049176,679.025278350741
2.923255813953755,679.024004437781
2.9238372093025924,679.0227231950157
2.9244186046514296,679.0214348977462
2.925000000000267,679.0201398284422
2.9255813953491043,679.0188380996701
2.9261627906979415,679.0175299324605
2.926744186046779,679.0162155039324
2.9273255813956163,679.0148949810246
2.9279069767444534,679.0135643339321
2.928488372093291,679.0122269245236
2.929069767442128,679.0108842266847
2.9296511627909654,679.0095359555042
2.9302325581398025,679.0081822354555
2.93081395348864,679.0068187553745
2.9313953488374773,679.0054433637999
2.931976744186315,679.0040588952621
2.932558139535152,679.0026699487356
2.9331395348839897,679.001276002928
2.933720930232827,678.9998771266536
2.934302325581664,678.9984734271467
2.9348837209305016,678.9970648771579
2.935465116279339,678.9956516259654
2.9360465116281764,678.9942336946925
2.9366279069770136,678.9928105321541
2.937209302325851,678.99137479849
2.9377906976746884,678.9899345712341
2.9383720930235255,678.9884900287209
2.938953488372363,678.9870410332011
2.9395348837212003,678.9855878503591
2.940116279070038,678.9841303519095
2.940697674418875,678.9826686072718
2.9412790697677127,678.9812026323909
2.94186046511655,678.979732440694
2.942441860465387,678.9782580434481
2.9430232558142246,678.9767834335049
2.943604651163062,678.975309651506
2.9441860465118994,678.97382694037
2.9447674418607366,678.9723409478188
2.9453488372095737,678.9708507995243
2.9459302325584114,678.9693564172869
2.9465116279072485,678.9678578849007
2.9470930232560857,678.9663551741448
2.9476744186049233,678.9648482832898
2.9482558139537605,678.9633372096092
2.9488372093025976,678.9618245325506
2.9494186046514352,678.9603135504568
2.9500000000002724,678.9587993152228
2.9505813953491096,678.9572808277438
2.951162790697947,678.9557579758549
2.9517441860467843,678.9542307032165
2.952325581395622,678.9526991488058
2.952906976744459,678.9511633193197
2.9534883720932963,678.9496231792285
2.954069767442134,678.9480788364789
2.954651162790971,678.9465389807057
2.9552325581398087,678.9449940521079
2.955813953488646,678.9434457840168
2.9563953488374834,678.9418932330336
2.9569767441863206,678.940336371078
2.957558139535158,678.938775243392
2.9581395348839954,678.9372096543218
2.9587209302328326,678.9356397801793
2.95930232558167,678.9340655556672
2.9598837209305073,678.9324869311254
2.960465116279345,678.9309039301628
2.961046511628182,678.9293165286194
2.9616279069770193,678.9277247126606
2.962209302325857,678.9261285123517
2.962790697674694,678.9245277723038
2.9633720930235317,678.9229226225193
2.963953488372369,678.9213130005691
2.964534883721206,678.9196988914481
2.9651162790700436,678.9180802799218
2.9656976744188808,678.9164571504756
2.966279069767718,678.9148294874848
2.9668604651165555,678.9131972749676
2.9674418604653927,678.9115604967458
2.96802325581423,678.9099190505617
2.9686046511630675,678.9082730522069
2.9691860465119047,678.9066224008357
2.969767441860742,678.9049671165279
2.9703488372095794,678.903498729467
2.9709302325584166,678.9025509476799
2.971511627907254,678.9015995713999
2.9720930232560914,678.9006434803636
2.972674418604929,678.8996826640936
2.973255813953766,678.8993584102841
2.9738372093026033,678.8990988464337
2.974418604651441,678.8988356188698
2.975000000000278,678.8985676087392
2.9755813953491157,678.8982947967362
2.976162790697953,678.8980171629531
2.97674418604679,678.8977346869335
2.977325581395627,678.8974473478022
2.9779069767444644,678.8971551233276
2.978488372093302,678.8968579927786
2.979069767442139,678.8965559347389
2.9796511627909767,678.896248927074
2.980232558139814,678.8959369472994
2.9808139534886515,678.8956199725715
2.9813953488374887,678.8952979791145
2.981976744186326,678.8949709474109
2.9825581395351635,678.8946388311239
2.9831395348840006,678.8943015693199
2.9837209302328382,678.8939591866443
2.9843023255816754,678.8936116638118
2.984883720930513,678.893258974681
2.98546511627935,678.8929010931786
2.9860465116281873,678.8925379932724
2.986627906977025,678.8921696477566
2.987209302325862,678.8917960298169
2.9877906976746993,678.8914171107349
2.988372093023537,678.8910328622726
2.988953488372374,678.8906432554621
2.9895348837212112,678.8902482605972
2.9901162790700484,678.8898478475401
2.990697674418886,678.8894419855736
2.991279069767723,678.889030643378
2.991860465116561,678.8886137876868
2.992441860465398,678.888191386899
2.9930232558142356,678.8877634072925
2.9936046511630727,678.8873298159583
2.99418604651191,678.8868905781968
2.9947674418607475,678.8864456586796
2.9953488372095847,678.8859950213734
2.9959302325584223,678.885538629434
2.9965116279072594,678.8850764452338
2.9970930232560966,678.8846084302376
2.997674418604934,678.8841344853977
2.9982558139537714,678.8836546369859
2.998837209302609,678.8831702738822
2.999418604651446,678.8826779230235
3.0000000000002838,678.8821807481831
3.000581395349121,678.8816775128645
3.001162790697958,678.8811681729858
3.0017441860467957,678.8806526834477
3.002325581395633,678.8801315339143
3.0029069767444705,678.8796032936982
3.0034883720933077,678.879069099238
3.0040697674421453,678.8785352162159
3.0046511627909824,678.8779950852394
3.0052325581398196,678.8774565500373
3.005813953488657,678.8769109290212
3.0063953488374944,678.8763596638937
3.0069767441863315,678.8758018338938
3.007558139535169,678.8752374316455
3.0081395348840063,678.8746663677684
3.0087209302328435,678.874088865714
3.0093023255816806,678.8735054283707
3.0098837209305183,678.8729150397227
3.0104651162793554,678.8723178254601
3.011046511628193,678.8717137300437
3.01162790697703,678.8711026964947
3.012209302325868,678.8704846663671
3.012790697674705,678.8698595797227
3.013372093023542,678.8692273751092
3.0139534883723798,678.8685879895404
3.014534883721217,678.8679413584829
3.0151162790700545,678.8672874158449
3.0156976744188917,678.8666260939722
3.0162790697677293,678.8659573236497
3.0168604651165665,678.865281034113
3.0174418604654036,678.8645971530578
3.0180232558142412,678.8639056066347
3.0186046511630784,678.8632063196632
3.019186046511916,678.8624992153918
3.019767441860753,678.8617842157691
3.020348837209591,678.8610612414565
3.020930232558428,678.8603302119262
3.021511627907265,678.8595910453097
3.0220930232561027,678.8588436586406
3.02267441860494,678.8580879692182
3.0232558139537775,678.8573238930425
3.0238372093026147,678.8565513456709
3.0244186046514523,678.855770242433
3.0250000000002895,678.854980498674
3.0255813953491266,678.854182030019
3.026162790697964,678.853374752657
3.0267441860468014,678.8525585836867
3.0273255813956386,678.851733441428
3.0279069767444757,678.8508992458034
3.028488372093313,678.8500559187236
3.0290697674421505,678.8492033844997
3.0296511627909877,678.8483415702674
3.0302325581398253,678.8474704064274
3.0308139534886624,678.8465898270922
3.0313953488375,678.845699773134
3.0319767441863372,678.8448001855479
3.0325581395351744,678.8438910084221
3.033139534884012,678.8429721984279
3.033720930232849,678.8420437148538
3.0343023255816868,678.8411055231893
3.034883720930524,678.8401575954379
3.0354651162793616,678.8391999103716
3.0360465116281987,678.8382324537338
3.036627906977036,678.8372552183671
3.0372093023258735,678.8362682042754
3.0377906976747107,678.8352714186035
3.0383720930235483,678.8342648755405
3.0389534883723854,678.8332485961394
3.039534883721223,678.8322225975702
3.04011627907006,678.8311869355445
3.0406976744188974,678.8301416295631
3.041279069767735,678.8290867336433
3.041860465116572,678.8280222977864
3.0424418604654098,678.8269483762479
3.043023255814247,678.8373699103886
3.0436046511630845,678.8507712610154
3.0441860465119217,678.864156381923
3.044767441860759,678.8775242958469
3.045348837209596,678.8908738229218
3.0459302325584336,678.9042035623936
3.046511627907271,678.9175118404082
3.047093023256108,678.9307966456719
3.0476744186049456,678.9440555396077
3.0482558139537828,678.9572855391168
3.04883720930262,678.9704829563184
3.0494186046514575,678.9836431752412
3.0500000000002947,678.9967603338023
3.0505813953491323,679.0098268590928
3.0511627906979695,679.0227961861757
3.051744186046807,679.0355278548947
3.0523255813956442,679.0481561812136
3.0529069767444814,679.0606557437528
3.053488372093319,679.0729885588181
3.054069767442156,679.0851298062253
3.054651162790994,679.0970020882849
3.055232558139831,679.1083755120754
3.0558139534886686,679.1188931270178
3.0563953488375057,679.1278896350273
3.056976744186343,679.1349956430148
3.0575581395351805,679.1411334969332
3.0581395348840177,679.146887646124
3.0587209302328553,679.1524864784934
3.0593023255816925,679.1580157402718
3.0598837209305296,679.1635087183477
3.0604651162793672,679.168977406455
3.0610465116282044,679.174426365297
3.061627906977042,679.1798569517289
3.062209302325879,679.1852686602557
3.062790697674717,679.1906594164145
3.063372093023554,679.1960251334446
3.063953488372391,679.2013586625012
3.0645348837212283,679.2066479582809
3.065116279070066,679.2118727779172
3.065697674418903,679.2169993918582
3.0662790697677402,679.2219713562969
3.066860465116578,679.2266938479461
3.067441860465415,679.2310039436237
3.068023255814252,679.2346146593806
3.06860465116309,679.237015385367
3.069186046511927,679.2373745834872
3.0697674418607646,679.2348616184667
3.0703488372096017,679.229763108607
3.0709302325584393,679.2233536403792
3.0715116279072765,679.2164958919162
3.0720930232561137,679.2094986704337
3.0726744186049513,679.2024526159256
3.0732558139537884,679.1953839511319
3.073837209302626,679.1883004969106
3.074418604651463,679.1812046073654
3.075000000000301,679.1740969150164
3.075581395349138,679.1669774805202
3.076162790697975,679.1598461567845
3.0767441860468128,679.1527027070875
3.07732558139565,679.1455468519054
3.0779069767444875,679.1383782926189
3.0784883720933247,679.131196700774
3.0790697674421623,679.1255917153965
3.0796511627909995,679.1231517120073
3.0802325581398367,679.1206995660406
3.0808139534886743,679.1182350482793
3.0813953488375114,679.1157579047673
3.081976744186349,679.1132678693226
3.082558139535186,679.1107646490403
3.0831395348840234,679.1082379569032
3.0837209302328605,679.1056751528249
3.084302325581698,679.1030982495987
3.0848837209305353,679.1103912930986
3.0854651162793725,679.1245153220251
3.08604651162821,679.1443024210402
3.0866279069770473,679.1681882869057
3.087209302325885,679.1940127525935
3.087790697674722,679.2197212460061
3.088372093023559,679.2453214791691
3.088953488372397,679.2708218896026
3.089534883721234,679.2962350098234
3.0901162790700716,679.3215785082073
3.0906976744189087,679.3468655082744
3.0912790697677464,679.3721030051994
3.0918604651165835,679.3973021805486
3.0924418604654207,679.422453350062
3.0930232558142583,679.447511198118
3.0936046511630955,679.4724698648072
3.094186046511933,679.4973081794909
3.0947674418607702,679.522030623016
3.0953488372096074,679.5466889381104
3.095930232558445,679.5713100041303
3.096511627907282,679.5958942715496
3.09709302325612,679.6204418233225
3.097674418604957,679.6449523545596
3.0982558139537946,679.6694249161445
3.0988372093026317,679.6938572822546
3.099418604651469,679.7182449719835
3.1000000000003065,679.742578944504
3.1005813953491437,679.766840293556
3.1011627906979813,679.7909878182334
3.1017441860468185,679.8149606928316
3.1023255813956556,679.8386279331415
3.102906976744493,679.8617357679439
3.1034883720933304,679.8837864094972
3.1040697674421676,679.9038013743757
3.1046511627910047,679.9200601574648
3.1052325581398423,679.9305964503503
3.1058139534886795,679.9361246410677
3.106395348837517,679.939751217343
3.1069767441863543,679.9429080233872
3.1075581395351914,679.945877852493
3.108139534884029,679.9486856284113
3.108720930232866,679.9512990187397
3.109302325581704,679.9536586200437
3.109883720930541,679.9556738724331
3.1104651162793786,679.9572035660178
3.1110465116282158,679.9580152509956
3.111627906977053,679.9576903493443
3.1122093023258905,679.9553940303766
3.1127906976747277,679.9497213648035
3.1133720930235653,679.9404182192228
3.1139534883724025,679.9293677724635
3.11453488372124,679.9180012826996
3.1151162790700773,679.90698748081
3.1156976744189144,679.8963597655634
3.116279069767752,679.8868321917198
3.116860465116589,679.8777837204353
3.117441860465427,679.8700459113453
3.118023255814264,679.8625067023241
3.1186046511631016,679.8563880252849
3.1191860465119388,679.8503406142139
3.119767441860776,679.8457429675216
3.1203488372096135,679.8412166167476
3.1209302325584507,679.8367747347025
3.121511627907288,679.832327813408
3.122093023256125,679.8278732448669
3.1226744186049626,679.8234119391834
3.1232558139538,679.818942834658
3.123837209302637,679.8144693352409
3.1244186046514746,679.8100896292482
3.125000000000312,679.8057673025733
3.1255813953491494,679.8014383712331
3.1261627906979865,679.7971027951786
3.1267441860468237,679.7927605121321
3.127325581395661,679.7884098664114
3.127906976744499,679.784054876939
3.128488372093336,679.7798124583269
3.1290697674421732,679.7755655183303
3.1296511627910104,679.7713027446199
3.1302325581398485,679.7670314374956
3.1308139534886856,679.7627505826867
3.131395348837523,679.7584585130011
3.13197674418636,679.7541523748714
3.132558139535197,679.7499726633455
3.133139534884035,679.7457952205469
3.1337209302328723,679.7415910852035
3.1343023255817095,679.7373511024075
3.1348837209305467,679.7330798517205
3.135465116279384,679.7287907740983
3.136046511628222,679.7245444466346
3.136627906977059,679.7204203580729
3.1372093023258962,679.7162887115423
3.1377906976747334,679.7121579301177
3.138372093023571,679.7080221130564
3.138953488372408,679.7038789879527
3.139534883721246,679.699728538683
3.140116279070083,679.6955780996805
3.14069767441892,679.6914230297656
3.1412790697677577,679.6872605621444
3.141860465116595,679.6830906644905
3.142441860465432,679.6793435290798
3.1430232558142692,679.6759554000247
3.1436046511631064,679.6725597835834
3.1441860465119444,679.6691566476314
3.1447674418607816,679.6657428885081
3.1453488372096188,679.6623153113289
3.145930232558456,679.6588789683454
3.146511627907293,679.6554349193743
3.147093023256131,679.6519831265704
3.1476744186049683,679.6485235478733
3.1482558139538055,679.645056144273
3.1488372093026427,679.6415808775445
3.1494186046514807,679.6380977080693
3.150000000000318,679.6346065937926
3.150581395349155,679.6311074919442
3.151162790697992,679.6276003590907
3.1517441860468294,679.6240851507823
3.1523255813956674,679.6205618213276
3.1529069767445046,679.6170303235579
3.1534883720933418,679.6134906116341
3.154069767442179,679.6099426374035
3.154651162791016,679.6063863332566
3.155232558139854,679.6028216672546
3.1558139534886913,679.599248579185
3.1563953488375285,679.5956670189889
3.1569767441863656,679.5920769384228
3.1575581395352033,679.58847824908
3.1581395348840404,679.5848709239633
3.158720930232878,679.5812549036953
3.159302325581715,679.5776301374497
3.1598837209305524,679.5739965623845
3.16046511627939,679.5703541228773
3.161046511628227,679.5667027564976
3.1616279069770643,679.5630423992493
3.1622093023259015,679.5593729805261
3.1627906976747386,679.5556944352328
3.1633720930235767,679.552006681263
3.163953488372414,679.5483096600323
3.164534883721251,679.5446033038521
3.165116279070088,679.5408875386337
3.1656976744189262,679.5371622816118
3.1662790697677634,679.533427449291
3.1668604651166006,679.5296829712325
3.1674418604654377,679.5259287535463
3.168023255814275,679.5221647249546
3.168604651163113,679.5183907981248
3.16918604651195,679.5146068831714
3.1697674418607873,679.5108128875264
3.1703488372096245,679.5070087158147
3.1709302325584616,679.503194269714
3.1715116279072997,679.4993694478081
3.172093023256137,679.4955341454304
3.172674418604974,679.4916882544969
3.173255813953811,679.4878300170438
3.173837209302649,679.4839603334228
3.1744186046514864,679.4800796797879
3.1750000000003236,679.4761877925798
3.1755813953491607,679.472284697547
3.176162790697998,679.4683723104499
3.1767441860468355,679.4644489356117
3.1773255813956727,679.4605139607771
3.1779069767445103,679.4565672372145
3.1784883720933474,679.4526086102236
3.1790697674421846,679.4486379187815
3.1796511627910222,679.4446557069452
3.1802325581398594,679.4406775021591
3.1808139534886966,679.4366869111914
3.1813953488375337,679.4326837548391
3.181976744186371,679.4291883394118
3.182558139535209,679.4259570068427
3.183139534884046,679.4227126354845
3.1837209302328833,679.4194550107703
3.1843023255817204,679.4161839074858
3.1848837209305585,679.4128990889935
3.1854651162793957,679.4096003063354
3.186046511628233,679.40628729724
3.18662790697707,679.4029597850266
3.187209302325907,679.3996174773821
3.187790697674745,679.3962600649976
3.1883720930235824,679.3928872200497
3.1889534883724195,679.3894985945032
3.1895348837212567,679.3860938182039
3.190116279070094,679.3826724967295
3.190697674418932,679.3792341381514
3.191279069767769,679.3757778063355
3.1918604651166063,679.3723034151662
3.1924418604654434,679.3691213498809
3.193023255814281,679.3663733148004
3.1936046511631186,679.3636065773652
3.194186046511956,679.360826161832
3.194767441860793,679.3580302548401
3.19534883720963,679.3552141165794
3.1959302325584678,679.3523757428853
3.196511627907305,679.3495141999173
3.1970930232561425,679.3466286172197
3.1976744186049797,679.3437186650661
3.198255813953817,679.3411050686076
3.1988372093026545,679.3387935951197
3.1994186046514916,679.3364570808259
3.200000000000329,679.3340522682943
3.200581395349166,679.3315554358225
3.201162790698004,679.3289766462653
3.201744186046841,679.3263513135618
3.2023255813956784,679.3237025183344
3.2029069767445155,679.3210299712373
3.2034883720933527,679.3183336198107
3.2040697674421907,679.3156132408096
3.204651162791028,679.3128682329508
3.205232558139865,679.3100982922724
3.2058139534887022,679.3073031078733
3.2063953488375394,679.304482361583
3.2069767441863775,679.3016357272087
3.2075581395352146,679.2987581486104
3.208139534884052,679.2958348374472
3.208720930232889,679.2928849396958
3.209302325581726,679.2899080980912
3.209883720930564,679.2869039464712
3.2104651162794013,679.283872109196
3.2110465116282385,679.2808122016249
3.2116279069770757,679.2777238289674
3.2122093023259133,679.2746065861536
3.212790697674751,679.2714600574564
3.213372093023588,679.2682838142457
3.2139534883724252,679.2650519896399
3.2145348837212624,679.2612393546627
3.2151162790701,679.2574177844753
3.215697674418937,679.2535622662775
3.216279069767775,679.2496979672487
3.216860465116612,679.2458247923211
3.217441860465449,679.2419426323085
3.2180232558142867,679.2380513794718
3.218604651163124,679.2341509189741
3.219186046511961,679.2302411341418
3.219767441860798,679.2263219049883
3.2203488372096363,679.2223931013509
3.2209302325584734,679.2184546089942
3.2215116279073106,679.2145062917089
3.2220930232561478,679.2105480141169
3.222674418604985,679.206579637407
3.223255813953823,679.2025760121686
3.22383720930266,679.198561975141
3.2244186046514973,679.1945377762484
3.2250000000003345,679.1905032590091
3.2255813953491717,679.1864582619381
3.2261627906980097,679.1824026180112
3.226744186046847,679.1783361545381
3.227325581395684,679.1742586928973
3.227906976744521,679.1701700482347
3.2284883720933593,679.1660700290862
3.2290697674421964,679.1619584372702
3.2296511627910336,679.157835067169
3.2302325581398708,679.1536981087467
3.230813953488708,679.1495245976328
3.2313953488375455,679.145339039441
3.231976744186383,679.1411411956539
3.2325581395352203,679.1369308183139
3.2331395348840575,679.1327076493353
3.2337209302328946,679.1284714199942
3.2343023255817323,679.1242218502344
3.2348837209305694,679.1199586479783
3.235465116279407,679.1156815083718
3.236046511628244,679.1113901129768
3.236627906977082,679.1070841288731
3.237209302325919,679.1027632076999
3.237790697674756,679.0984269835997
3.2383720930235933,679.0940750761366
3.2389534883724305,679.0899270528174
3.2395348837212685,679.0861977801474
3.2401162790701057,679.0824516700691
3.240697674418943,679.0786882589258
3.24127906976778,679.0749070577521
3.241860465116617,679.0711075495689
3.2424418604654552,679.0672891893095
3.2430232558142924,679.0634514032349
3.2436046511631296,679.0595935811242
3.2441860465119667,679.0557150757345
3.244767441860804,679.0518151994675
3.245348837209642,679.0478932207217
3.245930232558479,679.043948426868
3.2465116279073163,679.0399800362547
3.2470930232561535,679.0359872153255
3.2476744186049915,679.0319690719092
3.2482558139538287,679.0279246519226
3.248837209302666,679.0243884954704
3.249418604651503,679.0209363171347
3.25000000000034,679.0174547196788
3.250581395349178,679.01395347783
3.2511627906980154,679.0104576997963
3.2517441860468526,679.0074468181651
3.2523255813956897,679.0138551220398
3.252906976744527,679.0264562640035
3.2534883720933645,679.0440183771971
3.2540697674422017,679.0648980767056
3.2546511627910393,679.0875153082267
3.2552325581398764,679.110036208512
3.255813953488714,679.1324570119598
3.256395348837551,679.1547727051294
3.2569767441863884,679.1769800029027
3.2575581395352255,679.1990759920348
3.2581395348840627,679.2210476568347
3.2587209302329008,679.2428531659132
3.259302325581738,679.2644848061431
3.259883720930575,679.2859290988434
3.2604651162794123,679.3071881480081
3.2610465116282494,679.3282866133655
3.2616279069770875,679.3492369603395
3.2622093023259247,679.3700365078645
3.262790697674762,679.390682101074
3.263372093023599,679.4111687819797
3.263953488372437,679.4314869337453
3.264534883721274,679.4516154926505
3.2651162790701114,679.4715067811611
3.2656976744189485,679.4910545912604
3.2662790697677857,679.5100339848223
3.2668604651166238,679.528025706134
3.267441860465461,679.5445022259745
3.268023255814298,679.5593527532884
3.2686046511631353,679.5729717078228
3.2691860465119724,679.5854518264281
3.26976744186081,679.5964947582612
3.2703488372096476,679.6060729172514
3.270930232558485,679.6145529333528
3.271511627907322,679.6220301445387
3.2720930232561596,679.6278807072423
3.2726744186049967,679.6304870767359
3.273255813953834,679.628216041043
3.2738372093026715,679.6224454555819
3.2744186046515087,679.6154859024474
3.2750000000003463,679.6080992863789
3.2755813953491835,679.5997710486541
3.2761627906980206,679.5909106074744
3.276744186046858,679.582001632734
3.277325581395695,679.5730494954803
3.277906976744533,679.5640577269767
3.27848837209337,679.5550292340631
3.2790697674422074,679.5459666058238
3.2796511627910445,679.536872206637
3.2802325581398817,679.5277482124899
3.2808139534887197,679.5185966307648
3.281395348837557,679.5094181245457
3.281976744186394,679.5002179746226
3.2825581395352312,679.4909931060597
3.2831395348840693,679.4817494195689
3.2837209302329065,679.4724840205746
3.2843023255817436,679.4632012408981
3.284883720930581,679.4539012122932
3.285465116279418,679.4445849669032
3.286046511628256,679.4352535246222
3.286627906977093,679.4259077430659
3.2872093023259303,679.4165484643371
3.2877906976747675,679.4071764589997
3.2883720930236047,679.3977924322336
3.2889534883724423,679.3884011820365
3.28953488372128,679.3789979948202
3.290116279070117,679.3695853350397
3.290697674418954,679.3601629796742
3.291279069767792,679.3511710299894
3.291860465116629,679.3425447317657
3.292441860465466,679.333900733682
3.2930232558143038,679.3252495073797
3.293604651163141,679.3165907219347
3.2941860465119785,679.3079246820348
3.2947674418608157,679.299251668843
3.295348837209653,679.2905719418068
3.29593023255849,679.2818857402982
3.296511627907327,679.2731932851557
3.2970930232561653,679.2644947799649
3.2976744186050024,679.2557904128997
3.2982558139538396,679.2470803567911
3.2988372093026768,679.2383647714013
3.299418604651515,679.2296474690118
3.300000000000352,679.2209242983079
3.300581395349189,679.212196583638
3.3011627906980263,679.2034638697406
3.3017441860468635,679.1947262615506
3.3023255813957015,679.1859838561944
3.3029069767445387,679.1772367428978
3.303488372093376,679.1684850035617
3.304069767442213,679.1597287132948
3.30465116279105,679.1509679409111
3.3052325581398883,679.142202749381
3.3058139534887254,679.1334332663
3.3063953488375626,679.1246583945824
3.3069767441863998,679.1162462964442
3.307558139535237,679.1082705218417
3.3081395348840745,679.1002902827586
3.308720930232912,679.0923065132232
3.3093023255817493,679.0843186875676
3.3098837209305865,679.076326833159
3.310465116279424,679.0683309707933
3.3110465116282612,679.0603311244195
3.3116279069770984,679.0523273115668
3.312209302325936,679.044319548588
3.312790697674773,679.0363078496675
3.313372093023611,679.0282922270012
3.313953488372448,679.0202726909239
3.314534883721285,679.0122492500277
3.3151162790701223,679.004221912635
3.3156976744189595,678.9961906799438
3.3162790697677975,678.9881555602889
3.3168604651166347,678.9801165547375
3.317441860465472,678.9720736645017
3.318023255814309,678.9640268901319
3.318604651163147,678.9559762306196
3.3191860465119842,678.947921685137
3.3197674418608214,678.9398632488594
3.3203488372096586,678.9318009180209
3.3209302325584957,678.9237346885883
3.321511627907334,678.9156645545626
3.322093023256171,678.9075905094696
3.322674418605008,678.8995125460634
3.3232558139538453,678.8914289530454
3.3238372093026824,678.8833425349388
3.3244186046515205,678.8752516139788
3.3250000000003577,678.8671573349266
3.325581395349195,678.8590590488394
3.326162790698032,678.8509556470713
3.3267441860468696,678.8428493935596
3.3273255813957068,678.8347379760025
3.3279069767445444,678.8266237063283
3.3284883720933816,678.8185066350187
3.3290697674422187,678.8103743300438
3.3296511627910563,678.8022479360969
3.3302325581398935,678.7941162631814
3.3308139534887307,678.7859817141139
3.3313953488375683,678.7778443163268
3.3319767441864054,678.769701549476
3.332558139535243,678.7615559127595
3.33313953488408,678.7534048629948
3.3337209302329174,678.745250920911
3.3343023255817545,678.7370915199556
3.3348837209305926,678.7289292030118
3.3354651162794298,678.7207613795683
3.336046511628267,678.7125906152656
3.336627906977104,678.7044142950766
3.3372093023259413,678.6962350080033
3.3377906976747793,678.6880501106938
3.3383720930236165,678.6798622225701
3.3389534883724536,678.6716686745802
3.339534883721291,678.6634721042924
3.340116279070128,678.6552704437689
3.340697674418966,678.6470636184226
3.341279069767803,678.6388537207106
3.3418604651166404,678.6306380173027
3.3424418604654775,678.6224192111714
3.3430232558143147,678.6141952304998
3.3436046511631528,678.6059667342402
3.34418604651199,678.5977336993393
3.344767441860827,678.5894961016533
3.3453488372096643,678.5812539167829
3.345930232558502,678.5730071199552
3.346511627907339,678.5647556860156
3.3470930232561766,678.556499589425
3.347674418605014,678.5482388042549
3.348255813953851,678.5399733041791
3.3488372093026886,678.5317030624716
3.3494186046515257,678.5234280520065
3.350000000000363,678.5154951661963
3.3505813953492005,678.5078755180052
3.3511627906980377,678.5002510436906
3.3517441860468753,678.4926217144026
3.3523255813957125,678.4849875016029
3.3529069767445496,678.4773483757442
3.353488372093387,678.4697043068245
3.354069767442225,678.4620552643445
3.354651162791062,678.4544012150952
3.355232558139899,678.4467421299701
3.3558139534887363,678.4390779770646
3.3563953488375735,678.4314087239737
3.3569767441864116,678.4237343377831
3.3575581395352487,678.4160547850568
3.358139534884086,678.4083700318266
3.358720930232923,678.4006835405222
3.3593023255817602,678.3929991242496
3.3598837209305983,678.3853111655421
3.3604651162794354,678.3776261511405
3.3610465116282726,678.3699358374658
3.36162790697711,678.3622488550565
3.362209302325948,678.3545570938591
3.362790697674785,678.3468653295853
3.363372093023622,678.3391713902031
3.3639534883724593,678.3314739084902
3.3645348837212965,678.3243457269746
3.365116279070134,678.3173136070305
3.3656976744189713,678.310291146623
3.366279069767809,678.3032649698418
3.366860465116646,678.2962332601164
3.367441860465483,678.2892079213005
3.368023255814321,678.2822074322663
3.368604651163158,678.2752012699553
3.369186046511995,678.2681893868534
3.3697674418608328,678.2611717487365
3.3703488372096704,678.2541483058011
3.3709302325585075,678.2471190125833
3.3715116279073447,678.2400838241371
3.372093023256182,678.2330426936467
3.372674418605019,678.2259955733726
3.373255813953857,678.218942414009
3.3738372093026943,678.211883167664
3.3744186046515314,678.2048177830812
3.3750000000003686,678.1977462088656
3.3755813953492058,678.1906683926304
3.376162790698044,678.1835842809681
3.376744186046881,678.1764938185876
3.377325581395718,678.1693969509797
3.3779069767445553,678.1622936213306
3.3784883720933925,678.1551837718248
3.3790697674422305,678.1480673432724
3.3796511627910677,678.1409442748215
3.380232558139905,678.1338145067064
3.380813953488742,678.1266779753986
3.38139534883758,678.1195346168556
3.3819767441864172,678.1123843656488
3.3825581395352544,678.1052271549333
3.3831395348840916,678.0980629164056
3.3837209302329287,678.0908915802542
3.3843023255817664,678.0837130751127
3.3848837209306035,678.0765273280051
3.385465116279441,678.0693342642973
3.3860465116282783,678.0621338076377
3.3866279069771155,678.0549258799012
3.387209302325953,678.0477104009223
3.3877906976747902,678.0404872890099
3.3883720930236274,678.0332564601721
3.388953488372465,678.0260178286115
3.3895348837213026,678.0187713062929
3.39011627907014,678.0115168003064
3.390697674418977,678.0042542181142
3.391279069767814,677.9969834660345
3.3918604651166513,677.9897044484794
3.3924418604654893,677.9824170663348
3.3930232558143265,677.9751212174956
3.3936046511631637,677.9678643407651
3.394186046512001,677.9606810346421
3.394767441860838,677.953563382518
3.395348837209676,677.9464870586559
3.3959302325585132,677.9394110139604
3.3965116279073504,677.9323254626569
3.3970930232561876,677.925230272548
3.3976744186050256,677.9181927377568
3.398255813953863,677.9111897758276
3.3988372093027,677.9041767104418
3.399418604651537,677.8971533913765
3.4000000000003743,677.8901196637296
3.4005813953492123,677.8830753677107
3.4011627906980495,677.876020338414
3.4017441860468867,677.8689544055876
3.402325581395724,677.8618773933647
3.402906976744561,677.854789120049
3.4034883720933986,677.8476893960828
3.4040697674422358,677.8405780270015
3.4046511627910734,677.8334548136141
3.4052325581399105,677.8263195459074
3.4058139534887477,677.8191720089329
3.4063953488375853,677.8120119802871
3.4069767441864225,677.8048392281521
3.4075581395352597,677.7976535110778
3.4081395348840973,677.7904545811614
3.408720930232935,677.7832421758712
3.409302325581772,677.7760160244223
3.409883720930609,677.7687758497452
3.4104651162794464,677.7615213598856
3.4110465116282835,677.7542522502939
3.4116279069771216,677.7469681987798
3.4122093023259588,677.7396688804563
3.412790697674796,677.7323539498648
3.413372093023633,677.7250230471244
3.4139534883724703,677.7176757955701
3.4145348837213083,677.7103118009504
3.4151162790701455,677.7029306481865
3.4156976744189826,677.6955319030534
3.41627906976782,677.6881151140065
3.416860465116658,677.68067980581
3.417441860465495,677.6732254702047
3.418023255814332,677.665751584409
3.4186046511631694,677.6582575925263
3.4191860465120065,677.6507429083636
3.4197674418608446,677.6432069167597
3.4203488372096817,677.63564896344
3.420930232558519,677.6280683558439
3.421511627907356,677.6204643608912
3.4220930232561932,677.6128362014181
3.422674418605031,677.6051830440858
3.423255813953868,677.597504011248
3.4238372093027056,677.589798164758
3.424418604651543,677.5820645006145
3.4250000000003804,677.5743019436889
3.4255813953492176,677.5665093406681
3.4261627906980547,677.5586854583196
3.426744186046892,677.5508289637744
3.4273255813957295,677.5429384181285
3.427906976744567,677.5350122697923
3.4284883720934043,677.5270488321512
3.4290697674422415,677.5190462709032
3.4296511627910786,677.5110025889165
3.430232558139916,677.5029162788995
3.430813953488754,677.494786944842
3.431395348837591,677.486616954199
3.431976744186428,677.4784049531427
3.4325581395352653,677.4701486320708
3.4331395348841034,677.4618511160085
3.4337209302329406,677.4535137189888
3.4343023255817777,677.4451305452804
3.434883720930615,677.4367010989241
3.435465116279452,677.4282248746974
3.43604651162829,677.4197013582417
3.4366279069771273,677.4111355157712
3.4372093023259644,677.4025245757431
3.4377906976748016,677.3938647176484
3.4383720930236388,677.3851553860295
3.438953488372477,677.3763996470043
3.439534883721314,677.3675949443145
3.440116279070151,677.3587391143624
3.4406976744189883,677.3498315587367
3.4412790697678255,677.3408766665862
3.441860465116663,677.3318721634316
3.4424418604655003,677.3228140561064
3.443023255814338,677.3137016977914
3.443604651163175,677.3045344315564
3.4441860465120127,677.2953116023735
3.44476744186085,677.2860325488795
3.445348837209687,677.2766965994073
3.445930232558524,677.267303108508
3.4465116279073618,677.257851420649
3.4470930232561994,677.2483408666792
3.4476744186050365,677.2387707639605
3.4482558139538737,677.2291404164603
3.448837209302711,677.2194491137601
3.449418604651548,677.2096961308899
3.450000000000386,677.199880727882
3.4505813953492233,677.190002149339
3.4511627906980604,677.1800596580133
3.4517441860468976,677.1700527371427
3.4523255813957356,677.1599809881566
3.452906976744573,677.1498438687197
3.45348837209341,677.1396408610127
3.454069767442247,677.1293714404285
3.4546511627910843,677.1188550151978
3.4552325581399224,677.1078601221084
3.4558139534887595,677.0963828620809
3.4563953488375967,677.0845304510693
3.456976744186434,677.0726755675659
3.457558139535271,677.0608168010359
3.458139534884109,677.0489534824159
3.4587209302329462,677.0370878688007
3.4593023255817834,677.0252219223861
3.4598837209306206,677.0133527858438
3.460465116279458,677.001480782328
3.4610465116282954,676.9896059064365
3.4616279069771325,676.9777281527569
3.46220930232597,676.9658475158667
3.4627906976748073,676.9539639903337
3.463372093023645,676.9420775707138
3.463953488372482,676.9301882515527
3.4645348837213192,676.9182960273833
3.4651162790701564,676.90640089273
3.465697674418994,676.894502842104
3.4662790697678316,676.8826018700042
3.466860465116669,676.8706979709183
3.467441860465506,676.8587911393209
3.468023255814343,676.8468813696695
3.468604651163181,676.8349686564072
3.4691860465120183,676.8230529901753
3.4697674418608555,676.811134373015
3.4703488372096927,676.7992127955257
3.47093023255853,676.7872882521046
3.471511627907368,676.7753607371357
3.472093023256205,676.763430244989
3.4726744186050422,676.75149677002
3.4732558139538794,676.7395603065721
3.4738372093027166,676.7276208397417
3.4744186046515546,676.7156783817879
3.4750000000003918,676.7037329183643
3.475581395349229,676.6917844436887
3.476162790698066,676.6798329520327
3.4767441860469033,676.667878437652
3.4773255813957413,676.6559208947881
3.4779069767445785,676.6439603176674
3.4784883720934157,676.6319967005018
3.479069767442253,676.6200300374875
3.4796511627910904,676.6080603228049
3.4802325581399276,676.596087550621
3.4808139534887648,676.5841117150844
3.4813953488376024,676.5721328103311
3.4819767441864395,676.5601508304795
3.482558139535277,676.5481657696308
3.4831395348841143,676.536177621871
3.4837209302329515,676.5241863812728
3.4843023255817887,676.5121920418773
3.4848837209306263,676.5001945978161
3.485465116279464,676.488192666449
3.486046511628301,676.4761862625487
3.486627906977138,676.4641771378654
3.4872093023259754,676.4521648852508
3.4877906976748134,676.4401496698229
3.4883720930236506,676.4281337408021
3.4889534883724878,676.416114395913
3.489534883721325,676.4040918979962
3.490116279070162,676.3920662409394
3.490697674419,676.3800374186125
3.4912790697678373,676.368005197054
3.4918604651166745,676.3559672392416
3.4924418604655116,676.3439264034615
3.493023255814349,676.3318847430337
3.493604651163187,676.3198395908753
3.494186046512024,676.3077916477004
3.494767441860861,676.2957404958571
3.4953488372096984,676.2870928091048
3.4959302325585364,676.2880549281424
3.4965116279073736,676.2890144380513
3.4970930232562107,676.2899708834101
3.497674418605048,676.2909242580367
3.498255813953885,676.291874556022
3.4988372093027227,676.2928217714423
3.49941860465156,676.2937658983574
3.500000000000397,676.2947069308073
3.5005813953492346,676.2956448628147
3.501162790698072,676.2965796883669
3.5017441860469094,676.2975114013445
3.5023255813957466,676.2984399951846
3.5029069767445837,676.2993654615043
3.503488372093421,676.3002877850959
3.5040697674422585,676.301206927275
3.504651162791096,676.3020962772573
3.5052325581399333,676.3028165966554
3.5058139534887705,676.303521831095
3.5063953488376076,676.3042086841804
3.5069767441864457,676.3048726031662
3.507558139535283,676.3054986687605
3.50813953488412,676.3060441653065
3.508720930232957,676.3064317132802
3.5093023255817943,676.3064797742543
3.5098837209306324,676.3056908594718
3.5104651162794696,676.3028534240633
3.5110465116283067,676.2962837602116
3.511627906977144,676.2874238084562
3.512209302325981,676.2781436572244
3.512790697674819,676.2688099828329
3.5133720930236563,676.2594658195801
3.5139534883724934,676.2501175426339
3.5145348837213306,676.240765709622
3.5151162790701687,676.2314104246507
3.515697674419006,676.2220517053661
3.516279069767843,676.2126895511976
3.51686046511668,676.2033239573632
3.5174418604655173,676.1939539434757
3.518023255814355,676.1845790073471
3.518604651163192,676.1752010931891
3.5191860465120293,676.1658197152636
3.519767441860867,676.1564348673237
3.520348837209704,676.1470465430997
3.5209302325585417,676.1376563654927
3.521511627907379,676.1282625501206
3.522093023256216,676.1188657243946
3.522674418605053,676.1094653969668
3.523255813953891,676.100046231419
3.5238372093027284,676.0906091163666
3.5244186046515655,676.0811694074421
3.5250000000004027,676.0717266596515
3.52558139534924,676.0622808660278
3.526162790698078,676.0528320210433
3.526744186046915,676.0433801184982
3.5273255813957523,676.033925151433
3.5279069767445894,676.0244671216228
3.5284883720934266,676.0150060207592
3.5290697674422646,676.0055418437563
3.529651162791102,675.9960745623804
3.530232558139939,675.9866041678599
3.530813953488776,675.9771306816597
3.531395348837614,675.9676540986409
3.5319767441864514,675.9581744136476
3.5325581395352885,675.9486916215096
3.5331395348841257,675.9392056944133
3.533720930232963,675.929716643609
3.534302325581801,675.9202244700311
3.534883720930638,675.9107291684509
3.5354651162794752,675.9012307265073
3.5360465116283124,675.8917291470535
3.5366279069771496,675.882208919231
3.537209302325987,675.8726704515434
3.5377906976748243,675.8631297587668
3.5383720930236615,675.8535864116232
3.538953488372499,675.8440404031096
3.5395348837213363,675.8344917581051
3.540116279070174,675.8249404628923
3.540697674419011,675.8153865069568
3.5412790697678482,675.8058298851435
3.5418604651166854,675.7962705933239
3.5424418604655235,675.7867086282818
3.5430232558143606,675.7771439860348
3.543604651163198,675.7675766620823
3.544186046512035,675.7580066530805
3.544767441860872,675.7484339543664
3.54534883720971,675.7402863052174
3.5459302325585473,675.7325373992045
3.5465116279073845,675.7247862181149
3.5470930232562217,675.7170323929737
3.547674418605059,675.7092757564222
3.548255813953897,675.7015164485792
3.548837209302734,675.6937544480892
3.549418604651571,675.6859897504737
3.5500000000004084,675.6781994721027
3.5505813953492464,675.670398296468
3.5511627906980836,675.6625953650947
3.5517441860469208,675.6547902507269
3.552325581395758,675.646982955591
3.552906976744595,675.6391734761929
3.553488372093433,675.6313618083068
3.5540697674422703,675.6235479474456
3.5546511627911075,675.6157318909769
3.5552325581399447,675.6079136381043
3.555813953488782,675.6024729698102
3.5563953488376194,675.6010204720001
3.5569767441864566,675.5995661787704
3.5575581395352938,675.5981094889208
3.5581395348841314,675.598560497436
3.558720930232969,675.6018710514094
3.559302325581806,675.6051680539542
3.5598837209306433,675.6084362144743
3.5604651162794805,675.6118053499729
3.5610465116283176,675.6186720844698
3.5616279069771557,675.6250390401977
3.562209302325993,675.6304650954652
3.56279069767483,675.6347255613232
3.563372093023667,675.638766272339
3.5639534883725044,675.6445298026039
3.5645348837213424,675.6497933623409
3.5651162790701796,675.6540834713753
3.5656976744190167,675.657293415292
3.566279069767854,675.6599610799756
3.566860465116692,675.6641927696877
3.567441860465529,675.6684971113574
3.5680232558143663,675.6726204364182
3.5686046511632035,675.6760956367549
3.5691860465120406,675.6774659142565
3.5697674418608787,675.6736484770067
3.570348837209716,675.6671012873653
3.570930232558553,675.6602425899657
3.57151162790739,675.6533539350118
3.5720930232562274,675.646460584929
3.5726744186050654,675.6395649635316
3.5732558139539026,675.6326672232309
3.5738372093027397,675.6257673786245
3.574418604651577,675.6188654122224
3.575000000000414,675.6119612917786
3.5755813953492517,675.6050549641625
3.576162790698089,675.5981304003718
3.576744186046926,675.591186289889
3.5773255813957636,675.584241560858
3.5779069767446012,675.577293729939
3.5784883720934384,675.5703428743568
3.5790697674422756,675.5633875427282
3.5796511627911127,675.5564246314048
3.58023255813995,675.5494536491584
3.580813953488788,675.5424695126901
3.581395348837625,675.5354654958638
3.5819767441864623,675.5284325644884
3.5825581395352994,675.5213624738903
3.5831395348841366,675.5142549470767
3.5837209302329747,675.5071197500782
3.584302325581812,675.4999681036659
3.584883720930649,675.4928059458999
3.585465116279486,675.4856336757645
3.586046511628324,675.4784470285502
3.5866279069771614,675.4714605776024
3.5872093023259986,675.4674753433801
3.5877906976748357,675.4640290945088
3.588372093023673,675.4605503949697
3.588953488372511,675.4570517076015
3.589534883721348,675.453542835971
3.5901162790701853,675.450028745764
3.5906976744190224,675.4465115120075
3.5912790697678596,675.4429916493189
3.5918604651166977,675.4394702240064
3.592441860465535,675.4359461116162
3.593023255814372,675.4324200825367
3.593604651163209,675.4288907537858
3.5941860465120468,675.4253572043522
3.594767441860884,675.4218171770999
3.595348837209721,675.4182662285701
3.5959302325585583,675.4146949542504
3.596511627907396,675.4110801425973
3.5970930232562335,675.4073428422805
3.5976744186050706,675.4030246772045
3.598255813953908,675.3977292829736
3.598837209302745,675.3923445920851
3.599418604651582,675.3869562118175
3.60000000000042,675.381564909928
3.6005813953492574,675.3767725496442
3.6011627906980945,675.3719823464626
3.6017441860469317,675.3671893217648
3.602325581395769,675.3623934555235
3.602906976744607,675.3575947274359
3.603488372093444,675.3527931169397
3.6040697674422812,675.3479886032111
3.6046511627911184,675.3431811651557
3.6052325581399565,675.3383707814066
3.6058139534887936,675.3335574303185
3.606395348837631,675.3287410899616
3.606976744186468,675.3239217381171
3.607558139535305,675.3190993522711
3.608139534884143,675.3142739096089
3.6087209302329804,675.3094453870093
3.6093023255818175,675.3046137610388
3.6098837209306547,675.2997790079453
3.610465116279492,675.2949411036523
3.61104651162833,675.290100022547
3.611627906977167,675.2852557422945
3.6122093023260042,675.2804082365963
3.6127906976748414,675.2755574800086
3.613372093023679,675.2707034467297
3.613953488372516,675.2658461105907
3.6145348837213533,675.2609854450498
3.6151162790701905,675.2561214231825
3.615697674419028,675.2512540176748
3.6162790697678657,675.2463832008154
3.616860465116703,675.2415089444861
3.61744186046554,675.2366312201524
3.6180232558143772,675.2317499988586
3.6186046511632144,675.2268880447346
3.6191860465120524,675.2222854870017
3.6197674418608896,675.2179062687445
3.6203488372097268,675.2135801431203
3.620930232558564,675.2092503733671
3.621511627907402,675.2049169275492
3.622093023256239,675.2005797735533
3.6226744186050763,675.1962388786553
3.6232558139539135,675.1918942095838
3.6238372093027507,675.1875457325368
3.6244186046515887,675.1831934131746
3.625000000000426,675.1788372166035
3.625581395349263,675.1744771073633
3.6261627906981,675.170113049411
3.6267441860469374,675.165900841527
3.6273255813957754,675.1626920052522
3.6279069767446126,675.1595347267934
3.6284883720934498,675.1563736154166
3.629069767442287,675.1532086353769
3.6296511627911245,675.150039750325
3.630232558139962,675.1468669233019
3.6308139534887993,675.1436901167239
3.6313953488376365,675.1405092923663
3.6319767441864736,675.1373244113482
3.6325581395353113,675.1341354341131
3.6331395348841484,675.1309423204225
3.6337209302329856,675.1277450290856
3.6343023255818228,675.1245435177881
3.6348837209306604,675.12133774498
3.635465116279498,675.1181276674835
3.636046511628335,675.1149132413357
3.6366279069771723,675.1116944215811
3.6372093023260095,675.1084711621376
3.6377906976748466,675.1052433742284
3.6383720930236847,675.1020101837166
3.638953488372522,675.0987722686369
3.639534883721359,675.0955297254435
3.640116279070196,675.0922825025675
3.6406976744190342,675.0890305451494
3.6412790697678714,675.0857738005743
3.6418604651167086,675.0825119658792
3.6424418604655457,675.0792450999999
3.643023255814383,675.0759732909065
3.643604651163221,675.0726964830321
3.644186046512058,675.0694146190342
3.6447674418608953,675.0661276403921
3.6453488372097325,675.0628351701284
3.6459302325585696,675.0595372307492
3.6465116279074077,675.0562341479524
3.647093023256245,675.0529257049609
3.647674418605082,675.0496111533797
3.648255813953919,675.0462905591423
3.648837209302757,675.0429642140435
3.6494186046515944,675.0396320415912
3.6500000000004316,675.0362941746146
3.6505813953492687,675.0329505407786
3.651162790698106,675.0296010661062
3.6517441860469435,675.0262456749186
3.6523255813957807,675.0228839918688
3.652906976744618,675.0195159833692
3.653488372093455,675.0161418228267
3.6540697674422926,675.012761426904
3.6546511627911302,675.0093747103926
3.6552325581399674,675.0059815862768
3.6558139534888046,675.002581765036
3.6563953488376417,674.9991751491322
3.6569767441864798,674.9957612590341
3.657558139535317,674.9923405077457
3.658139534884154,674.9889128822587
3.6587209302329913,674.9854782822242
3.6593023255818284,674.9820366042823
3.6598837209306665,674.978587741823
3.6604651162795037,674.9751315854048
3.661046511628341,674.9716679416845
3.661627906977178,674.968196608264
3.662209302326015,674.9647176351438
3.662790697674853,674.9612307868348
3.6633720930236904,674.9577360482226
3.6639534883725275,674.9542332935575
3.6645348837213647,674.9507223897562
3.6651162790702028,674.9472031998264
3.66569767441904,674.9436755826301
3.666279069767877,674.9401393927092
3.6668604651167143,674.9365944801032
3.6674418604655514,674.9330406901431
3.668023255814389,674.9294778632395
3.6686046511632266,674.925905516668
3.669186046512064,674.9223231955183
3.669767441860901,674.9187313332802
3.670348837209738,674.9151297484324
3.6709302325585758,674.9115182532906
3.671511627907413,674.9078964801472
3.67209302325625,674.9042643827627
3.6726744186050873,674.9006217728177
3.673255813953925,674.8969684044055
3.6738372093027625,674.8933038560914
3.6744186046515996,674.8896281155824
3.675000000000437,674.885940909343
3.675581395349274,674.8822418850351
3.676162790698112,674.8785308991357
3.676744186046949,674.8748076987927
3.6773255813957864,674.8710718037056
3.6779069767446235,674.8673217745512
3.6784883720934607,674.8635586605337
3.6790697674422987,674.8597821426546
3.679651162791136,674.855991888019
3.680232558139973,674.8521875485835
3.6808139534888102,674.8483687607956
3.6813953488376474,674.84453514428
3.6819767441864855,674.8406862918768
3.6825581395353226,674.8368217769352
3.68313953488416,674.832941178147
3.683720930232997,674.8290440031418
3.684302325581835,674.8251297708239
3.684883720930672,674.8211979967679
3.6854651162795093,674.8172481430574
3.6860465116283465,674.8132796420389
3.6866279069771837,674.8092918938772
3.6872093023260213,674.8052842637967
3.687790697674859,674.8012560791769
3.688372093023696,674.7972066265535
3.6889534883725332,674.7931351294161
3.6895348837213704,674.7890407929473
3.690116279070208,674.7849227619158
3.690697674419045,674.7807801165394
3.6912790697678823,674.7766118723167
3.6918604651167195,674.7724169733252
3.6924418604655576,674.7681942845759
3.6930232558143947,674.7639425732783
3.693604651163232,674.7596605200687
3.694186046512069,674.7553467044801
3.694767441860906,674.7509995593817
3.6953488372097443,674.7466174089373
3.6959302325585814,674.7421986192765
3.6965116279074186,674.7377423777953
3.6970930232562558,674.7332479038404
3.697674418605093,674.7287143727457
3.698255813953931,674.7241409266541
3.698837209302768,674.7195266706168
3.6994186046516053,674.7148706712487
3.7000000000004425,674.7101719503265
3.7005813953492805,674.7054294771764
3.7011627906981177,674.7006421485419
3.701744186046955,674.6958089066391
3.702325581395792,674.6909321955549
3.702906976744629,674.6877495139432
3.7034883720934673,674.6866268685933
3.7040697674423044,674.6856750293117
3.7046511627911416,674.6846749710514
3.7052325581399788,674.6836253751271
3.705813953488816,674.6825248517608
3.7063953488376535,674.6813719355808
3.706976744186491,674.6801650799927
3.7075581395353283,674.6789026476253
3.7081395348841655,674.6775829013704
3.7087209302330026,674.6762040368477
3.7093023255818403,674.674764124058
3.7098837209306774,674.6732610981595
3.7104651162795146,674.671692795081
3.7110465116283518,674.6700569275176
3.71162790697719,674.6683509265554
3.712209302326027,674.6665721700348
3.712790697674864,674.6647179606856
3.7133720930237013,674.6627861482323
3.7139534883725385,674.6607752849034
3.7145348837213765,674.6583341652444
3.7151162790702137,674.6554651525746
3.715697674419051,674.6525446731822
3.716279069767888,674.6495716870813
3.716860465116725,674.6465451398248
3.7174418604655632,674.6434639454393
3.7180232558144004,674.6403272437437
3.7186046511632376,674.6371342287066
3.7191860465120747,674.6338840830782
3.719767441860913,674.6305759649833
3.72034883720975,674.627209002321
3.720930232558587,674.6237823007798
3.7215116279074243,674.6202949665833
3.7220930232562615,674.6167460614857
3.7226744186050995,674.6131343757581
3.7232558139539367,674.6094581080764
3.723837209302774,674.6057345794449
3.724418604651611,674.603047658915
3.725000000000448,674.6004864552524
3.725581395349286,674.5978589425605
3.7261627906981234,674.5951639091568
3.7267441860469606,674.592400266396
3.7273255813957977,674.5895668991657
3.7279069767446353,674.5866626122925
3.7284883720934725,674.5836861902638
3.7290697674423097,674.5805407016682
3.729651162791147,674.5772047934457
3.730232558139984,674.5738011799882
3.730813953488822,674.570328759712
3.731395348837659,674.5667863921682
3.7319767441864964,674.5631039973591
3.7325581395353336,674.5591919194827
3.7331395348841707,674.5552153406094
3.7337209302330088,674.5511732098513
3.734302325581846,674.5470646529643
3.734883720930683,674.5428225167186
3.7354651162795203,674.5383445915776
3.7360465116283574,674.5338089375293
3.7366279069771955,674.529214772248
3.7372093023260327,674.5245612161559
3.73779069767487,674.5197675675973
3.738372093023707,674.5147507723113
3.738953488372545,674.5096834487466
3.739534883721382,674.504564617402
3.7401162790702194,674.4993932461946
3.7406976744190565,674.4940597622851
3.7412790697678937,674.4885325883444
3.7418604651167318,674.4829621272391
3.742441860465569,674.4773471935773
3.743023255814406,674.4716865281785
3.7436046511632433,674.4658231418716
3.7441860465120804,674.4598141795984
3.744767441860918,674.4537688178999
3.7453488372097556,674.4476854857028
3.745930232558593,674.4415624954963
3.74651162790743,674.4353982597643
3.7470930232562676,674.4291920148557
3.7476744186051048,674.4229429806032
3.748255813953942,674.4166503505535
3.748837209302779,674.4103132526832
3.7494186046516162,674.4039305925531
3.7500000000004543,674.3975017514698
3.7505813953492915,674.3910254852755
3.7511627906981286,674.3845002641024
3.751744186046966,674.3779259440691
3.752325581395803,674.371301487936
3.752906976744641,674.3646261175353
3.753488372093478,674.3578991545743
3.7540697674423154,674.3511198912815
3.7546511627911525,674.3442875978486
3.7552325581399906,674.3374015206862
3.7558139534888277,674.3304608804127
3.756395348837665,674.3234648694312
3.756976744186502,674.3164126493648
3.7575581395353392,674.3093033476619
3.7581395348841773,674.3021360537613
3.7587209302330145,674.2949098147701
3.7593023255818516,674.2876236307169
3.759883720930689,674.2802764493243
3.760465116279526,674.2728671596485
3.761046511628364,674.2653945859253
3.761627906977201,674.2578574809854
3.7622093023260383,674.2502545235994
3.7627906976748755,674.2427605910632
3.763372093023713,674.2352878189724
3.7639534883725503,674.2276312614949
3.764534883721388,674.2200915199207
3.765116279070225,674.2131443093073
3.7656976744190622,674.2061626574407
3.7662790697679,674.1991148397735
3.766860465116737,674.1920006924208
3.767441860465574,674.1848204252749
3.7680232558144113,674.1775208717753
3.7686046511632485,674.1699749621982
3.7691860465120866,674.1623756073477
3.7697674418609237,674.1547234867708
3.770348837209761,674.147019016193
3.770930232558598,674.139262444447
3.771511627907435,674.1314538733278
3.7720930232562733,674.1235932864926
3.7726744186051104,674.115549027538
3.7732558139539476,674.1073429229358
3.7738372093027848,674.0990964354583
3.774418604651623,674.0908094330654
3.77500000000046,674.0824817586232
3.775581395349297,674.0741132366613
3.7761627906981343,674.0657036781615
3.7767441860469715,674.0572528838551
3.7773255813958095,674.0485146551976
3.7779069767446467,674.0397364420771
3.778488372093484,674.0309295436736
3.779069767442321,674.0220938507969
3.779651162791158,674.0132292517884
3.7802325581399963,674.0043356327992
3.7808139534888334,673.9954128781442
3.7813953488376706,673.9863250437487
3.7819767441865078,673.9770850246109
3.7825581395353454,673.9678297775522
3.7831395348841825,673.9585591065398
3.78372093023302,673.9492731273696
3.7843023255818573,673.9399716425689
3.7848837209306945,673.9306547630692
3.785465116279532,673.9212763326601
3.7860465116283692,673.9116567331941
3.7866279069772064,673.9020368475561
3.7872093023260436,673.8924166627189
3.7877906976748807,673.8827961626062
3.788372093023719,673.8731753296447
3.788953488372556,673.8635541444186
3.789534883721393,673.8539325854796
3.7901162790702303,673.8443106291176
3.7906976744190684,673.8346882491009
3.7912790697679055,673.8250654163752
3.7918604651167427,673.8154420986544
3.79244186046558,673.805818260354
3.793023255814417,673.7961938616312
3.793604651163255,673.7865688582792
3.7941860465120922,673.7769432010064
3.7947674418609294,673.7673168347796
3.7953488372097666,673.7576896980298
3.7959302325586037,673.7480617216579
3.796511627907442,673.7384328283474
3.797093023256279,673.7288029249294
3.797674418605116,673.7191719311024
3.7982558139539533,673.709539717505
3.798837209302791,673.6999061639889
3.7994186046516285,673.6902710718919
3.8000000000004657,673.6807112794621
3.800581395349303,673.6713120364677
3.80116279069814,673.6619106603739
3.8017441860469776,673.652506915643
3.802325581395815,673.6431330356891
3.8029069767446524,673.6339586135404
3.8034883720934896,673.6247807345837
3.8040697674423267,673.6155989132192
3.8046511627911643,673.6064125796448
3.8052325581400015,673.5974353018594
3.8058139534888387,673.5884690323139
3.806395348837676,673.5794957405618
3.806976744186513,673.5705143407278
3.807558139535351,673.5616805301039
3.808139534884188,673.552906709238
3.8087209302330254,673.5441205198161
3.8093023255818625,673.5353230612574
3.8098837209307006,673.5266071875684
3.8104651162795378,673.51800453494
3.811046511628375,673.5093860409336
3.811627906977212,673.5007524820074
3.8122093023260493,673.4921323986268
3.8127906976748873,673.4836927725908
3.8133720930237245,673.4752435551326
3.8139534883725617,673.466786996842
3.814534883721399,673.4583249201771
3.815116279070236,673.4498587782921
3.815697674419074,673.441389673517
3.816279069767911,673.4329184970437
3.8168604651167484,673.4244455642247
3.8174418604655855,673.4159715965981
3.818023255814423,673.4074967084815
3.8186046511632608,673.3990211459325
3.819186046512098,673.390545056126
3.819767441860935,673.3820685302063
3.8203488372097723,673.3735916414705
3.82093023255861,673.3651144352343
3.821511627907447,673.3566369451027
3.8220930232562846,673.3481591925506
3.822674418605122,673.3396811985144
3.823255813953959,673.3312029725088
3.8238372093027966,673.3227245227067
3.8244186046516337,673.3142458547841
3.825000000000471,673.3057669726364
3.825581395349308,673.2972878788793
3.826162790698146,673.2888085751482
3.8267441860469833,673.2803290620884
3.8273255813958205,673.2718493415505
3.8279069767446576,673.2633694114285
3.828488372093495,673.2548892405872
3.829069767442333,673.246408759351
3.82965116279117,673.2379280540345
3.830232558140007,673.229447106271
3.8308139534888443,673.220965917022
3.8313953488376815,673.2124844914937
3.8319767441865196,673.2040028407895
3.8325581395353567,673.1955209858351
3.833139534884194,673.1870389181782
3.833720930233031,673.1785566370685
3.8343023255818682,673.1700741417244
3.8348837209307063,673.161591431197
3.8354651162795435,673.1531085053393
3.8360465116283806,673.1446253624895
3.836627906977218,673.1361420024882
3.8372093023260554,673.1276584024532
3.837790697674893,673.1191744185429
3.83837209302373,673.1106901316155
3.8389534883725673,673.1022056478699
3.8395348837214045,673.0937209428038
3.840116279070242,673.0852359889008
3.8406976744190793,673.0767507860352
3.841279069767917,673.0682653688111
3.841860465116754,673.0597796985877
3.842441860465591,673.0512938043972
3.843023255814429,673.042807684574
3.843604651163266,673.0343213377328
3.844186046512103,673.0258347597578
3.8447674418609403,673.017347918076
3.8453488372097784,673.0088608486775
3.8459302325586155,673.0003735317342
3.8465116279074527,672.9918859535492
3.84709302325629,672.983398102581
3.847674418605127,672.9749099191032
3.848255813953965,672.9664214305034
3.8488372093028023,672.9579326169372
3.8494186046516394,672.9494434965807
3.8500000000004766,672.9409539673604
3.8505813953493138,672.9324641131429
3.851162790698152,672.9239738998347
3.851744186046989,672.9154834625576
3.852325581395826,672.9069927866366
3.8529069767446633,672.8985018712909
3.8534883720935014,672.8900107157405
3.8540697674423385,672.8815193192064
3.8546511627911757,672.8730276705852
3.855232558140013,672.8645357897502
3.85581395348885,672.856043659045
3.8563953488376876,672.8475512907938
3.8569767441865253,672.8390586752191
3.8575581395353624,672.830565804635
3.8581395348841996,672.8220726404709
3.8587209302330367,672.813579211005
3.8593023255818744,672.8050855098423
3.8598837209307115,672.796591536777
3.860465116279549,672.7880973041412
3.8610465116283863,672.7796028286858
3.861627906977224,672.7711081035625
3.862209302326061,672.7626131265525
3.8627906976748982,672.7541178970462
3.8633720930237354,672.7456243761446
3.8639534883725726,672.7371310630189
3.8645348837214106,672.7286386911546
3.865116279070248,672.7201472597362
3.865697674419085,672.7116555785593
3.866279069767922,672.7031636407029
3.8668604651167593,672.6946714450753
3.8674418604655973,672.6862014592508
3.8680232558144345,672.6777402643951
3.8686046511632717,672.669278817869
3.869186046512109,672.6608171120885
3.869767441860946,672.6523551461057
3.870348837209784,672.643892919545
3.8709302325586212,672.6354304314598
3.8715116279074584,672.6269676810931
3.8720930232562956,672.6185046639333
3.8726744186051336,672.6100413636254
3.873255813953971,672.6015777936119
3.873837209302808,672.5931139396444
3.874418604651645,672.5846498261152
3.8750000000004823,672.576185440854
3.87558139534932,672.5677207668384
3.8761627906981575,672.5592558281743
3.8767441860469947,672.5507906204372
3.877325581395832,672.5423251428814
3.877906976744669,672.5338593057288
3.8784883720935066,672.5253931225388
3.8790697674423438,672.5169266559793
3.8796511627911814,672.5084599990419
3.8802325581400186,672.4999931064208
3.880813953488856,672.4915259162135
3.8813953488376933,672.4830584605452
3.8819767441865305,672.474590729191
3.8825581395353677,672.466122721248
3.883139534884205,672.457653546913
3.883720930233043,672.4491707597186
3.88430232558188,672.4406877356653
3.884883720930717,672.4322045704592
3.8854651162795544,672.4237211430361
3.8860465116283915,672.4152374320278
3.8866279069772296,672.4067534360178
3.8872093023260668,672.3982691542503
3.887790697674904,672.38978458597
3.888372093023741,672.3812997304201
3.888953488372579,672.3728145868438
3.8895348837214163,672.3643291544838
3.8901162790702535,672.3558434325818
3.8906976744190906,672.3473574203789
3.891279069767928,672.3388711171156
3.891860465116766,672.3303845222187
3.892441860465603,672.3218976347118
3.89302325581444,672.3134104539871
3.8936046511632774,672.3049229578129
3.8941860465121145,672.2964350088245
3.894767441860952,672.2879467816446
3.8953488372097897,672.2794582580693
3.895930232558627,672.2709694373289
3.896511627907464,672.2624803186511
3.8970930232563017,672.2539909012614
3.897674418605139,672.2455011256476
3.898255813953976,672.2370107224173
3.8988372093028136,672.2285198195029
3.899418604651651,672.2200286635987
3.9000000000004884,672.2115372050459
3.9005813953493256,672.2030454430742
3.9011627906981627,672.1945533768804
3.901744186047,672.1860610056632
3.902325581395837,672.1775683286194
3.902906976744675,672.16907534494
3.9034883720935123,672.1605820538119
3.9040697674423495,672.1520884544162
3.9046511627911866,672.143594545925
3.905232558140024,672.1351003275136
3.905813953488862,672.1266057983404
3.906395348837699,672.1181109575606
3.906976744186536,672.1096158043205
3.9075581395353733,672.1011203377589
3.9081395348842114,672.0926245570026
3.9087209302330486,672.0841284610125
3.9093023255818857,672.0756320494188
3.909883720930723,672.0671353173057
3.91046511627956,672.0586382529449
3.911046511628398,672.0503493944249
3.9116279069772353,672.0420893468865
3.9122093023260724,672.0338287972527
3.9127906976749096,672.0255676732148
3.913372093023747,672.0173060998098
3.9139534883725844,672.00904399617
3.914534883721422,672.0007814168443
3.915116279070259,671.9925183568668
3.9156976744190963,671.984474444436
3.916279069767934,671.9764443201595
3.916860465116771,671.9684138236044
3.9174418604656083,671.9603829669803
3.918023255814446,671.9523517596331
3.918604651163283,671.9443201303673
3.9191860465121207,671.9362873775973
3.919767441860958,671.9282541146708
3.920348837209795,671.9204395471764
3.920930232558632,671.9126357046023
3.9215116279074693,671.9048315455548
3.9220930232563074,671.8970271216601
3.9226744186051445,671.8892225071734
3.9232558139539817,671.8814175442764
3.923837209302819,671.8736124527396
3.924418604651657,671.8658077931871
3.925000000000494,671.8582122155211
3.9255813953493313,671.850633460527
3.9261627906981684,671.8430537712679
3.9267441860470056,671.8354738353956
3.9273255813958436,671.827893559822
3.927906976744681,671.8203129420467
3.928488372093518,671.8127319794406
3.929069767442355,671.8051506692374
3.9296511627911923,671.7977594341992
3.9302325581400304,671.7903974321812
3.9308139534888675,671.7830332257298
3.9313953488377047,671.7756686654119
3.931976744186542,671.7683037421726
3.932558139535379,671.7609384517766
3.9331395348842166,671.7535727869905
3.9337209302330542,671.7462066705234
3.9343023255818914,671.7389992966196
3.9348837209307286,671.7318518722735
3.935465116279566,671.7247044985766
3.9360465116284034,671.7175597315938
3.9366279069772405,671.710414509926
3.937209302326078,671.7032598500299
3.9377906976749153,671.6960896416056
3.938372093023753,671.6889163982281
3.93895348837259,671.6817427196493
3.9395348837214272,671.6745685965097
3.9401162790702644,671.6673940198502
3.9406976744191016,671.6602189785903
3.9412790697679396,671.6530434657465
3.941860465116777,671.6458674686094
3.942441860465614,671.6386909757157
3.943023255814451,671.631513975693
3.943604651163289,671.6243364519502
3.9441860465121263,671.6171583263765
3.9447674418609635,671.6100435243294
3.9453488372098007,671.6048977937742
3.945930232558638,671.5997493884896
3.946511627907476,671.5945982964822
3.947093023256313,671.5894460235562
3.9476744186051502,671.5842931411462
3.9482558139539874,671.579139616649
3.9488372093028246,671.5739854190444
3.9494186046516626,671.5688305154972
3.9500000000005,671.5636748703988
3.950581395349337,671.5585184451735
3.951162790698174,671.553361197827
3.9517441860470117,671.5482030832638
3.952325581395849,671.5430440519332
3.9529069767446865,671.5378840501094
3.9534883720935237,671.5327230192322
3.954069767442361,671.5275608888641
3.9546511627911984,671.5223975588879
3.9552325581400356,671.517232968123
3.9558139534888728,671.5120670328738
3.9563953488377104,671.5068996611944
3.9569767441865475,671.5023547260388
3.957558139535385,671.4980721344697
3.9581395348842223,671.4937874251796
3.9587209302330595,671.490136728437
3.9593023255818967,671.486547089538
3.9598837209307347,671.4829828257616
3.960465116279572,671.4800660571017
3.961046511628409,671.477146488803
3.961627906977246,671.4743126668932
3.9622093023260834,671.4720446571505
3.9627906976749214,671.4697728205124
3.9633720930237586,671.4676193355458
3.9639534883725958,671.465976972184
3.964534883721433,671.4643292291946
3.96511627907027,671.4628036460736
3.965697674419108,671.4617607414712
3.9662790697679453,671.4607101111072
3.9668604651167825,671.4596508278543
3.9674418604656196,671.4585818831185
3.968023255814457,671.4575021777556
3.968604651163295,671.4564098177059
3.969186046512132,671.4553039456163
3.969767441860969,671.4541837661668
3.9703488372098064,671.4530482203132
3.970930232558644,671.451896459706
3.971511627907481,671.4507279740868
3.9720930232563187,671.4495426957893
3.972674418605156,671.4483410549823
3.973255813953993,671.4471240233239
3.9738372093028307,671.4458929834179
3.974418604651668,671.444649607189
3.975000000000505,671.4433956911901
3.9755813953493426,671.4421330023027
3.97616279069818,671.4408631539101
3.9767441860470174,671.4395875903288
3.9773255813958546,671.4383075089494
3.9779069767446917,671.4370238855762
3.978488372093529,671.435737497654
3.979069767442367,671.4344491649773
3.979651162791204,671.433158727997
3.9802325581400413,671.4318672985554
3.9808139534888785,671.4305746773364
3.9813953488377156,671.429281231296
3.9819767441865537,671.4279871194212
3.982558139535391,671.4273186085485
3.983139534884228,671.4267279221694
3.983720930233065,671.4261368783187
3.9843023255819023,671.4255455545125
3.9848837209307404,671.4252178075388
3.9854651162795776,671.4253062085994
3.9860465116284147,671.4253944426727
3.986627906977252,671.425482533495
3.98720930232609,671.425570447838
3.987790697674927,671.4261972658373
3.9883720930237643,671.4269410089042
3.9889534883726014,671.4276812409518
3.9895348837214386,671.4284209790005
3.990116279070276,671.4292811933892
3.9906976744191134,671.4306605705386
3.991279069767951,671.4320399265397
3.991860465116788,671.4334191855116
3.9924418604656253,671.4347983875408
3.993023255814463,671.4364850436993
3.9936046511633,671.4384843574974
3.9941860465121373,671.440483606619
3.994767441860975,671.4424828072653
3.9953488372098125,671.4444819515273
3.9959302325586497,671.4469198413574
3.996511627907487,671.449517433445
3.997093023256324,671.4521149862816
3.997674418605161,671.454712489845
3.998255813953999,671.4573099439004
3.9988372093028364,671.4599067004764
3.9994186046516735,671.4625035538727
4.000000000000511,671.4651002663344
